CID	Problem	Solution	problem_translated	solution_translated	summarization
483	ग्रामीण क्षेत्रों में मूलभूत विकास की आवश्यकता है इसके लिए हम इसके लिए हम आधारभूत चीजों की कमी को दूर करते हुए आने वाली समस्याओं को दूर करेंगे	ऐसी समस्याओं को तलाश करके उनको दूर करने का प्रयास करेंगे स्कूल अस्पताल आदि कॉलोनी में हम उनकी समस्याओं को दूर करते हुए विचार करेंगे	There is a need for basic development in rural areas. For this, we will address the lack of fundamental things and solve the problems that arise.	We will identify such problems and try to solve them. In places like schools, hospitals, and colonies, we will think about and work on resolving their issues.	The student identifies the need for basic development in rural areas and proposes to find and solve the fundamental problems faced by institutions like schools and hospitals to improve these communities.
102585	सतत विकास के सामाजिक, आर्थिक और पर्यावरणीय आयामों की अविभाज्यता पर जोर देते हुए, सतत विकास के लक्ष्यों में वैश्विक, राष्ट्रीय और स्थानीय स्तरों पर समावेशी नीतियों और प्रथाओं की वकालत की गई है। अपनी गैर-बाध्यकारी प्रकृति के बावजूद, सतत विकास लक्ष्यों ने वैश्विक बहसों, नीतिगत एजेंडा और संस्थागत प्राथमिकताओं को प्रभावित किया है, हालांकि परिवर्तनकारी परिवर्तन सीमित हैं। 2030 तक इन महत्वाकांक्षी लक्ष्यों को प्राप्त करने के लिए सहयोगी वित्तपोषण, तकनीकी नवाचार और मजबूत वैश्विक भागीदारी महत्वपूर्ण हैं।	"सतत विकास के एजेंडे 2030 को लोगों, ग्रह और समृद्धि के लिए एक व्यापक कार्य योजना के रूप में संदर्भित किया जाता है। यह सतत विकास के तीन स्तंभों सामाजिक, पर्यावरणीय और आर्थिक से सीधे संबंधित है। यह 17 लक्ष्यों, 168 लक्ष्यों और प्रगति को मापने के लिए 230 से अधिक संकेतकों से बना है। लक्ष्य सभी के लिए बेहतर और अधिक टिकाऊ भविष्य प्राप्त करने का खाका हैं। वे गरीबी, असमानता, जलवायु परिवर्तन, पर्यावरणीय गिरावट, शांति और न्याय सहित हमारे सामने आने वाली वैश्विक चुनौतियों का समाधान करते हैं।
 
 पिछले कुछ साल पूरी दुनिया के लिए बुरे सपने की तरह थे। खास तौर पर कोविड-19 हमारे लिए समाज के कंकालों में दरारों को उजागर करने वाले एक्स-रे की तरह रहा है। इसने हमें एहसास दिलाया है कि हम जिस रास्ते पर चल रहे थे, वह हमें कहीं नहीं ले जा रहा है, हमें अपना रास्ता बदलना होगा। अगर एक बात पक्की है तो वह यह है कि हमें अभी कार्रवाई करने की जरूरत है और विंस्टन चर्चिल ने एक बार कहा था, ""कभी भी किसी संकट को व्यर्थ न जाने दें"" और यह 2030 के एजेंडे पर भी लागू होता है। हमें अभी तुरंत कार्रवाई करने की जरूरत है।
 
 कोविड-19 महामा"	Emphasizing the inseparability of the social, economic, and environmental dimensions of sustainable development, inclusive policies and practices at global, national, and local levels have been advocated in the Sustainable Development Goals (SDGs). Despite their non-binding nature, the SDGs have influenced global debates, policy agendas, and institutional priorities, although transformative changes remain limited. Collaborative financing, technological innovation, and strong global partnerships are crucial to achieving these ambitious goals by 2030.	"The 2030 Agenda for Sustainable Development is referred to as a comprehensive action plan for people, planet, and prosperity. It directly relates to the three pillars of sustainable development: social, environmental, and economic. It consists of 17 goals, 168 targets, and over 230 indicators to measure progress. The goals provide a blueprint for achieving a better and more sustainable future for all. They address global challenges such as poverty, inequality, climate change, environmental degradation, peace, and justice.

The past few years have been like a nightmare for the whole world. Especially COVID-19 has acted like an X-ray revealing cracks in the skeleton of society. It made us realize that the path we were on was leading nowhere, and we need to change our direction. One thing is certain: we need to act now. Winston Churchill once said, ""Never let a good crisis go to waste,"" and this applies to the 2030 Agenda as well. We need immediate action.

COVID-19 pandemic..."	The problem highlights that sustainable development goals (SDGs) integrate social, economic, and environmental aspects globally, but despite their influence, transformative change is limited and requires cooperation and innovation to meet the 2030 targets. The solution describes the 2030 Agenda as a detailed plan with 17 goals addressing major global issues, emphasizing the urgent need for action especially highlighted by the COVID-19 crisis, which exposed societal weaknesses and the necessity to change course immediately.
74827	हमारे घर के बगल के एक व्यक्ति जिनका पुत्र बाहर में काम कर कुछ धनराशि अपने बहन की शादी के लिए अपने पिता को ऑनलाइन भेजा। परंतु उनके पिता से साइबर फ्रॉड ने सारी धनराशि निकालना लीं।	"ऑनलाइन सुरक्षा के लिए सुझाव
 1. अनजाने लिंक पर क्लिक न करें: अज्ञात स्रोतों से आए ईमेल या संदेशों में दिए गए लिंक पर क्लिक करने से बचें। ये लिंक आपके डिवाइस में मैलवेयर डाल सकते हैं या आपकी व्यक्तिगत जानकारी चोरी कर सकते हैं।
 2. व्यक्तिगत जानकारी साझा न करें: अपनी व्यक्तिगत जानकारी, जैसे कि आपका बैंक खाता नंबर, क्रेडिट कार्ड नंबर, या पासवर्ड, किसी के साथ भी साझा न करें।
 3. सुरक्षित वेबसाइटों का उपयोग करें: ऑनलाइन लेनदेन करते समय, सुनिश्चित करें कि आप एक सुरक्षित वेबसाइट पर हैं। वेबसाइट के URL में ""https"" और एक ताला की छवि देखें।
 4. पासवर्ड को मजबूत रखें: अपने ऑनलाइन खातों के लिए मजबूत और अनोखे पासवर्ड का उपयोग करें। अपने पासवर्ड को नियमित रूप से बदलना भी एक अच्छा विचार है।
 5. ऑनलाइन लेनदेन की निगरानी करें: अपने बैंक खातों और क्रेडिट कार्ड खातों की निगरानी करें और किसी भी अनहोनी या असामान्य गतिविधि की सूचना तुरंत अपने बैंक या क्रेडिट कार्ड कंपनी को दें।"	A person living next to our house had a son who sent some money online to his father for his sister's wedding. However, cyber fraudsters took all the money from the father.	"Suggestions for online security:
1. Do not click on unknown links: Avoid clicking on links in emails or messages from unknown sources. These links can install malware on your device or steal your personal information.
2. Do not share personal information: Do not share your personal information, such as your bank account number, credit card number, or password, with anyone.
3. Use secure websites: When doing online transactions, make sure you are on a secure website. Look for ""https"" and a lock icon in the website's URL.
4. Keep passwords strong: Use strong and unique passwords for your online accounts. It is also a good idea to change your passwords regularly.
5. Monitor online transactions: Keep an eye on your bank and credit card accounts and immediately report any suspicious or unusual activity to your bank or credit card company."	The problem is that a man sent money online for a family wedding, but cyber fraudsters stole all the money from his father. The solution suggests several online security tips, such as avoiding unknown links, not sharing personal information, using secure websites, keeping strong passwords, and monitoring transactions to prevent such fraud.
85784	"नेटवर्क समस्या- 1. ज्यादातर अंदरूनी क्षेत्रो में हमें नेटवर्क सम्बन्धी समस्याओ का सामना करना पड़ता है| 
  2. ग्रामीण क्षेत्रो में ज्यादातर बीएसएनएल के टावर लगे होते है जिसमे 2g में नेटवर्क चलता है जिससे विडियो अच्छे से देख नहीं पातें है |
  3. कुछ संवेदन्शील क्षेत्रो में नक्सलवाद की समस्या के कारण भी नेटवर्क की समस्या बनी रहती है|
 आर्थिक समस्या - 1. अधिकतर बच्चे पारिवारिक स्थिति आर्थिक रूप से कमजोर होने के कारण उनके पास मल्टीमीडिया मोबाइल उपलब्ध नहीं होता|
  2. यदि किसी के पास मोबाइल है भी तो वह समय पर रिचार्ज नहीं करा पाते है|
  3. बढ़ते रिचार्ज दर के कारण भी कई बच्चे रिचार्ज नहीं करा पाते है|
 इन्टरनेट का दुरुपयोग-1. कुछ बच्चे सभी सुविधाए उपलध होने के बाद भी इन्टरनेट का दुरूपयोग करते है|
  2. इन्टरनेट पर ज्यादा समय बिताने के कारण वे अपने परिवार को कम समय दे रहे है जिससे दुरिया बढ़ते जा रही है|"	"1. दूरस्थ इलाको में जहा नेटवर्क की समस्या है वह सामूहिक रूप से दूर-संचार विभाग में नया टावर लगाने के लिए आवेदन दिया गया |
 2 .माता-पिता को अपने बच्चों को उनकी रूचि के अनुसार अध्ययन कार्य करना चाहिए |
 3 बच्चों को इन्टरनेट का सदुपयोग करना सिखाना चाहिए |
 4.गरीबी रेखा के नीचे आने वाले बच्चों को फ्री इन्टरनेट सेवा मिलनी चाहिए |
 5.मोबाइल रिचार्ज की दर को कम करना चाहिए |"	"Network problems - 1. In most interior areas, we face network-related problems.
2. In rural areas, mostly BSNL towers are installed which operate on 2G network, so videos cannot be watched properly.
3. In some sensitive areas, due to the problem of Naxalism, network problems persist.
Economic problems - 1. Most children do not have multimedia mobile phones because their family's economic condition is weak.
2. Even if someone has a mobile, they cannot recharge it on time.
3. Due to increasing recharge rates, many children cannot recharge their phones.
Internet misuse - 1. Some children misuse the internet even after all facilities are available.
2. Spending too much time on the internet causes them to give less time to their family, which increases distance between them."	"1. In remote areas where there are network problems, a collective application has been submitted to the telecommunications department to install new towers.
2. Parents should encourage their children to study according to their interests.
3. Children should be taught to use the internet properly.
4. Children below the poverty line should receive free internet service.
5. Mobile recharge rates should be reduced."	The problem is poor network connectivity in remote and rural areas, economic difficulties preventing children from accessing multimedia mobiles and internet, and misuse of internet by some children. The solution includes applying for new network towers in remote areas, encouraging children to study according to their interests, teaching proper internet use, providing free internet to children below the poverty line, and reducing mobile recharge costs.
103191	दृष्टिहीन व्यक्तियों के लिए चश्मा का विकास एक महत्वपूर्ण तकनीकी कदम है । जिसमें अल्ट्रासोनिक सेंसर का उपयोग किया जा रहा है । यह चश्मा उन्हें अपने आस - पास की वस्तुओं का सही आकलन करने में मदद करता है खासकर उन परिस्थितियों में जहां दृष्टि की कमी होती है । अल्ट्रासोनिक सेंसर की मदद से यह चश्मा ध्वनि तरंगों का उपयोग करके वातावरण को समझता है और उपयोगकर्ता को रियल - टाइम से वस्तुओं की स्थिति और दूरी के बारे में सूचित करता है । अल्ट्रासोनिक सेंसर उच्च आवृत्ति वाली ध्वनि तरंगों का उपयोग करते हैं जब यह तरंगे किसी वस्तु से टकराती है तो वह वापस लौट आती है और सेंसर इसे मापता है यह जानकारी उपयोगकर्ता को विभिन्न प्रकार से दी जा सकती है जैसे वाइब्रेशन , ध्वनि संकेत या दोनों के संयोजन के माध्यम से ।	अंधे लोगों के लिए चश्मा बनाने में अल्ट्रासोनिक सेंसर का उपयोग एक उन्नत समाधान हो सकता है । यह चश्मा अल्ट्रासोनिक और इन्फ्रारेड तकनीकों का मिश्रण कर सकता है जिससे उपयोगकर्ता को आस - पास की वस्तुओं की जानकारी मिल सके । अल्ट्रासोनिक सेंसर से उपयोगकर्ता को आवाज या वाइब्रेशन के माध्यम से सूचित करती है । यह चश्मा अंधे लोगों के लिए बेहद फायदेमंद हो सकती है , क्योंकि इससे उन्हें आस - पास के अवरोधों जैसे दीवारों , स्टूल , टेबल्स या चलती गाड़ियों से अवगत कराता है । इसके अलावा यह उन्हें सड़कों पर चलने गंतव्य तक पहुंचाने और रास्ते में आने वाली बाधाओ से बचने में मदद करती है।	Developing glasses for visually impaired individuals is an important technological step. These glasses use ultrasonic sensors. They help users accurately assess objects around them, especially in situations where vision is limited. Using ultrasonic sensors, the glasses understand the environment by using sound waves and inform the user in real-time about the position and distance of objects. Ultrasonic sensors use high-frequency sound waves; when these waves hit an object, they bounce back and the sensor measures this. This information can be given to the user in various ways, such as vibration, sound signals, or a combination of both.	Using ultrasonic sensors to make glasses for blind people can be an advanced solution. These glasses can combine ultrasonic and infrared technologies to provide the user with information about nearby objects. The ultrasonic sensors notify the user through sound or vibrations. These glasses can be very beneficial for blind people because they alert them to nearby obstacles like walls, stools, tables, or moving vehicles. Additionally, they help users walk on roads, reach their destinations, and avoid obstacles along the way.	The problem is about creating glasses for visually impaired people that use ultrasonic sensors to detect nearby objects and inform the user through vibrations or sounds. The proposed solution is to develop glasses combining ultrasonic and infrared technology to alert blind users about obstacles and help them navigate safely to their destinations.
99806	अपने आसपास हमने यह काफी देखा है कि गर्मियों में टंकी का पानी गर्म हो जाता है और सर्दियों में टंकी का पानी ठंडा हो जाता है गर्मियों में अत्यधिक गर्मी और सर्दियों में अत्यधिक सर्दी	पानी की टंकी पर जुट की बोरी को लपेटकर उसके ऊपर कैल्शियम (हाइड्रोक्साइड)चूने का पानी व मिट्टी का लेप कर देंगे जिससे पानी का तापमान न तो कम होगा वह ना ही अधिक होगा जिससे टंकी का पानी का तापमान स्थिर रहेगा	We have often observed that in summers, the water in the tank becomes hot, and in winters, the water in the tank becomes cold. There is extreme heat in summers and extreme cold in winters.	By wrapping the water tank with a jute sack and then applying a coating of calcium hydroxide (lime water) and mud on top, the water temperature will neither decrease nor increase excessively, thus keeping the water temperature in the tank stable.	The problem is that water in tanks gets too hot in summer and too cold in winter. The solution is to insulate the tank by wrapping it with jute and applying a lime and mud coating to keep the water temperature stable throughout the year.
72571	"ರಾಸಾಯನಿಕ ಗೊಬ್ಬರ ಬಳಸದೆ ಸಾವಯವ ಕೃಷಿ ಮಾಡುವುದು 
 Zero cultivation."	"ತೋಟ ಹಾಗೂ ಹೋಲ ಗದ್ದೆ ಗಳಲ್ಲಿ ಸಾವಯವ ಹಾಗೂ ಕೊಟ್ಟಿಗೆ ಗೊಬ್ಬರ ಉಪಯೋಗಿಸುವುದು.
 ಹನಿ ನೀರಾವರಿ ಬಗ್ಗೆ ತಿಳಿಸುವುದು."	Doing organic farming without using chemical fertilizers, Zero cultivation.	Using organic and compost fertilizers in gardens and field plots. Informing about drip irrigation.	The problem is about practicing organic farming without using chemical fertilizers, called zero cultivation. The solution proposes using organic and compost fertilizers in gardens and fields and educating about drip irrigation to support this farming method.
85605	ಅಪಘಾತಗಳು ಸಂಭವಿಸುತ್ತವೆ,	ದನಕರುಗಳಿಗೆ ಆಹಾರವಾಗಿ ನೀಡುವುದು,ಸಾರ್ವಜನಿಕ ಸ್ಥಳಗಳಲ್ಲಿರುವ ಕಸದ ಡಬ್ಬಿಗೆ ಹಾಕುವುದು,ಔಷದಿಗಳಿಗೆ ಬಳಸಬಹುದು.	Accidents happen.	Giving it as food to animals, putting it in dustbins in public places, it can be used for medicines.	The problem is that accidents occur. The proposed solution suggests using waste by feeding it to animals, disposing of it properly in public dustbins, and using it for medicinal purposes.
100882	ನನ್ನ ಹಳ್ಳಿಯ ಸುತ್ತ ಚಿರತೆಗಳ ಕಾಟ, ಸಾಮಾನ್ಯವಾಗಿ ಕತ್ತಲೆಯ ಸ್ಥಳಗಳನ್ನು ಆರಿಸಿ ಪ್ರಾಣಿಗಳನ್ನು ಕೊಲ್ಲುತ್ತದೆ. ರಸ್ತೆಯ ಶಾಖವನ್ನು ವಿದ್ಯುತ್ ಶಕ್ತಿಯನ್ನಾಗಿ ಪರಿವರ್ತಿಸಿ ಉತ್ತಮ ಬೆಳಕಿನ ವ್ಯವಸ್ಥೆ ಮಾಡಿದರೆ ಚಿರತೆ ದಾಳಿ ತಪ್ಪಿಸಬಹುದು.	ರಸ್ತೆಯು ಸೂರ್ಯನ ಶಾಖವನ್ನು ಅತ್ಯುತ್ತಮವಾಗಿ ಹೀರಿಕೊಳ್ಳುತ್ತದೆ, ಸೌರಕೋಶಗಳನ್ನು ರಸ್ತೆಯ ಮೇಲೆ ಅಳವಡಿಸಿ ಅದರಿಂದ ಉತ್ಪತ್ತಿ ಯಾಗುವ ವಿದ್ಯುತ್ ಶಕ್ತಿಯನ್ನು ಬಳಸುವುದರಿಂದ ರಾತ್ರಿ ವಿದ್ಯುತ್ ಸಂಪರ್ಕ ಕಡಿತಗೊಂಡರೂ ಬೆಳಕು ಇರುವುದರಿ0ದ ಚಿರತೆಗಳ ದಾಳಿ ಕಡಿಮೆ ಮಾಡಬಹುದು.	In my village, the problem of leopards usually occurs in dark places where they kill animals. If the heat from the road is converted into electrical energy and a good lighting system is made, leopard attacks can be prevented.	The road absorbs the sun's heat very well. By installing solar cells on the road and using the electricity generated from them, even if the electricity connection is cut off at night, there will be light, which can reduce leopard attacks.	The student identifies that leopards attack animals in dark areas around their village. They propose installing solar cells on roads to convert heat into electricity to power lighting at night, thereby reducing leopard attacks by keeping the area illuminated even during power cuts.
49736	ಇಂಧನ ಉಳಿಸಿ, ಪರಿಸರ ನೈರ್ಮಲ್ಯ ಕಾಪಾಡಿ	ಇಂಧನದ ಬಳಕೆ ಕಡಿಮೆ ಮಾಡುವುದು, bicycle ಬಳಕೆ, ಅವಶ್ಯಕತೆ ಇದ್ದಾಗ ಮಾತ್ರ ವಾಹನ ಬಳಕೆ, ಸಾರ್ವಜನಿಕ ವಾಹನ ಬಳಕೆ ಸೋಲಾರ್ ಕಾರ್ ಬಳಕೆ	Save fuel, protect environmental cleanliness	Reduce fuel usage, use bicycles, use vehicles only when necessary, use public transportation, use solar cars	The problem is about saving fuel and protecting the environment. The solution suggests reducing fuel consumption by using bicycles, limiting vehicle use to necessary occasions, opting for public transport, and using solar-powered cars.
94191	Problem of ambulance	Ambulanceದಾರಿಯಲ್ಲಿ ಹೋಗುವಾಗ ಉಂಟಾಗುವ ತೊಂದರೆಯನ್ನು ತಪ್ಪಿಸಲು ಈ ಪರಿಹಾರ ಸೂಕ್ತವಾಗಿದೆ ಮತ್ತು ರೋಗಿಯನ್ನು ಜೋಪಾನವಾಗಿ ಕರೆದುಕೊಂಡು ಹೋಗುತ್ತದೆ	Problem of ambulance	This solution is suitable to avoid the problems that occur while traveling in an ambulance and carefully transports the patient.	The student identifies issues faced during ambulance travel and proposes a solution that ensures safe and careful transportation of the patient in the ambulance.
23590	இதில் எங்களுக்கு ஒரு பிரச்சினையும் இல்லை நாங்கள் எங்கள் சமுதாயத்திற்கு உதவி செய்ய முயன்றுகிறோம் இந்த உதவியை நாங்கள் முழு விருப்பத்துடன் கூடி செய்கிறோம் 👍🙂❤	அது நாங்கள் வேளாண்மை மற்றும் ஊரக வளர்ச்சிக்கும் உதவியாக இருக்கும் இதில் எந்த பிரச்சனையும் இல்லை 🙂	We do not have any problem with this. We are trying to help our community. We are doing this help with full willingness. 👍🙂❤	This will help agriculture and rural development. There is no problem with this. 🙂	The students express that they have no issues and are willingly helping their community. Their solution aims to support agriculture and rural development without any problems.
33304	எங்கள் ஊரில் இந்த பிரச்சனை உள்ளது.	"ஒரு வீடு அல்லது வங்கிகளிள் அதிகமாக திருட்டு நடக்கிறது இதற்கு என்ன தீர்வு ?
  
 ஒரு விட்டில் திருட்டு நடப்பதை காவல்துறைக்கு ""sensor"" முலமாக தானாகவே தெரிவிக்கும் ஒரு யோசனை ஆகும். 
 ஒரு ""laser"" முலமாக ""LDR""மிது laser படும்படி இருக்கு. அப்படி laserபடவிள்ளை என்றாள் காவல்துறைக்கு அபாய ஒலி கேட்கும். இப்பொளுது திருடன் வீட்டிற்குள் சென்று அந்த laser ldr மிது படாமல் திருடன் மிதுபடும் அதனால் காவல்துறைக்கு அபாய ஒலி கேட்கும். அதன் பின்னர் காவல்துறை அதிகாரிகள் திருடனை பிடித்து செல்வர்.
 வீடுகள் மற்றும் வங்கிகளிலும் அனைத்து இடங்களிளும் இருக்க வேண்டும்."	There is this problem in our village.	"There is a lot of theft happening in houses and banks. What is the solution for this?

The idea is to automatically alert the police department when theft happens in a house using a sensor.

A laser is directed onto an LDR (Light Dependent Resistor). If the laser beam is interrupted, an alarm sound is heard by the police department. Now, when a thief enters the house and crosses the laser beam on the LDR, the beam is broken, so an alarm sound is heard by the police. Then the police officers will catch the thief.

This system should be installed in houses, banks, and all places."	The problem is frequent thefts occurring in houses and banks in the village. The proposed solution is a sensor-based security system using a laser and LDR that triggers an alarm to notify the police when a thief interrupts the laser beam, helping catch the thief quickly.
41063	உங்களின் பாதுகாப்பு கண்காணிப்பு திறன்கள் மற்றும் சம்பவ பதிலளிப்பு நடைமுறைகளின் செயல்திறனை மதிப்பிட உதவும் அச்சுறுத்தல் நுண்ணறிவு-உந்துதல் எதிரி உருவகப்படுத்துதல்	"இணையப் பாதுகாப்பு என்பது இணையத் தாக்குதல்களில் இருந்து இணையத்துடன் இணைக்கப்பட்ட சாதனங்கள் மற்றும் சேவைகளைப் பாதுகாப்பதற்கான நடைமுறையாகும். சைபர் தாக்குதல்கள் மற்றும் அமைப்புகள், நெட்வொர்க்குகள் மற்றும் தொழில்நுட்பங்களின் அங்கீகரிக்கப்படாத சுரண்டல் ஆகியவற்றின் அபாயத்தைக் குறைக்க தொழில்நுட்பங்கள், செயல்முறைகள் மற்றும் கட்டுப்பாடுகளைப் பயன்படுத்துவதை உள்ளடக்கியது. 
 சைபர் செக்யூரிட்டி பாதுகாக்கிறது: ஃபிஷிங் திட்டங்கள், ransomware தாக்குதல்கள், அடையாள திருட்டு, தரவு மீறல்கள் மற்றும் நிதி இழப்புகள். 
 சில வகையான இணையப் பாதுகாப்பில் பின்வருவன அடங்கும்: 
 நெட்வொர்க் பாதுகாப்பு: நெட்வொர்க்குகள் முழுவதும் அனுப்பப்படும் தரவுகளின் ஒருமைப்பாடு மற்றும் ரகசியத்தன்மையைப் பாதுகாக்கிறது. இதில் ஃபயர்வால்கள், ஊடுருவல் கண்டறிதல் அமைப்புகள் மற்றும் மெய்நிகர் தனியார் நெட்வொர்க்குகள் (VPNகள்) ஆகியவை அடங்கும். 
 கிளவுட் பாதுகாப்பு: தரவு, பயன்பாடுகள் மற்றும் உள்கட்டமைப்புகள் உள்ளிட்ட கிளவுட் அடிப்படையிலான அமைப்புகளைப் பாதுகாக்கிறது. 
 பயன்பாட்டு பாதுகாப்பு: மென்பொருள் மற்றும் சாதனங்களை அச்சுறுத்தல்கள் இல்லாமல் வைத்"	Threat intelligence-driven adversary modeling to help assess your security monitoring capabilities and incident response procedures' effectiveness.	"Cybersecurity is the practice of protecting devices and services connected to the internet from cyberattacks. It involves using technologies, processes, and controls to reduce the risk of cyberattacks, unauthorized exploitation of systems, networks, and technologies. Cybersecurity protects against phishing schemes, ransomware attacks, identity theft, data breaches, and financial losses. Some types of cybersecurity include:

- Network security: Protects the integrity and confidentiality of data transmitted across networks. This includes firewalls, intrusion detection systems, and Virtual Private Networks (VPNs).
- Cloud security: Protects cloud-based systems including data, applications, and infrastructure.
- Application security: Keeps software and devices free from threats."	The problem is about using threat intelligence to evaluate security monitoring and incident response effectiveness. The solution explains cybersecurity practices that protect devices and data from cyberattacks, including network security, cloud security, and application security measures.
47937	*கிராம புறங்களில் தடையில்லா மின்சாரம் பெறுவது	மின்சாரத்தை உருவாக்குவதன் மூலம் தடையில்லா மின்சாரம் பெறுதல்	Obtaining uninterrupted electricity in rural areas.	Obtaining uninterrupted electricity by generating electricity.	The problem is about the difficulty of getting continuous electricity supply in rural areas. The proposed solution is to generate electricity locally to ensure uninterrupted power availability.
51310	வாகன ஓட்டும் போது தூங்குவதால் ஏர்ப்படும் விபத்துக்கள்	"வாகனம் ஒட்டுநர் சந்திக்கும் விளைவுகள் ;
  *வாகனம் ஒட்டுநர்கள் வாகனம் ஓட்டும் பொழுது உறங்குவதால் ஏர்ப்படும் விபத்துகள்.
 இதற்கான தீர்வுகள் ;
  *(Sensor) பயன்படுத்தி வாகனம் ஓட்டும் பொழுது வாகன ஓட்டிகள் (3)நொடிக்கு மேல் கண்களை மூடியிருந்தால் அவர் முகத்தில் நீர் தெலிக்குமாரு அமைத்தல் & ஒலி எலுப்புதல் மூலம் தூங்குவதை தவிர்க்க முடியும்"	Accidents caused due to sleeping while driving vehicles.	Consequences faced by vehicle drivers: *Accidents caused because drivers sleep while driving. Solutions for this: *Using a sensor to detect if the driver closes their eyes for more than 3 seconds while driving, a water spray device will spray water on the driver's face and an alarm sound will be activated to prevent sleeping.	The problem is accidents caused by drivers falling asleep while driving. The proposed solution is to use a sensor that detects if the driver closes their eyes for more than three seconds and then sprays water on their face and sounds an alarm to wake them up and prevent accidents.
101227	గృహ సంబంధ వ్యర్థాలు అనారోగ్య కారకాలు	గృహ సంబంధ చెత్త ని సరైన రీతిలో ఇంట్లోనే వేరు చేసి, డంపింగ్ యార్డుకు పంపినట్లైతే చెత్త నుండి విద్యుత్ను తయారు చేయవచ్చు. ఇందుకొరకు ప్రతి ఇంటిలో, గ్రామంలో ప్రతి ఒక్కరికీ అవగాహన కల్పించాలి.	Household waste causes health problems.	If household waste is properly segregated at home and sent to dumping yards, electricity can be produced from the waste. For this, awareness should be created among every individual in every household and village.	The problem is that household waste causes health issues. The proposed solution is to segregate waste properly at home and send it to dumping yards where it can be converted into electricity. Awareness should be raised among all people in the village and households to implement this.
44733	వ్యవసాయంలో రసాయన ఎరువుల వాడకం పురుగు మందుల వాడకం తగ్గించాలి	దీనికి పరిష్కారం ఏమిటంటే మనం మన పంట వ్యర్థాలను సేంద్రియ ఎరువుగా మార్చి పంట పొలాలకు ఎరువుగా వేయడం అదేవిధంగా రసాయన ఎరువులను తగ్గించి పంట వ్యర్థాలతో ఎరువుల తయారుచేసి ఎరువుగా పొలాలకు వేయడమే దీని యొక్క పరిష్కారం	The use of chemical fertilizers and pesticides in agriculture should be reduced.	The solution is to convert our crop waste into organic fertilizer and apply it to the crop fields as fertilizer. Similarly, by reducing chemical fertilizers and making fertilizers from crop waste to use in the fields, this problem can be solved.	The problem is the excessive use of chemical fertilizers and pesticides in farming. The student proposes to reduce these chemicals by converting crop waste into organic fertilizer and using it in the fields, thus promoting a natural and sustainable farming method.
98989	"డబ్బు సంపాదించడం ఒక విద్య 
 కానీ డబ్బును సరిగా ఖర్చు పెట్టడం ఒక కళ
 కానీ ప్రస్తుత రోజుల్లో వింత పోకడవల్ల ఆన్లైన్ షాపింగ్ 
 ఆఫర్ లో ఆఫ్లైన్ shooping అంటూ డబ్బు వృధా చేస్తున్నారు 
 ఒకప్పుడు షాపింగ్ అవసరాలు తీర్చేది ఇప్పుడు షాపింగ్ ఆడంబరాలు చూపించుకొనేది ఈవిధనవల్ల అత్యవసర పరిస్థితుల్లో డబ్బులేక ఎన్నో ఇబ్బందులు ఎదుర్కొంటున్నారు 
 డబ్బు ఆసరాలు తీర్చేది ఆపదలో ఆదుకొనేది అంతేకాని ఆడంబరాలమోసులో పడి అనవసర ఖర్చుతో డబ్బును సరైన రీతిలో ఖర్చు పెద్దడం లేదు కావున షాపింగ్ బెటర్ గా ఉండాలి అది ఇంర్లి వస్తువులు కానీ వేసుకునే దుస్తులుకని తినే తిండి కానీ ఏదైనా సరే choose బెటర్ లివ్ బెటర్"	వారు షాపింగ్ చేసిన వాటిలో నిజంగా ఏవిపయోగమో ఇవి నిరూపణ యోగమో తెలియ చేయడం	Earning money is a skill, but spending money properly is an art. Nowadays, due to strange habits, people are wasting money by considering online shopping offers as offline shopping. Earlier, shopping was to fulfill needs, but now it has become a way to show off luxury. Because of this, in urgent situations when money is needed, many face difficulties. Money is meant to meet needs and help in emergencies, but due to the illusion of luxury and unnecessary expenses, money is not being spent properly. Therefore, shopping should be better—it could be for daily items, clothes to wear, or food to eat—whatever it is, choose better to live better.	To show proof of what is truly useful among the items they have shopped for.	The student points out that people waste money on unnecessary shopping to show off, which causes problems during emergencies. They suggest a solution to help people identify and prove which purchased items are actually useful, encouraging better spending habits.
65400	ఎక్కువమంది ఏదో ఒక సందర్భంలో జేబులో నుంచి మొబైల్ పోగొట్టుకోవడం, కింద పడేసుకోవడం సర్వసాధారణంగా జరుగుతూ ఉంటుంది మరి ఈ సమస్యను ఏ విధంగా	ఫాంట్ పాకెట్లో కానీ షర్టు ప్యాకెట్లు ప్యాకెట్ కానీ ఒక బటన్ సెట్ చేసి అందులోనికి మొబైల్ అమర్చగానే బటన్ ని అటాచ్ చేసినట్లయితే మొబైల్ సేఫ్టీ గా మన పాకెట్లో ఉండిపోతుంది మనం పని చేసేటప్పుడు కానీ కిందికి వంగి ఏదైనా తీసుకున్నప్పుడు గాని మరి మన మొబైల్లో పడిపోకుండా జాగ్రత్తగా ఆ పాకెట్ లోనే పడిపోకుండా ఉండిపోతుంది మరి ఈ చిన్న టెక్నిక్ వల్ల ఎంత పెద్దగా జరిగే నష్టాన్ని కూడా మనము తొలగించుకొని ఈజీగా మనం ఆందోళన లేకుండా హ్యాపీగా ఉండవచ్చు ఓకేనా ఏమంటారు	Many people commonly lose their mobile phones from their pockets or drop them accidentally at some point. How can this problem be solved?	By attaching a button inside the front pocket, shirt pocket, or any pocket, and placing the mobile phone inside it so that the button is attached, the mobile phone will stay safely in our pocket. Whether we are working or bending down to pick something up, the phone will not fall out. This small technique can prevent a big loss, allowing us to stay happy and worry-free. What do you say?	The problem is that people often lose or drop their mobile phones from their pockets. The proposed solution is to attach a button inside the pocket to secure the phone, preventing it from falling out and avoiding loss or damage.
64518	"ప్రాంతాలు శ్రద్ధ కేంద్రీకరించాల్సినవి:
 
 1. పోషకాహారం గురించి సరైన అవగాహన లేకపోవడం.
 
 
 2. ప్రాసెస్‌డ్ మరియు జంక్ ఫుడ్‌పై ఆధారపడడం.
 
 
 3. సమయాభావం వల్ల ఇంట్లో వండిన ఆహారానికి ప్రాధాన్యత తగ్గడం.
 
 
 4. ఆరోగ్యకరమైన ఆహారం అందుబాటులో లేకపోవడం లేదా ఖరీదుగా ఉండటం.
 
 
 5. వ్యాధుల నివారణలో ఆహారపు ప్రాముఖ్యతపై సరైన మార్గదర్శకాలు లేకపోవడం.
 
 
 
 సమస్య పరిష్కారం కోసం దృష్టికోణాలు:
 
 పోషకాహారం గురించి అవగాహన కార్యక్రమాలు నిర్వహించడం.
 
 అందరికీ అందుబాటులో ఉన్న, పోషకతతో కూడిన ఆహార పదార్థాలు అందించేందుకు ప్రోత్సాహక ప్రణాళికలు రూపొందించడం.
 
 జంక్ ఫుడ్‌కు ప్రత్యామ్నాయంగా తేలికగా తయారు చేసుకునే ఆరోగ్యకరమైన రుచికర ఆహార ఎంపికలు అందించడం.
 సమయాభావం (Lack of Time"	"లోకల్ ఏరియాలో హెల్తీ న్యూట్రిషన్ ఫుడ్ అందుబాటులో లేకపోవడం అనేది ముఖ్యమైన సమస్యగా మారుతోంది. ఈ సమస్యను పరిష్కరించడానికి మీరు కొన్ని ప్రధాన చర్యలు తీసుకోవచ్చు:
 1. లభ్యతను పెంచడం ఆర్గానిక్ ఫార్మింగ్‌ను ప్రోత్సహించండి,ఫార్మర్స్ మార్కెట్లు 
 2. అవగాహన కార్యక్రమాలు. శిక్షణ కార్యక్రమాలు.స్కూల్స్ & కాలేజీల్లో అవగాహన 3. సులభమైన మరియు కిఫాయతైన డైట్ ప్లాన్లు,4. కార్పొరేట్ 5. ఆహార ప్రక్రియ పరిశ్రమ
 
 చిన్న స్థాయి హెల్తీ ఫుడ్ ప్రాసెసింగ్ యూనిట్స్‌ను ఏర్పాటు చేయడం ద్వారా పోషక ఆహారాన్ని అందుబాటులోకి తెచ్చుకోవచ్చు. ఎన్‌జివోల భాగస్వామ్యం
 6. స్మార్ట్ టెక్నాలజీ ఉపయోగం
 . 7. ప్రభుత్వ పాలసీలు పాఠశాలలు, హాస్పిటల్స్ వంటి ప్రదేశాల్లో పోషకాహారాన్ని తప్పనిసరి చేయడం.
 
 
 ఈ మార్గాల ద్వారా స్థానిక ప్రజలకు ఆరోగ్యకరమైన ఆహారాన్ని అందించడంలో మీరు సఫలీకృతం కావచ్చు.లోకల్ ఏరియాలో హెల్తీ న్యూట్రిషన్ ఫుడ్ సమస్యలను పరిష్కరించడంలో వివిధ స్థాయిల్లో వ్యక్తులు మరియు సంస్థలు సహాయపడుతున్నారు:
 
 1. స్థానిక రైతులు (Local Farmers) 2. ఎన్‌జీవోలు (NGOs) 
 3. ప్రభుత్వ సంస్థలు 
 4. స్వచ్ఛంద సేవకులు (Volunteers)
 
 5. కార్పొరేట్ సంస్థలు
 6. ఆరోగ్"	"Areas to focus on:

1. Lack of proper understanding about nutrition.

2. Dependence on processed and junk food.

3. Reduced preference for home-cooked food due to lack of time.

4. Unavailability or high cost of healthy food.

5. Lack of proper guidelines on the importance of food in disease prevention.

Approaches to solve the problem:

- Conduct awareness programs about nutrition.
- Develop incentive plans to provide nutritious food items accessible to everyone.
- Offer easy-to-prepare, healthy, and tasty food alternatives to junk food.
- Address lack of time issues."	"The unavailability of healthy nutrition food in the local area is becoming a major problem. To solve this issue, you can take several key actions:

1. Increase availability by promoting organic farming and farmers' markets.
2. Conduct awareness and training programs, especially in schools and colleges.
3. Provide simple and affordable diet plans.
4. Involve corporate sectors.
5. Engage the food processing industry.

By setting up small-scale healthy food processing units, nutritious food can be made accessible. Partner with NGOs.
6. Use smart technology.
7. Implement government policies to make nutrition mandatory in places like schools and hospitals.

Through these methods, you can succeed in providing healthy food to local people. Various individuals and organizations are helping at different levels to solve healthy nutrition food problems in the local area:

1. Local farmers
2. NGOs
3. Government agencies
4. Volunteers
5. Corporate organizations
6. Health-related groups"	The problem is that people lack proper knowledge about nutrition and rely on junk and processed foods, with healthy food often being unavailable or expensive. The proposed solution includes raising awareness, promoting organic farming and farmers' markets, setting up small healthy food processing units, involving NGOs, corporate sectors, and government policies to ensure nutritious food is accessible and affordable in local areas.
7533	ഏഴാം തരത്തിലെ ശാസ്ത്ര പുസ്തകത്തിലെ ഒന്നാമത്തെ യൂണിറ്റായ വിളയിക്കാം നൂറുമേനി എന്ന പാഠഭാഗത്തിലെ കാർഷീക വിളകൾ എങ്ങനെ മെച്ചപ്പെടുത്താം എന്ന ചർച്ചയിലാണ് ഇത്തരമൊരു പ്രൊജക്ട് ചെയ്യാനുള്ള പ്രേരണയായത്.കാവുകളിൽ മരങ്ങൾ വളങ്ങളൊന്നും ചേർക്കാതെ തന്നെ നല്ല രീതിയിൽ വളരുന്നു. നമ്മുടെ വീടുകളിലും മരങ്ങൾ വളർത്തിയാൽ കൂടുതൽ ഫലം കിട്ടും . കാവുകളുടെ തനത് സ്വഭാവം തൊടിയിലുള്ള സസ്യജാലങ്ങളിൽ പ്രയോഗിച്ചാൽ ആരോഗ്യമുള്ള ചെടികൾ വളർത്തിയെടുത്ത് മെച്ചപ്പെട്ട വിളകൾ വർധിപ്പിക്കാം.തെങ്ങ് മുതലായ സസ്യങ്ങൾക്ക് തടമെടുത്ത് വളം ചേർക്കുമ്പോൾ അവയുടെ വേരുകൾക്ക് ക്ഷതമേൽക്കുന്നു . അതിനാൽ അ വളപ്രയോഗം സസ്യങ്ങൾക്ക് മുഴുവനും ലഭിക്കുന്നില്ല . അതുകൊണ്ട് വിളവ് കുറയുന്നു. കാവുകളിൽ വേരുകൾ മുറിച്ചു കൊണ്ടുള്ള വളപ്രയോഗം നടക്കുന്നില്ല . അങ്ങനെ ചെയ്താൽ നാട്ടിൻ പുറങ്ങളിലെ സസ്യങ്ങളിൽ നല്ല രീതിയിൽ ഉൽപാദനം ഉണ്ടാക്കാൻ കഴിയും .	കാവുകളെപ്പോലെ നാട്ടിൻ പുറങ്ങളിലെ വൃക്ഷങ്ങളിൽ പുതയിടൽ സമ്പ്രദായം നടപ്പിലാക്കിയാൽ കൂടുതൽ വിളവ് ലഭിക്കും . ജാപ്പാനീസ് മാതൃകയായ ' മിയോ വാക്കി ' വനവൽക്കരണ പദ്ധതി പ്രകാരം ചുരുങ്ങിയ സ്ഥലത്ത് വനവൽക്കരണ പദ്ധതി നടപ്പിലാക്കാം.മണ്ണിന്റെ ഈർപ്പം സംരക്ഷിക്കാൻ മണ്ണിൻറെ ഫലഭൂയിഷ്ഠ തയും ആരോഗ്യവും മെച്ചപ്പെടുത്തൽ കളകളുടെ വളർച്ച കുറയ്ക്കൽ എന്നിവ പുതിയത് കൊണ്ടുള്ള പ്രയോജനമാണെന്ന് കൃഷി ഓഫീസറിൽ നിന്നും അഭിമുഖത്തിലൂടെ മനസ്സിലാക്കാൻ സാധിച്ചു. കാവ് സംരക്ഷണം , വനസംരക്ഷണം എന്നിവയുടെ പ്രാധാന്യം ജനങ്ങളിലേക്ക് എത്തിക്കാൻ ബോധവൽക്കരണ ക്ലാസുകൾ സംഘടിപ്പിച്ചു.	"The inspiration for this project came from a discussion in the first unit of the 7th-grade science textbook titled ""Let's Cultivate Hundredfold,"" about how to improve agricultural crops. In groves, trees grow well without adding any fertilizer. If we grow trees in our homes similarly, we can get better yields. If we apply the natural characteristics of groves to the surrounding plants, we can cultivate healthy plants and increase better yields. When we dig and add fertilizer to plants like coconut trees, their roots get damaged. Therefore, the fertilizer does not reach the entire plant, leading to reduced yield. In groves, fertilizer is applied without cutting roots. By doing this, we can produce good yields in plants outside the groves as well."	If we implement the traditional method of layering (puthayidal) in trees outside the groves, we can get higher yields. According to the Japanese model 'Miyawaki' afforestation project, afforestation can be done in a small area. From an interview with the agriculture officer, it was understood that preserving soil moisture, improving soil fertility and health, and reducing weed growth are benefits of this new method. Awareness classes were organized to educate people about the importance of grove and forest conservation.	The student noticed that trees in groves grow well without fertilizer, but applying fertilizer by digging roots in home plants causes damage and reduces yield. They propose using traditional layering methods and the Miyawaki afforestation technique to improve tree growth and yield outside groves, along with raising awareness about forest conservation.
60493	ഭൂകീഴ്പ്പുകൾ (Landslides) പ്രകൃതി ദുരന്തങ്ങളിൽ ഒരേതാണ്, ഇത് മനുഷ്യജീവിതത്തിന്, പ്രാപർട്ടിക്ക് വലിയ തകർച്ചകൾ ഉണ്ടാക്കുന്നു. ഇത്തരം ദുരന്തങ്ങൾ മുൻകൂട്ടി പ്രവചിക്കാൻ വളരെ പ്രയാസമാണ്. എന്നാൽ, അർദ്വിനോ (Arduino UNO) ഉപയോഗിച്ച് സെൻസറുകൾ, പ്രത്യേകിച്ച് വൈബ്രേഷൻ സെൻസർ (vibration sensor) മണ്ണിന്റെ ജലാംശം (soil moisture) സെൻസർ, ഉപയോഗിച്ച് ഭൂകീഴ്പ്പ് സാധ്യതകൾ തിരിച്ചറിയാനും GSM മൊഡ്യൂൾ വഴി SMS മുന്നറിയിപ്പ് അയയ്ക്കാനും ഒരു സംവിധാനത്തിന്റെ രൂപകൽപ്പന ചെയ്യുന്നത് ഈ പദ്ധതിയുടെ ലക്ഷ്യമാണ്. ഇത് ഭൂകീഴ്പ്പുകൾക്ക് മുമ്പ് മുന്നറിയിപ്പ് നൽകാൻ സഹായകമായിരിക്കും, ഒപ്പം പ്രാദേശിക എമർജൻസി പ്രാധാന്യങ്ങൾക്കും ഉയർന്ന സുരക്ഷയും ലഭ്യമാക്കും.	"ഞങ്ങളുടെ കണ്ടെത്തിയ പരിഹാരം Arduino UNO അടിസ്ഥാനമാക്കി ഒരു ഭൂകീഴ്പ്പ് മുന്നറിയിപ്പ് സിസ്റ്റം ആണ്. ഇത് GSM മൊഡ്യൂൾ, വൈബ്രേഷൻ സെൻസർ, മണ്ണിന്റെ ജലശേഷി സെൻസർ എന്നിവ ഉപയോഗിച്ച് പ്രവർത്തിക്കുന്നു.
 പ്രവർത്തന രീതി:
 വൈബ്രേഷൻ സെൻസർ ഭൂകീഴ്പ്പുകളുടെ അടയാളങ്ങൾ കണ്ടെത്തുന്നു, Arduino UNO ഇക്കാര്യങ്ങൾ പ്രോസസ്സ് ചെയ്ത്.
  Soil Moisture Sensor ഉപയോഗിച്ച് മണ്ണിന്റെ നാനാത്വം കണ്ടെത്തുകയും, GSM മൊഡ്യൂൾ വഴി SMS അയയ്ക്കുന്നു.
 
 ആരോട് സഹായിക്കുന്നു:
 
  പ്രാദേശിക സമുദായങ്ങൾ: ഭൂകീഴ്പ്പ് സാദ്ധ്യതകൾ മുൻകൂട്ടി അറിയപ്പെടുന്നുവെങ്കിൽ, ആളുകൾ സുരക്ഷിത സ്ഥലങ്ങളിലേക്ക് മാറാൻ കഴിയും.
  അടിയന്തര സേവനങ്ങൾ: രക്ഷാപ്രവർത്തകർക്ക് തത്സമയമായ സന്ദേശങ്ങൾ ലഭിക്കുകയും, അവർ ദ്രുതമായ പ്രവർത്തനം നടത്തുകയും ചെയ്യും.
 
 പരിഹാരത്തിന്റെ ഗുണങ്ങൾ:
 
  ഭൂകീഴ്പ്പുകൾക്ക് മുൻകൂട്ടി കണ്ടെത്തലും, നഷ്ടങ്ങൾ ഒഴിവാക്കൽ.
  പ്രാദേശിക സമുദായങ്ങൾക്ക് സുരക്ഷയും, അടിയന്തര സേവനങ്ങൾ വേഗത്തിൽ പ്രവർത്തന ശേഷിയും"	Landslides are one of the natural disasters that cause significant damage to human life and property. It is very difficult to predict such disasters in advance. However, the goal of this project is to design a system using Arduino UNO with sensors, especially a vibration sensor and a soil moisture sensor, to detect the possibility of landslides and send SMS warnings through a GSM module. This will help provide early warnings for landslides and also offer higher safety and priority for local emergency responses.	"Our proposed solution is a landslide warning system based on Arduino UNO. It works using a GSM module, vibration sensor, and soil moisture sensor.

Working method:
- The vibration sensor detects signs of landslides, and Arduino UNO processes this information.
- The soil moisture sensor measures the moisture content of the soil.
- The system sends SMS alerts via the GSM module.

Who it helps:
- Local communities: If landslide possibilities are known in advance, people can move to safer places.
- Emergency services: Rescuers receive immediate messages and can act quickly.

Benefits of the solution:
- Early detection of landslides and prevention of losses.
- Safety for local communities and faster response capability for emergency services."	The student identifies landslides as dangerous natural disasters that are hard to predict and cause severe damage. They propose a system using Arduino UNO with vibration and soil moisture sensors to detect landslide risks and send SMS alerts via a GSM module. This system aims to provide early warnings to local communities and emergency responders to improve safety and response times.
102214	നിസ്സാര കാര്യങ്ങൾക്ക് പോലും മരണത്തെ ക്ഷണിക്കുന്നു ഇന്നത്തെ കുഞ്ഞുങ്ങൾ..	കുട്ടികൾ എന്ത് ആവശ്യം പറഞ്ഞാലും അതിന്റെ വിലയോ മറ്റു സാഹചര്യങ്ങൾ നോക്കാതെ എല്ലാം കുട്ടികളിലേക്ക് എത്തിക്കുന്ന ആ അവസ്ഥ ഇല്ലാതാക്കണം... മാതാപിതാക്കൾ വേണ്ട സമയത്ത് സുഹൃത്താകാനും ശിക്ഷിക്കേണ്ട സമയത്ത് ശിക്ഷിക്കാനും കഴിയണം..	Today's children invite death even for trivial matters.	The situation where children get everything they ask for without considering its value or other circumstances should be eliminated. Parents should be able to be friends with their children when needed and also be able to punish them when necessary.	The problem is that children today take risks or invite danger even over small issues. The solution is to stop giving children everything they want without limits and for parents to balance being friendly and disciplinary as needed.
100623	"സ്കൂളിലെ ജൈവമാലിന്യം സംസ്കരണത്തിനൊരു പുതു മാതൃക ആവശ്യമാണ്.ഇപ്പോൾ ഉപയോഗിച്ചുപോരുന്ന രീതികൾ പൂർണ്ണമായും ഫലപ്രാപ്തിയുള്ളതല്ല.
 പുഴു,എലിശല്യം എന്നിവയുണ്ട്"	"അടുക്കളത്തോട്ടം സജ്ജമാക്കുക.
 തോട്ടത്തിൽ തൈകൾ ക്കിടയിൽ 30cmx30cm 30cm നാലഞ്ച് കുഴികൾ തയ്യാറാക്കുക..ഓരോ ദിവസത്തേയും ജൈവമാലിന്യം തോട്ടത്തിൽ ഭൂനിരപ്പിൽ നിന്ന് ഉയത്തികെട്ടിയ net boxൽ നിക്ഷേപിക്കുക.അടുത്ത ദിവസം കുഴിയിൽ നിക്ഷേ,പിച്ച് അതിനുമുകളിൽ 2cm കനത്തിൽ മണ്ണ് നിക്ഷേപിക്കുക.ഒരു കുഴി നിറഞ്ഞാൽ അടുത്തകുഴി.മുഴുവൻ കുഴികളും നിറഞ്ഞാൽ ആദ്യകുഴിയിലെ ജൈവവളം ചെടികൾക്ക് നൽകുക.ആവർത്തിക്കുക"	A new model is needed for the processing of organic waste in the school. The methods currently used are not fully effective. There are issues with worms and rats.	Prepare a kitchen garden. In the garden, dig pits measuring 30cm x 30cm x 30cm at intervals. Deposit the daily organic waste into a net box raised above ground level in the garden. The next day, transfer the waste into a pit and cover it with 2cm thick soil. When one pit is full, start filling the next pit. Once all pits are full, use the compost from the first pit to nourish the plants. Repeat this process.	The student identifies that the current organic waste processing methods in the school are ineffective and attract pests like worms and rats. They propose creating a kitchen garden with multiple pits to compost organic waste systematically, using raised net boxes and covering waste with soil, to produce compost for plants and improve waste management.
79071	തിരക്ക് പിടിച്ച ജീവിതത്തിൽ അമ്മമാർക്ക് വളരെ സഹായകമാവുന്ന ഒന്നാണ് മാജിക് തൊട്ടിൽ....	ഒരു സ്ത്രീ രാവിലെ എഴുന്നേൽക്കുന്നത് മുതൽ കര്മനിരതയാണ്... അവർ പലപ്പോഴും കൂടുതൽ പ്രാധാന്യം നൽകുന്നത് അവളുടെ മക്കളുടെയും ഭർത്താവിന്റെയും വീടിന്റെയും കാര്യങ്ങൾക്കാണ്... ഒരു ചെറിയ കുട്ടിയുള്ള സ്ത്രീ ആവുമ്പോൾ അവളുടെ ബുദ്ധിമുട്ട് പറഞ്ഞറിയിക്കുന്നതിനേക്കാൾ അപ്പുറത്തായിരിക്കും... കുട്ടിയെ ഉറക്കി കിടത്തിയ ശേഷം വീട്ടുജോലി തീർക്കാം എന്ന് കരുതുന്ന അമ്മമാർക്ക് ഉറക്കത്തിൽ കുട്ടികൾ പെട്ടെന്ന് ഉണരുന്നത് ഒരു വെല്ലുവിളിയാണ്.. അവരുടെ ജോലിക്ക് അതൊരു പ്രധാന തടസ്സം തന്നെയാണ്... അവിടെയാണ് ഞങ്ങളുടെ മാജിക് തൊട്ടിലിന്റെ പ്രാധാന്യം... കുട്ടി ഉറക്കത്തിനിടയിൽ പെട്ടന്ന് ഉണർന്നു കരയുമ്പോൾ മാജിക് തൊട്ടിൽ തനിയെ ആടുകയും കുട്ടി വീണ്ടും ഉറങ്ങുകയും ചെയ്യും... അത് അമ്മമാർക്ക് വളരെ സഹായകം തന്നെയാണ്... അവരുടെ മാനസിക സമ്മർദ്ദം നേരിയ തോതിലെങ്കിലും കുറക്കാൻ ഞങ്ങളുടെ മാജിക് തൊട്ടിൽ സഹായിക്കുന്നു	In the busy life, Magic Cradle is something very helpful for mothers.	A woman is busy with work from the moment she wakes up in the morning. She often gives more importance to her children, husband, and household matters. When a woman has a small child, her difficulties are beyond expressing. Mothers who think they can finish housework after putting the child to sleep face a challenge when the child wakes up suddenly while sleeping. This is a major obstacle to their work. This is where the importance of our Magic Cradle comes in. When the child wakes up suddenly and cries during sleep, the Magic Cradle rocks itself and the child sleeps again. This is very helpful for mothers. Our Magic Cradle helps to reduce their mental stress even to a small extent.	The problem is that mothers with small children face difficulties because their children often wake up suddenly during sleep, disrupting the mothers' work and increasing their stress. The proposed solution is the Magic Cradle, which automatically rocks the child back to sleep when they wake up and cry, helping mothers manage their household tasks and reducing their mental stress.
3	Project synopsis :- In many places, many goods are stolen from the grid like Copper plates, wires, aluminium and these goods are very expensive due to which there is a lot of loss. Dispute there has been a 24 hour security guard there, but theft happens because one security guard cannot Guard everywhere . Every item like Copper plates, wires etc are expensive and sometimes electricity is also stolen.	"We developed a system in which we will place mirrors in such a way that they can reflect the light and also place a laser light at one corner and also place a receiver in which there is an alarm which sounds when light is not received . 
 
 Because one security guard cannot Guard everywhere so, when we plays this system automatically when someone come inside from some other ways the alarm will sound and guard been alert .(https://youtu.be/gKJiCGNaAwg?si=xMmwyxQNDkwS7kD5)"	Project synopsis: In many places, valuable items like copper plates, wires, and aluminum are stolen from the grid. These items are very expensive, causing significant losses. Although there is a 24-hour security guard, theft still happens because one guard cannot watch everywhere. Items like copper plates and wires are costly, and sometimes electricity is also stolen.	We developed a system where mirrors are placed to reflect light, a laser light is set at one corner, and a receiver with an alarm is installed. The alarm sounds when the light is interrupted or not received. Since one security guard cannot guard everywhere, this system automatically triggers the alarm if someone enters through other ways, alerting the guard.	The problem is theft of expensive items like copper plates and wires despite having a security guard. The proposed solution is a laser and mirror-based alarm system that detects unauthorized entry by breaking the light beam, alerting the guard automatically.
12	"The ""Bus Safety System: Protecting Kids & Pedestrians"" is an innovative solution designed to enhance safety around buses, particularly for children and other pedestrians who might be at risk when a bus is stationary. This system addresses a critical safety issue: when a bus is stopped, children or pedestrians may walk in front of the bus, potentially putting themselves in danger if the driver cannot see them. Our system utilizes simple yet effective technology to prevent such accidents and ensure a safer environment.
 Problem Statement
 When a bus stops, especially in areas where visibility is limited, children might walk in front of the bus without the driver's knowledge. This can lead to dangerous situations where the bus might accidentally move forward, potentially causing accidents. To address this problem, a reliable and responsive safety system is needed to alert both the driver and the pedestrians."	"Our solution is the ""Bus Safety System: Protecting Kids & Pedestrians,"" which aims to enhance safety around stationary buses. It uses IR sensors mounted at the front of the bus to detect the presence of pedestrians. When a pedestrian is detected, the system activates a buzzer and a red visual light to alert the driver. Simultaneously, a playback module announces a pre-recorded message, ""Please move away from the front of the bus,"" to notify pedestrians. Additionally, the system integrates with the bus’s control to prevent movement if a pedestrian is detected. This solution helps children, pedestrians, and drivers by providing clear, immediate alerts and preventing accidents. It ensures that pedestrians are aware of their proximity to the bus and prevents the bus from moving until the area is clear, thereby addressing visibility issues and enhancing overall safety."	"The ""Bus Safety System: Protecting Kids & Pedestrians"" is an innovative solution designed to improve safety around buses, especially for children and pedestrians who may be at risk when a bus is stopped. The problem is that when a bus stops, children or pedestrians might walk in front of it without the driver's knowledge, which can be dangerous if the bus moves forward accidentally. There is a need for a reliable safety system to alert both the driver and pedestrians in such situations."	"Our solution, the ""Bus Safety System: Protecting Kids & Pedestrians,"" enhances safety around stationary buses by using IR sensors mounted at the front to detect pedestrians. When someone is detected, a buzzer and a red light alert the driver, and a playback module announces, ""Please move away from the front of the bus,"" to notify pedestrians. The system also integrates with the bus controls to prevent the bus from moving if a pedestrian is detected. This helps prevent accidents by providing clear alerts and stopping the bus until the area is safe."	This innovation addresses the danger of children and pedestrians walking in front of stopped buses without the driver's awareness. The proposed system uses infrared sensors to detect pedestrians, alerts both the driver and pedestrians with sounds and lights, and prevents the bus from moving until the area is clear, thereby improving safety around buses.
30	sugarcane like crops are not easy to cut	We are making a project that can easily cut the sugarcane it helps farmers and it reduce the work load.	Sugarcane-like crops are not easy to cut.	We are making a project that can easily cut sugarcane. It helps farmers and reduces their workload.	The problem is that sugarcane-like crops are difficult to cut. The student proposes a project to create a tool or machine that can easily cut sugarcane, helping farmers by reducing their workload.
52	In some war there are some people who faces problem to kill the enemies fast by the missile truck	Our team are creating a special machine which can help soldiers to fight	In some wars, there are people who face problems killing enemies quickly using missile trucks.	Our team is creating a special machine that can help soldiers to fight.	The problem is that soldiers find it difficult to kill enemies quickly using missile trucks in wars. The proposed solution is to create a special machine to assist soldiers in fighting.
208	In hotels, hospitals, and other large facilities, drying clothes efficiently is essential due to the high volume of laundry processed daily. Typically, clothes are placed outside in the sun to dry, but sudden or unexpected rainfall leads to all of these clothes getting soaked again. This situation causes considerable inconvenience, as the entire drying process is disrupted, making it challenging to keep up with daily laundry demands. Additionally, staff are burdened with the task of constantly checking for rain and rushing to bring clothes inside, which wastes time and effort. This frequent issue results in inefficiency in laundry management, adding unnecessary delays and workload.	To address the stability and balance issues of conventional modes of transportation like bicycles and motorcycles, the development of self-balancing bikes offers a promising solution. Self-balancing bikes use advanced technologies to enhance stability and safety, making them more accessible and safer for inexperienced riders. Self-balancing bikes can use gyroscopes to detect and counteract tilts, helping to maintain balance automatically.	In hotels, hospitals, and other large facilities, drying clothes efficiently is important because a large amount of laundry is processed daily. Usually, clothes are dried outside in the sun, but sudden or unexpected rain causes all the clothes to get wet again. This creates a lot of problems since the drying process is interrupted, making it hard to keep up with daily laundry needs. Also, staff have to keep checking for rain and quickly bring the clothes inside, which wastes time and effort. This frequent problem causes inefficiency in managing laundry and adds unnecessary delays and extra work.	To solve the stability and balance problems of traditional transportation like bicycles and motorcycles, self-balancing bikes have been developed. These bikes use advanced technology to improve stability and safety, making them easier and safer to ride for people without much experience. Self-balancing bikes use gyroscopes to detect tilting and automatically adjust to keep balance.	The problem is that in large facilities, drying clothes outside is disrupted by unexpected rain, causing delays and extra work. The proposed solution is to use self-balancing bikes with gyroscopes to improve stability and safety for riders, although this solution seems unrelated to the laundry drying problem.
345	Natural Farming is a multilingual half yearly publication by National Centre for Organic an Natural Farming. Articles havindirect relevance Natural Farming technology and its regulatory mechanism, development of package of practices, success stories, news related to conferences, seminars etc.	"Natural Farming can be defined as “chemical- free farming and livestock based"". Soundly grounded in agro-ecology, it is a diversified farming system that integrates crops, trees and livestock, allowing the optimum use of functional biodiversity. Natural Farming holds the promise of enhancing farmers’ income while delivering many other benefits, such as restoration of soil fertility and environmental health, and mitigating and/or reducing greenhouse gas Substantial increase in input costs has led to decline in crop income over the years. The price of urea, DAP and potash has risen by60% - 600 % in last decade. Though, per hectare real value of output increased foremost crops in recent years, but the rise in input cost was much higher, resulting into reduced farm income. Moreover, green revolution technology is now contemplated to be degrading the agro-ecosystem: and diminishing the economic returns for the farmers. Several studies have shown that chemical fertilizer and pesticides ."	Natural Farming is a multilingual half-yearly publication by the National Centre for Organic and Natural Farming. The articles have indirect relevance to Natural Farming technology and its regulatory mechanisms, development of packages of practices, success stories, and news related to conferences, seminars, etc.	"Natural Farming can be defined as ""chemical-free farming and livestock based."" Firmly grounded in agro-ecology, it is a diversified farming system that integrates crops, trees, and livestock, allowing the optimum use of functional biodiversity. Natural Farming promises to increase farmers' income while providing many other benefits, such as restoring soil fertility and environmental health, and mitigating or reducing greenhouse gas emissions. A substantial increase in input costs has led to a decline in crop income over the years. The prices of urea, DAP, and potash have risen by 60% to 600% in the last decade. Although the real value of output per hectare increased for major crops in recent years, the rise in input costs was much higher, resulting in reduced farm income. Moreover, Green Revolution technology is now considered to be degrading the agro-ecosystem and diminishing economic returns for farmers. Several studies have shown that chemical fertilizers and pesticides..."	The problem is that increasing input costs and reliance on chemical fertilizers and pesticides have reduced farmers' incomes and harmed the environment. The solution proposed is Natural Farming, a chemical-free, diversified farming system integrating crops, trees, and livestock, which can improve soil health, reduce greenhouse gases, and increase farmers' income.
372	Nowadays thefts are very much in the society. They are robbering the homes, offices, banks etc. So controlling theft in the society.	Anti theft alram is a sensor based it detects the when theft is going to theft the materials in home iffice also in a banks.	Nowadays, thefts are very common in society. Thieves are robbing homes, offices, banks, etc. So, controlling theft in society is necessary.	An anti-theft alarm is sensor-based; it detects when a theft is about to happen in homes, offices, and banks.	The problem is frequent thefts in homes, offices, and banks. The solution proposed is a sensor-based anti-theft alarm that detects and prevents thefts in these places.
713	Liquid waste can become especially challenging and hazardous when not handled effectively, as it can cause issues due to its ability to spread quickly and pollute large areas with minimal contact. Waste can occur in many forms and requires special methods of disposal to ensure safety and prevent contamination.in our socity water is polluted due to varies reason	"Root Zoning. Root zoning is a process that is used to handle liquid waste or wastewater from homes and businesses. ...
  Solidification. ...
  Composting. ...
  Sedimentation. ...
  De watering. ...
  Incineration."	Liquid waste can become especially challenging and hazardous when not handled effectively, as it can cause issues due to its ability to spread quickly and pollute large areas with minimal contact. Waste can occur in many forms and requires special methods of disposal to ensure safety and prevent contamination. In our society, water is polluted due to various reasons.	"Root Zoning: Root zoning is a process used to handle liquid waste or wastewater from homes and businesses.
Solidification.
Composting.
Sedimentation.
De-watering.
Incineration."	The problem is that liquid waste is hazardous and can quickly pollute water in society due to various reasons. The proposed solution includes several methods to manage and treat liquid waste, such as root zoning, solidification, composting, sedimentation, de-watering, and incineration, to prevent contamination and ensure safety.
752	Road light project	Road light project	Road light project	Road light project	The student has submitted a project titled 'Road light project' but has not provided any additional details about the problem or the solution.
825	"Hydroponic farming can face a number of challenges, including: 
 High setup cost: Setting up a hydroponic system can be expensive, especially for large-scale systems. 
 Constant power supply: Hydroponic systems need electricity to run continuously. 
 Maintenance and monitoring: Growers need to be vigilant to avoid component failure. 
 Common problems: Some common problems include wilting, dead roots, system clogging, infestation, and nutrient deficiencies"	"Problem: Wilting
 
 It can be due to several factors such as less irrigation or high temperature, where the plant loses its rigidity, and leaves start drying.in our project automatic mobile controlled drip irrigation is used.this is managed from our house and controled thousands of hydroponic plants in one time .
 
  
 
 Solution: You should let your roots dry between each irrigation cycle. A backup pump should always be handy if the operating one gets fail because the plants can wilt quickly without water supply.
 
  
 
 Problem: Dead Roots
 
 There are many reasons for dead roots like high temperature of water, very high or very low EC, overwatering in dense substrates, and others. Dead roots can also be a sign of root rot pathogen infecting the system.
 
  
 
 Solution: First, you should remove the plants having dead roots and then regulate the water temperature accordingly to increase aeration. Regular cleaning and sanitization of the system can eliminate the pathogen."	"Hydroponic farming can face a number of challenges, including:
- High setup cost: Setting up a hydroponic system can be expensive, especially for large-scale systems.
- Constant power supply: Hydroponic systems need electricity to run continuously.
- Maintenance and monitoring: Growers need to be vigilant to avoid component failure.
- Common problems: Some common problems include wilting, dead roots, system clogging, infestation, and nutrient deficiencies."	"Problem: Wilting

Wilting can be caused by several factors such as insufficient irrigation or high temperature, where the plant loses its rigidity and leaves start drying. In our project, automatic mobile-controlled drip irrigation is used. This system is managed from our house and can control thousands of hydroponic plants at one time.

Solution: You should let your roots dry between each irrigation cycle. A backup pump should always be available in case the operating one fails because plants can wilt quickly without water supply.

Problem: Dead Roots

There are many reasons for dead roots like high water temperature, very high or very low electrical conductivity (EC), overwatering in dense substrates, and others. Dead roots can also be a sign of root rot pathogen infecting the system.

Solution: First, you should remove the plants having dead roots and then regulate the water temperature accordingly to increase aeration. Regular cleaning and sanitization of the system can eliminate the pathogen."	The student identifies challenges in hydroponic farming such as wilting and dead roots caused by factors like improper irrigation, temperature, and pathogens. They propose a mobile-controlled automatic drip irrigation system to manage watering efficiently and recommend drying roots between irrigation cycles, using backup pumps, removing affected plants, regulating water temperature, and regular system cleaning to address these problems.
876	Our school is facing drinking water scarcity since long.. Tape water is not available in the school.our school manages water by buckets or by tankers.. The Village in which school is located has been divided into three habitations or Mohlas Dodder Mohala,Khoja Mohlas And Raja Mohlas.. The School is located in Raja Mohla which is situated on High altitude as compared to the other two habitations or Mohlas.Two habitations among the three recieve frequent supply of tap water but the School habitation couldn't receive enough water to full fill the demand of water in the school.. Due this problem the inhabitants of the School habitation and School itself suffers a lot.	The village have about 10 natural water springs excreting pure crystal clear water continuously.The water flows 24×7 and gets wasted due to miss management.If that water is collected in a well constructed water bowl at spring site,then lifted through water pump and supplied to the school and inhabitants of school habitation.. water crisis in the school and school habitation will resolve for ever in the area.	Our school has been facing a drinking water shortage for a long time. Tap water is not available in the school. Our school manages water using buckets or tankers. The village where the school is located is divided into three habitations or Mohallas: Dodder Mohalla, Khoja Mohalla, and Raja Mohalla. The school is located in Raja Mohalla, which is situated at a higher altitude compared to the other two habitations. Two of the habitations receive frequent tap water supply, but the school habitation does not receive enough water to meet the school's demand. Because of this problem, the residents of the school habitation and the school itself suffer a lot.	The village has about 10 natural water springs that continuously produce pure, crystal-clear water. The water flows 24×7 and is wasted due to mismanagement. If this water is collected in a well-constructed water reservoir at the spring site, then lifted through a water pump and supplied to the school and the inhabitants of the school habitation, the water crisis in the school and the school habitation will be resolved forever in the area.	The school faces a long-term shortage of drinking water because it is located in a high-altitude area that does not receive enough tap water, unlike nearby habitations. The proposed solution is to collect water from nearby natural springs, store it properly, and pump it to the school and local residents, which would permanently solve the water scarcity problem.
940	rajasthan main water ki kami hai	Drip Irrigation:- faldaal podho bagicho avm vraksho main pani dene ka sarvotam tarika hai. isse podho ko boond boond karke jal prapt hota hai	There is a shortage of water in Rajasthan.	Drip Irrigation: It is the best method to provide water to fruit plants, gardens, and trees. It supplies water to the plants drop by drop.	The problem is water scarcity in Rajasthan. The proposed solution is to use drip irrigation, which efficiently delivers water drop by drop to plants, saving water and helping plants grow.
950	This project may give solution to burning problem of drying clothes in rainy season. As iam hosteler I unable to dry my clothes in rainy season	"Rain sensor detects rain and sends signals to arduino
 Arduino activates relay module
 Relay module control Motor to close/open water resistant cover
 Clothes are protected form rain"	This project may provide a solution to the pressing problem of drying clothes during the rainy season. As I am a hostel resident, I am unable to dry my clothes in the rainy season.	A rain sensor detects rain and sends signals to an Arduino. The Arduino activates a relay module. The relay module controls a motor to close or open a water-resistant cover. Clothes are protected from rain.	The student identifies the difficulty of drying clothes during the rainy season, especially for hostel residents. Their solution uses a rain sensor connected to an Arduino to automatically control a motorized water-resistant cover that protects clothes from rain.
1827	मैं अभी एक हफ्ते के लिए मनाली टूर में फैमिली के साथ गया थाl इस टूर में हमारा आधे से ज्यादा सफर ट्रेन में हुआ, जिससे मैं ट्रेन में यह देखा कि सफर के दौरान हमारे रिजर्वेशन सीट के पास ही ट्रेन का टॉयलेट था जिसमें से गंदी बदबू आ रही थी जब मैं बाथरुम गया तब वहां देखा की टॉयलेट में बहुत ज्यादा गंदगी थी लोग टॉयलेट का उपयोग करके फ्लश(पानी का उपयोग ) किए बिना बाहर आ जाते थे जिसके कारण बदबू न केवल टॉयलेट में बल्कि पास की बोगी में भी होने लगा l	हमारी टीम ने इस समस्या को सुलझाने के लिए यहां एक आसान तरीका ढूंढा जिसमें हमने टॉयलेट के फ्लश को और टॉयलेट के दरवाजा को इस तरह से मैनेज किया की अगर व्यक्ति टॉयलेट को फ्लश किए बिना चला जाता है तो जैसे ही वह दरवाजा खोलेगा फ्लश ऑटोमेटिक ऑन हो जाएगा और फ्लश के कंप्लीट होने के कुछ सेंकड बाद दरवाजा वापस लॉक हो जाएगा l जिससे ट्रेन के सभी यात्रियों को टॉयलेट जाने में सुविधा होगी l	I recently went on a one-week tour to Manali with my family. During this tour, more than half of our journey was by train. While traveling on the train, I noticed that near our reserved seat there was a train toilet emitting a foul smell. When I went to the bathroom, I saw that the toilet was very dirty. People were using the toilet and leaving without flushing (using water), which caused the bad smell not only inside the toilet but also in the nearby train coach.	Our team found an easy way to solve this problem by managing the toilet flush and the toilet door in such a way that if a person leaves the toilet without flushing, as soon as they open the door, the flush will automatically turn on. After the flush is complete, the door will lock again after a few seconds. This will make it convenient for all train passengers to use the toilet.	The problem is that train toilets near the reserved seats become very dirty and smelly because passengers do not flush after use. The proposed solution is an automatic flush system linked to the toilet door, which flushes automatically when the door is opened, ensuring cleanliness and convenience for all train passengers.
2428	हमारी समस्या यह है कि कई बार लोगों के घर में सिलेंडर खत्म हो जाता है तो और उस वक्त दूसरे घर से लाने में दिक्कत होती है इस विषय पर है।	इस समस्या का सुझाव हमने बहुत अच्छी तरीके से की है। हमारी टीम ने सिलेंडर के ऊपर एक मीटर लगाया है। उस मीटर से पता चलता रहे की सिलेंडर के अंदर कितनी गैस बाकी है इससे बहुत सारे घरों के अंदर मदद भी होगी मदद इसलिए होगी कि जब उनके के घर में सिलेंडर खत्म होने वाला होगा तो वह लोग पहले से ही एक सिलेंडर खरीद लेंगे।अतः यह हमारी समस्या का सुझाव है।	Our problem is that often the gas cylinder at home runs out, and at that time it becomes difficult to get another one from a different house.	We have come up with a very good solution to this problem. Our team has installed a meter on the cylinder. This meter shows how much gas is left inside the cylinder. This will help many households because when their cylinder is about to finish, they can buy a new one in advance. Hence, this is our solution to the problem.	The problem is that gas cylinders often run out at home, and it is hard to get a replacement quickly. The proposed solution is to install a meter on the cylinder that shows how much gas is left, so people can know in advance and buy a new cylinder before it runs out.
2535	पौधों को पानी देने के लिए कुशल और विश्वसनीय प्रणालियों की कमी से या तो ज़रूरत से ज़्यादा पानी या कम पानी मिल सकता है, जो पौधों के स्वास्थ्य, विकास और उपज पर प्रतिकूल प्रभाव डालता है। सौर पैनलों द्वारा संचालित नमी सेंसर एक समाधान प्रदान कर सकते हैं, लेकिन उनके कार्यान्वयन में चुनौतियाँ उनकी प्रभावशीलता और विश्वसनीयता को सीमित कर सकती हैं। पारंपरिक सिंचाई विधियों पर निर्भरता अक्सर कृषि और बागवानी में अकुशल जल उपयोग की ओर ले जाती है, जिसके परिणामस्वरूप पौधों को ज़रूरत से ज़्यादा पानी या कम पानी मिल पाता है। जबकि सौर पैनलों द्वारा संचालित नमी सेंसर वास्तविक समय की मिट्टी की नमी के स्तर के आधार पर पानी देने को स्वचालित करने के लिए एक आशाजनक समाधान प्रदान करते हैं, कई चुनौतियाँ उनकी प्रभावशीलता में बाधा डालती हैं। इन चुनौतियों में असंगत सौर ऊर्जा आपूर्ति, अंशांकन समस्याएँ, तकनीकी विफलताएँ और उपयोगकर्ता की समझ की कमी शामिल है। नतीजतन, इसका परिणाम पौधों के खराब स्वास्थ्य, संसाधन की बर्बादी, आर्थिक नुकसान और पर्यावरण क्षरण होता है। विश्वसनीयता और दक्षता को बढ़ाने की सख्त ज़रूरत है।	"प्रस्तावित समाधान एक एकीकृत सौर-संचालित नमी सेंसर सिंचाई प्रणाली है जो वास्तविक समय की मिट्टी की नमी के स्तर के आधार पर पानी देने की प्रक्रिया को स्वचालित करती है। यह प्रणाली उन्नत नमी सेंसर, कुशल सौर पैनल और स्मार्ट सिंचाई तकनीकों को जोड़ती है ताकि संसाधनों की बर्बादी को कम करते हुए इष्टतम संयंत्र जलयोजन सुनिश्चित किया जा सके।
 यह कैसे काम करता है...1. नमी सेंसर: - स्थापना: नमी की मात्रा को सटीक रूप से मापने के लिए मिट्टी में विभिन्न गहराई पर नमी सेंसर लगाए जाते हैं।
 2. सौर ऊर्जा आपूर्ति: - सौर पैनल। उच्च दक्षता वाले सौर पैनल नमी सेंसर और सिंचाई प्रणाली को शक्ति प्रदान करते हैं। वे सूर्य के प्रकाश के संपर्क को अधिकतम करने के लिए तैनात किए जाते हैं, जिससे विश्वसनीय ऊर्जा उत्पादन सुनिश्चित होता है। - ऊर्जा भंडारण: एक रिचार्जेबल बैटरी दिन के दौरान उत्पन्न अतिरिक्त ऊर्जा को बादल मौसम या रात के समय सिस्टम को शक्ति प्रदान करने के लिए संग्रहीत करती है।3. डेटा प्रोसेसिंग और सिंचाई नियंत्रण: 4, उपयोगकर्ता इंटरफ़ेस
 ,यह किसकी मदद करता है
 1. किसान और कृषि श्रमिक:
 2. माली और बागवानी विशेषज्ञ
 3, शहर"	Due to the lack of efficient and reliable systems for watering plants, either too much or too little water may be given, which adversely affects the health, growth, and yield of the plants. Solar panel-powered moisture sensors can provide a solution, but challenges in their implementation can limit their effectiveness and reliability. Dependence on traditional irrigation methods often leads to inefficient water use in agriculture and gardening, resulting in plants receiving either excess or insufficient water. While solar panel-powered moisture sensors offer a promising solution to automate watering based on real-time soil moisture levels, several challenges hinder their effectiveness. These challenges include inconsistent solar energy supply, calibration issues, technical failures, and lack of user understanding. Consequently, this results in poor plant health, resource wastage, economic loss, and environmental degradation. There is a strong need to improve reliability and efficiency.	"The proposed solution is an integrated solar-powered moisture sensor irrigation system that automates the watering process based on real-time soil moisture levels. This system combines advanced moisture sensors, efficient solar panels, and smart irrigation techniques to ensure optimal plant hydration while minimizing resource wastage.

How it works:
1. Moisture Sensors: Installed at various depths in the soil to accurately measure moisture levels.
2. Solar Power Supply:
   - Solar Panels: High-efficiency solar panels power the moisture sensors and irrigation system. They are positioned to maximize exposure to sunlight, ensuring reliable energy production.
   - Energy Storage: A rechargeable battery stores excess energy generated during the day to power the system during cloudy weather or at night.
3. Data Processing and Irrigation Control.
4. User Interface.

Who it helps:
1. Farmers and agricultural workers.
2. Gardeners and horticulture experts.
3. Urban users."	The problem is that inefficient watering systems cause plants to get too much or too little water, harming their health and growth. Solar-powered moisture sensors could help but face challenges like inconsistent energy and technical issues. The student proposes a solar-powered irrigation system with moisture sensors, solar panels, and energy storage to automate watering based on real-time soil moisture, improving water use efficiency and plant health. This system benefits farmers, gardeners, and urban users by providing reliable and efficient irrigation.
2539	शहर में कई लोग ट्रैफिक सिग्नल के पास बिना सिग्नल के ही चले जाते हैं जिससे दुर्घटना होने की आशंका रहती है इसके लिए हमने स्मार्ट ट्रैफिक सिस्टम बनाया है जो एक ही सिग्नल को ही जाने देता है उसके बाद बाकी सिग्नल बंद हो जाता है जिससे घटना होने की संभावना बहुत कम हो जाती है	स्मार्ट ट्रैफिक सिस्टम में अगर सिग्नल बाय साइड की और है तो वह ऑटोमेटिक बाकी सभी रास्तों को गेट के द्वारा बंद कर देता है जिससे कोई भी गाड़ी सवार व्यक्ति बिना सिग्नल के रास्ता पार नहीं कर सकता है जिससे सिग्नल पर होने वाले घटनाएं को बहुत ही काम किया जा सकता है क्योंकि एक ही साइड से वाहनों का जाना हो सकता है जिससे उनके टकराने की संभावना बहुत ही काम हो जाएगी और सड़क में होने वाली घटनाओं को कम किया जा सकता है जिससे मनुष्य की जनहानि बहुत कम होगी यह मनुष्य के लिए बहुत लाभदायक है खासकर वाहन चलाने वालों के लिए यह हमारे प्रोजेक्ट का एक आइडिया है जिसे हमने प्रोटोटाइप के रूप में बनाया है यह ट्रैफिक संबंधित होने वाली दुर्घटनाओं को बहुत काम कर देता है यही स्मार्ट ट्रैफिक सिस्टम है	In the city, many people cross traffic signals without waiting for the signal, which increases the risk of accidents. To address this, we have created a smart traffic system that allows only one signal to be active at a time, while the other signals remain off, greatly reducing the chances of accidents.	In the smart traffic system, if the signal is on one side, it automatically closes all other routes using gates, so no vehicle or person can cross without the signal. This greatly reduces incidents at signals because vehicles can move only from one side at a time, minimizing the chances of collisions and road accidents. This helps reduce human casualties and is very beneficial, especially for drivers. This is the idea of our project, which we have developed as a prototype. It significantly reduces traffic-related accidents. This is the smart traffic system.	The problem is that people often cross traffic signals improperly, causing accidents. The proposed solution is a smart traffic system that activates only one signal at a time and uses gates to block other routes, preventing vehicles from crossing without permission. This system aims to reduce accidents and save lives by controlling traffic flow more effectively.
2821	"औद्योगिक कार्यशालाओं में, आरा मशीनों का उपयोग आम तौर पर सामग्री काटने के लिए किया जाता है। हालाँकि, ये मशीनें ऑपरेटरों के लिए महत्वपूर्ण सुरक्षा जोखिम पैदा करती हैं, जिसमें आकस्मिक हाथ की चोट एक बड़ी चिंता का विषय है। आपातकालीन स्टॉप बटन या सुरक्षात्मक गार्ड जैसे पारंपरिक सुरक्षा तंत्र दुर्घटनाओं को रोकने के लिए पर्याप्त तेज़ी से प्रतिक्रिया नहीं कर सकते हैं।
 
 इस परियोजना का उद्देश्य एक *अल्ट्रासोनिक सेंसर* और *Arduino* का उपयोग करके एक *वास्तविक समय सुरक्षा प्रणाली* को डिज़ाइन और कार्यान्वित करना है। यदि कोई वस्तु (जैसे ऑपरेटर का हाथ) आरा ब्लेड के **30 सेमी* के भीतर आती है, तो सिस्टम स्वचालित रूप से आरा मशीन को रोक देगा, जिससे संभावित चोटों को रोका जा सकेगा। इसके अतिरिक्त, अतिरिक्त सुरक्षा के लिए एक *मैनुअल आपातकालीन स्टॉप बटन* एकीकृत किया जाएगा। मोटर केवल तभी संचालन फिर से शुरू करेगी जब वस्तु निर्दिष्ट सुरक्षा दूरी से आगे बढ़ जाएगी।1. ब्लेड के 30 सेमी के भीतर किसी वस्तु या हाथ का पता चलने पर आरा मोटर को रोककर दुर्घटनाओं को रोकें।"	"हमारा समाधान एक *स्वचालित सुरक्षा प्रणाली* है जो ब्लेड के *30 सेमी* के भीतर किसी वस्तु या हाथ के आने पर आरा मोटर को रोक देती है। यह प्रणाली एक *अल्ट्रासोनिक सेंसर (HC-SR04), **Arduino UNO, और एक **रिले मॉड्यूल* का उपयोग करके बनाई गई है जो आरा ब्लेड का अनुकरण करने वाली 5V DC मोटर को नियंत्रित करती है। इसके अतिरिक्त, एक *आपातकालीन स्टॉप बटन* तत्काल शटडाउन के लिए मैन्युअल नियंत्रण प्रदान करता है।
 ### *समाधान कैसे काम करता है:*
 1. *ऑब्जेक्ट डिटेक्शन:*
 - यदि ऑपरेटर का हाथ *30 सेमी* के भीतर आता है, तो तरंगें वापस उछलती हैं, और Arduino गणना करता है कि यदि दूरी *30 सेमी* से कम है, तो Arduino मोटर को *बंद* करने के लिए **रिले मॉड्यूल* को ट्रिगर करता है।
 2. *स्वचालित मोटर नियंत्रण:*- यदि 30 सेमी के भीतर कोई हाथ नहीं पाया जाता है, तो मोटर सामान्य रूप से चलती है।
  3. *आपातकालीन स्टॉप बटन:*
 
 *समाधान किसकी मदद करता है:*
 1. मशीन ऑपरेटर:
 
 2. कार्यशाला प्रबंधक और पर्यवेक्षक:
 
 3. कंपनी के मालिक:
 
 *समाधान समस्या का समाधान कैसे करता है:*
 दुर्घटना की रोकथाम: स्वचालित नियंत्रण: न्यूनतम डाउनटाइम:बेहतर सुरक्षा"	"In industrial workshops, saw machines are commonly used for cutting materials. However, these machines pose significant safety risks to operators, with accidental hand injuries being a major concern. Traditional safety mechanisms like emergency stop buttons or protective guards may not respond quickly enough to prevent accidents.

The aim of this project is to design and implement a real-time safety system using an ultrasonic sensor and Arduino. If any object (such as the operator's hand) comes within 30 cm of the saw blade, the system will automatically stop the saw machine, preventing potential injuries. Additionally, a manual emergency stop button will be integrated for extra safety. The motor will only resume operation when the object moves beyond the specified safety distance.

1. Prevent accidents by stopping the saw motor when any object or hand is detected within 30 cm of the blade."	"Our solution is an automatic safety system that stops the saw motor when any object or hand comes within 30 cm of the blade. This system is built using an ultrasonic sensor (HC-SR04), Arduino UNO, and a relay module that controls a 5V DC motor simulating the saw blade. Additionally, an emergency stop button provides manual control for immediate shutdown.

### How the solution works:
1. Object Detection:
- If the operator's hand comes within 30 cm, ultrasonic waves bounce back, and the Arduino calculates the distance. If it is less than 30 cm, the Arduino triggers the relay module to turn off the motor.
2. Automatic Motor Control:
- If no hand is detected within 30 cm, the motor runs normally.
3. Emergency Stop Button:
- Provides manual immediate shutdown.

*Who the solution helps:*
1. Machine operators
2. Workshop managers and supervisors
3. Company owners

*How the solution solves the problem:*
Prevents accidents through automatic control, minimizes downtime, and improves safety."	The problem is that saw machines in workshops pose serious risks of accidental hand injuries, and traditional safety measures may not react quickly enough. The proposed solution uses an ultrasonic sensor and Arduino to detect if a hand or object comes within 30 cm of the saw blade and automatically stops the machine to prevent injuries. It also includes a manual emergency stop button for added safety. This system helps operators, supervisors, and owners by enhancing safety and reducing accidents.
5947	यदि कही किसी दुर्घटना से आग लग जाय और यदि इसका सही समय में समाधान न किया जाय तो यह भयंकर रूप धारण कर लेती है। यदि किसी जगह पर आग लग जाती है और हमे उसका पता नही है तो यह धीरे धीरे विशाल रूप धारण कर लेता है जहा आग लगा है उसके साथ आस पास का पूरा क्षेत्र बर्बाद हो जाता है।	"हमने इस समस्या के समाधान के लिए एक स्मार्ट डिवाइस जिसका नाम है फायर अलर्ट सिस्टम का निर्माण किया है। यह स्मार्ट उपकरण है यह जिस नंबर से कनेक्ट है उसे नंबर पर आग लग जाने पर मैसेज और कॉल करता है जिससे हमें पता चल जाता है आग लगी है और हम फायर ब्रिगेड के पास कॉल कर सकते हैं और इसे होने वाले भयंकर परिणाम को रोक सकते हैं।
 यह फायर या स्मोक को डिटेक्ट करता है उसके बाद अलर्ट सिग्नल भेजता है। हम दुनिया के किसी भी कोने पर होंगे हमे इसका मैसेज,कॉल प्राप्त होगा।"	If a fire breaks out due to an accident and it is not resolved in time, it can become very dangerous. If a fire starts somewhere and we are not aware of it, it gradually spreads and becomes large, destroying the entire surrounding area where the fire started.	To solve this problem, we have created a smart device called the Fire Alert System. This smart device is connected to a phone number and sends a message and call to that number when a fire breaks out, so we get to know about the fire and can call the fire brigade to prevent severe damage. It detects fire or smoke and then sends an alert signal. No matter where we are in the world, we will receive its message and call.	The problem is that fires can spread and cause great damage if not detected early. The proposed solution is a smart Fire Alert System that detects fire or smoke and immediately sends messages and calls to a connected phone number, allowing quick notification and response to prevent major damage.
6869	भूकंप एक प्राकृतिक आपदा है जो किसी भी समय और किसी भी स्थान पर आ सकती है।	भूकंप अलार्म भूकंप आने के समय बजने लगता है जिससे समय रहते लोग घरों से लोग सुरक्षित स्थान पर जा सकते हैं।	Earthquake is a natural disaster that can occur at any time and any place.	The earthquake alarm starts ringing when an earthquake occurs, so people can move from their homes to a safe place in time.	The problem is that earthquakes happen suddenly and anywhere. The proposed solution is an earthquake alarm that sounds during an earthquake, allowing people to evacuate their homes and reach safety promptly.
7766	हमारे गांव में एक महिला अपने किचन में गैस में दूध चढ़ा कर चली चली गई थी तो हवा के कारण गैस के बजने से पूरे किचन में एलपीजी गैस फैल जाता है । फिर वह महिला वापस किचन में आती है तो उसने देखा कि गैस बुझ चुका था फिर उसने गैस जलाने के लिए लाइटर में क्लिक किया फिर वहां ब्लास्ट हुआ जिससे उस महिला के साथ दुर्घटना हो गई ।	यह गैस सेफ्टी डिवाइस गैस के रिसाव को सेंस करके रेगुलेटर को ऑफ करेगा और एक बजर बजेगा । जिससे अगर कोई व्यक्ति आसपास हो तो उसे पता चल जाएगा कि यहां गैस रिसाव हुआ है। जिससे दुर्घटना होने के संभावना कम हो जाएगी । यह किचन में काम करने वाले महिलाओं , वर्कर सभी के लिए उपयोगी है ।	In our village, a woman had left milk boiling on the gas stove in her kitchen and went away. Due to the wind, the gas burner kept burning, causing LPG gas to spread throughout the kitchen. When the woman returned to the kitchen, she saw that the gas had gone out. She clicked the lighter to ignite the gas again, but there was a blast which caused an accident to the woman.	This gas safety device will sense the gas leakage and turn off the regulator, and a buzzer will sound. This way, if someone is nearby, they will know that there is a gas leak. This will reduce the chances of accidents. It is useful for women working in the kitchen and all workers.	The problem is that LPG gas leakage in the kitchen can cause dangerous accidents, as happened when a woman tried to relight the stove after gas leakage. The proposed solution is a gas safety device that detects gas leaks, automatically shuts off the gas regulator, and sounds a buzzer to alert people nearby, thereby preventing accidents and protecting kitchen workers.
9468	"""टच इलेक्ट्रिक बोर्ड"" एक प्रकार का इंटरएक्टिव बोर्ड है, जिसका उपयोग शिक्षा, कार्यस्थल, और अन्य इंटरएक्टिव उद्देश्यों के लिए किया जाता है। यह आमतौर पर एक डिजिटल डिस्प्ले के रूप में होता है, जिसे टचस्क्रीन तकनीक के माध्यम से नियंत्रित किया जा सकता है। इसमें किसी भी प्रकार के कंटेंट (जैसे कि टेक्स्ट, इमेज, वीडियो आदि) को प्रदर्शित किया जा सकता है और उसे टच स्क्रीन से इंटरैक्ट करके उपयोग किया जा सकता है। यह खासकर क्लासरूम, मीटिंग रूम, और कॉन्फ्रेंस में काम आता है।"	"TOUCH ELECTRIC BOARD एक इंटरेक्टिव और स्मार्ट तकनीक है जो विद्युत उपकरणों के संचालन को टच स्क्रीन के माध्यम से नियंत्रित करने की सुविधा प्रदान करती है। इसका उद्देश्य पारंपरिक स्विच और कंट्रोल सिस्टम की जगह एक अधिक उन्नत, यूजर-फ्रेंडली, और स्मार्ट समाधान देना है। इलेक्ट्रिक बोर्ड में एक डिजिटल टच स्क्रीन होती है, जो उपयोगकर्ता को सीधे स्क्रीन पर टच करने के माध्यम से विभिन्न विद्युत उपकरणों को नियंत्रित करने की सुविधा देती है।विद्युत सर्किट से जुड़ी जानकारी को प्रोसेस करके सही आदेश भेजते हैं। जैसे ही आप स्क्रीन पर किसी बटन को टैप करते हैं, यह सिग्नल विद्युत सर्किट को मिलता है और संबंधित उपकरण सक्रिय या निष्क्रिय हो जाता है, मदद करता है-घरों में,ऑफिस और इंडस्ट्रियल सेटिंग्स में,विशेष आवश्यकताओं वाले व्यक्तियों के लिए,
 यह समस्या को सुलझाएगा-1कम्फर्ट और कंवीनियंस- किसी भी स्विच को ढूंढ़ने या हाथ से चलाने की जरूरत नहीं, बस टच करें और उपकरण चालू हो जाएगा। 2.स्मार्ट एनर्जी मैनेजमें3.रिमोट कंट्रोल 4.एक्सेसिबिलिटी
 इस तरह से एक स्मार्ट, सुविधाजनक, और ऊर्जा की बचत करनेकरने वाला समाधान है"	"The ""Touch Electric Board"" is a type of interactive board used for education, workplaces, and other interactive purposes. It is usually a digital display that can be controlled through touchscreen technology. It can display any type of content (such as text, images, videos, etc.) and can be used by interacting with the touchscreen. It is especially useful in classrooms, meeting rooms, and conferences."	The TOUCH ELECTRIC BOARD is an interactive and smart technology that provides the facility to control electrical devices through a touchscreen. Its purpose is to replace traditional switches and control systems with a more advanced, user-friendly, and smart solution. The electric board has a digital touchscreen that allows the user to control various electrical devices directly by touching the screen. It processes information connected to the electrical circuit and sends the correct commands. As soon as you tap a button on the screen, the signal reaches the electrical circuit, and the related device is activated or deactivated. It helps in homes, offices, and industrial settings, especially for people with special needs. It solves problems by offering: 1. Comfort and convenience – no need to find or operate any switch manually, just touch and the device will turn on. 2. Smart energy management. 3. Remote control. 4. Accessibility. This way, it is a smart, convenient, and energy-saving solution.	The problem is the need for an interactive board that can be used in classrooms and workplaces to display and interact with content. The proposed solution is a Touch Electric Board that not only serves as an interactive display but also controls electrical devices through a touchscreen, offering convenience, smart energy management, remote control, and accessibility, making it useful in homes, offices, and industrial environments.
9686	दिन प्रतिदिन जनसंख्या बढ़ने के कारण यातायात के साधनों में अत्यधिक वृद्धि हुई है जिस कारण यातायात साधनों में पेट्रोल एवं डीजल का अत्यधिक प्रयोग बढ़ता ही जा रहा है इनसे निकलने वाली गैसों के कारण वायु प्रदूषण बढ़ता ही जा रहा है आज के समय में एक ऐसे आदर्श ईंधन की आवश्यकता है जो कम से कम प्रदूषण उत्पन्न करें वहां से निकलने वाले ब्लैक तेल से ऐसे ही एक आदर्श ईंधन का निर्माण किया जा सकता है ब्लैक ऑयल के जलने पर नीले रंग के धुएं के रूप में मिथुन गैस निकलती है मेथेन एक महत्वपूर्ण गैस है जिसका उपयोग ईंधन के रूप में किया जा सकता है मीथेन गैस का उपयोग विभिन्न क्षेत्रों में किया जा सकता है जैसे ऊर्जा उत्पादन रसोई गैस औद्योगिक उपयोग वाहन चालन कृषि चिकित्सा वैज्ञानिक अनुसंधान आदि	ब्लैक ऑयल जो लोग वेस्ट समझ कर फेंक देते हैं उसका आदर्श ईंधन के रूप में उपयोग किया जा सकता है एवं जिसका ज्वलन ताप भी उच्च होता है इस ब्लैक तेल में मीथेन गैस प्रेजेंट रहती है जो एक आदर्श ईंधन के रूप में काम करती हैइसका उपयोग घर से लेकर उद्योगों तक चिकित्सा क्षेत्र अनुसंधान क्षेत्र वहां हर क्षेत्र में किया जा सकता है क्योंकि यह एक आदर्श ईंधन है इसलिए इसका उपयोग व्यापक स्तर पर किया जा सकता है यह हर तरीके से उत्तम ईंधन होता है	Due to the daily increase in population, there has been a significant rise in transportation vehicles, which has led to a continuous increase in the use of petrol and diesel in these vehicles. The gases emitted from these fuels are causing air pollution to rise. In today's time, there is a need for an ideal fuel that produces minimal pollution. Such an ideal fuel can be made from the black oil that comes from these sources. When black oil burns, it releases methane gas as blue smoke. Methane is an important gas that can be used as fuel. Methane gas can be used in various fields such as energy production, cooking gas, industrial use, vehicle operation, agriculture, medicine, scientific research, and more.	The black oil, which people consider waste and throw away, can be used as an ideal fuel and it also has a high ignition temperature. This black oil contains methane gas, which acts as an ideal fuel. Its use can range from homes to industries, medical fields, and research areas because it is an ideal fuel. Therefore, it can be used on a wide scale and is an excellent fuel in every way.	The problem is that increasing population leads to more vehicles using petrol and diesel, causing air pollution. The solution proposed is to use black oil, usually discarded as waste, which contains methane gas as an ideal, cleaner fuel. This fuel can be used widely in homes, industries, medicine, and research, providing a better alternative to reduce pollution.
10951	हमारे आसपास कचरे की समस्या बहुत होती है और कचरा सड़कों पर बिखरा होता है जिससे मलेरिया जैसी बीमारियां फैलती है	हम यह एक डस्टबिन की तरह ही है इसमें कचरा डालेंगे और वह डंडा डूबेगा और जिससे एक सिक्का बाहर निकलेगा और उसे सिक्के को लोग देखकर उसमें ज्यादा कचरा डालेंगे और जिस गांव क्लीन होगा और कचरा एकत्रित करने में सहायता मिलेगी इसलिए यह दो-तीन ऐसे ही गांव में लगा देंगे जिससे सभी लोग डालेंगे और कचरा करते तो होगा जिससे बीमारियां न मिलेगी यह कचरा विकिरण करने वाले लोगों को देंगे जिससे यह नई चीज बनाएंगे जिससे लोगों को काम आएगी	There is a big problem of garbage around us, and garbage is scattered on the roads, which causes diseases like malaria to spread.	We have made a dustbin-like device where garbage can be thrown. When garbage is put in, a stick will sink and a coin will come out. Seeing the coin, people will throw more garbage into it. We will install this in two or three villages, so everyone will use it, and garbage will be collected properly. This will help keep the villages clean and prevent diseases. The collected garbage will be given to people who recycle it, and they will make new things from it that will be useful to people.	The problem is that garbage scattered on roads causes diseases like malaria. The solution is a special dustbin that rewards people with coins when they throw garbage in it, encouraging cleanliness. This will help collect garbage properly in villages, reduce diseases, and support recycling to make useful new products.
12185	"कामकाजी महिलाओं को घर की साफ सफाई में, पोछा लगाने में बहुत समय लगता है साथ ही आजकल के खान पान की वजह से और अन्य कारणों से भी महिलाओं को जोड़ों के दर्द आदि से परेशानी का सामना करना पड़ता है।
 घर की साफ सफाई में दिक्कत आती है।"	"हमने घरेलू और कामकाजी महिलाओं की साफ सफाई की परेशानी को देखते हुए एक एसी मशीन बनाई है। जिससे महिलाओं को साफ़ सफ़ाई में समय की बचत होगी।
 साथ ही जीनको जोड़ो में दर्द है वो भी इसका उपयोग एक जगह बैठकर कर सकती हैं।
 इसके पोछा मारने के लिए बार बार पानी बदलने की जरूरत नही होती।
 इस मशीन में हमने पानी डालने का डिब्बा बना दिया है, और नीचे की तरफ पोछे का कपड़ा, साथ ही गंदे पानी को बाहर निकालने की व्यवस्था की है।
 
 साफ पानी एक अलग डिब्बे में डाला और एक डिब्बे में गंदा पानी निकलता रहेगा।
 साफ़ पानी पोछा लगे हुए डिब्बे में जाता रहेगा। और जब पोछा गंदा हो जाएगा तो उसको एक डिब्बे में निचोड़ लेगे जिससे पानी गंदा पानी एकत्रित करने वाले डिब्बे में इकट्ठा हो जाएगा। 
 यह मशीन रिमोट से चलेगी, जिसको एक जगह बैठकर चलाया जा सकेगा।
 इस प्रकार महिलाएं इस रिमोट की सहायता से एक जगह बैठकर पूछा लगा सकेगी।
 इसमें एक बार पानी डालना पड़ता है और मशीन को एक जगह रख कार कंट्रोल कर सकते हैं।
 इस प्रकार महिलाएं एक बार पानी डालकर एक रूम कर जगह बैठकर आराम से साफ सफाई कर सकती हैं।
 तथा अपने समय को भी बचा सकती हैं।"	Working women take a lot of time to clean the house and mop the floors. Also, due to modern eating habits and other reasons, women face problems like joint pain. This makes cleaning the house difficult for them.	We have created a machine considering the cleaning difficulties of housewives and working women. This machine will save time for women in cleaning. Those who have joint pain can also use it while sitting in one place. It does not require changing water repeatedly for mopping. The machine has a compartment to put water, a mop cloth at the bottom, and a system to remove dirty water. Clean water is stored in a separate compartment, and dirty water is collected in another compartment. The mop cloth soaked in clean water is used for mopping, and when it gets dirty, it is squeezed into the dirty water compartment. This machine operates with a remote control, so it can be used while sitting in one place. Women need to fill water only once, place the machine in one spot, and control it remotely. In this way, women can clean a room comfortably while sitting and save their time.	The problem is that working women spend a lot of time cleaning and face joint pain, making cleaning difficult. The proposed solution is a remote-controlled cleaning machine that uses clean water stored in a compartment and collects dirty water separately. It allows women, even with joint pain, to mop floors while sitting in one place, saving time and effort.
12810	विद्यालय में छुट्टियों में पेड़ पौधों का पानी की कमी से मुर्झा जाना तथा कभी तो पौधे पूरी तरह ही खतम हो जाते सुख कर।	"हमने विद्यालय में लगे पेड़ पौधों की अच्छी वृद्धि के लिए ऐसी तकनीक विकसित की है, जिससे पौधों की अच्छी वृद्धि होगी उनको पानी की समस्या से जूझना नहीं पड़ेगा।
 विद्यालय में लगे सभी छोटे पौधों और बड़ी पेड़ों को एक पाईप लाईन के माध्यम से विद्यालय में बनी टंकी या टांका जिसमे नल लगा हुआ है से जोड़ देगे। 
 नल से एक पाईप बड़ी लंबी पाईप लगाएंगे अब इस मुख्य पाईप से छोटी छोटी पाईप निकालेगे और प्रत्यक छोटी पाईप को विद्यालय में लगे पेड़ पौधों से जोड़ देंगे।
 अब नल में टूटी लगाएंगे ताकि टंकी का पानी उसमें आ सके।
 अब जब भी विद्यालय की लंबी छुट्टी होगी तो हम टूटी को धीमी बूंद बूंद पानी आए ऐसे चालू करके छोड़ देंगे।
 जिससे मुख्य पाईप में पानी जाता रहेगा और उसके माध्यम से छोटी पाईप में।
 छोटी पाईप से प्रेत्यक पेड़ और पोधे में जाता रहेगा।
 इस प्रकार छुट्टियों में भी सभी पौधे हरे भरे रहेंगे और उनकी अच्छी वृद्धि होती रहेगी।
 इस प्रकार इस तकनीक से हम पेड़ को सुरक्षित रख सकते हैं।"	During school holidays, the trees and plants wither due to lack of water, and sometimes the plants completely dry up and die.	We have developed a technique for the healthy growth of trees and plants planted in the school so that they do not face water problems. We will connect all the small plants and big trees in the school to a pipeline that is connected to a tank or water reservoir in the school which has a tap. From the tap, we will lay a long main pipe. From this main pipe, smaller pipes will branch out and each small pipe will be connected to the trees and plants in the school. We will attach a drip (dripper) to the tap so that water from the tank can flow through it. Whenever there is a long school holiday, we will turn on the drip so that water slowly drips out. This way, water will keep flowing through the main pipe and into the smaller pipes, reaching every tree and plant. In this way, even during holidays, all plants will remain green and grow well. This technique helps us protect the trees.	The problem is that trees and plants in the school dry up and die during holidays due to lack of water. The solution is to set up a drip irrigation system connected to the school's water tank that slowly waters all the plants during holidays, ensuring they stay healthy and green.
14477	ई-वेस्ट में वे सभी इलेक्ट्रॉनिक उपकरण शामिल होते हैं जिनको अब उपयोग में नहीं लिया जाता है। आज के डिजिटल युग में इलेक्ट्रॉनिक उपकरण हमारे जीवन का हिस्सा बन गए हैं स्मार्टफोन से लेकर लैपटॉप टेलीविजन से लेकर घरेलू उपकरणों तक हम सब में इलेक्ट्रॉनिक उपकरण का प्रयोग करते हैं। लेकिन जैसे-जैसे इन उपकरणों का उपयोग बढ़ रहा है वैसे-वैसे इनसे जुड़ी समस्याएं भी बढ़ रही है, जिनमें से एक प्रमुख समस्या है ई-वेस्ट।ई-वेस्ट यानी की इलेक्ट्रॉनिक कचरा, वे सभी इलेक्ट्रॉनिक उपकरण जिन्हें अब प्रयोग में नहीं लाया जाता या जो खराब हो चुके हैं । इनसे निकलने वाले खतरनाक रसायन के साथ यह मिट्टी में घुल जाते हैं और वातावरण को भी प्रदूषित करते हैं ई-वेस्ट का प्रबंध जैसी गंभीर समस्या के बारे में लोगों को जागरूक करना अति आवश्यक है।	"चाहे हम कार्यस्थल पर किसी तकनीकी समस्या को हल करने का प्रयास कर रहे हों, या किसी ऐसी बाधा को दूर करने का प्रयास कर रहे हों जिसे गूगल मैप्स नहीं देख पाता है - अधिकांश लोग हर दिन समस्या का समाधान कर रहे होते हैं । 
 
 लेकिन आप अपने जीवन में चुनौतियों से निपटने में कितने प्रभावी हैं ? क्या आपके पास कोई बुलेटप्रूफ प्रक्रिया है जिसका पालन करके आप ठोस परिणाम सुनिश्चित करते हैं, या... क्या आप अपनी गंभीर समस्याओं को हल करने के लिए प्रेरणा की सनक (या उसकी कमी) पर काम करते हैं?"	E-waste includes all those electronic devices that are no longer in use. In today's digital age, electronic devices have become a part of our lives. From smartphones to laptops, televisions to household appliances, we all use electronic devices. But as the use of these devices increases, the problems related to them are also increasing, one of the major problems being e-waste. E-waste means electronic waste, all those electronic devices that are no longer used or have become damaged. The hazardous chemicals released from these mix into the soil and also pollute the environment. It is very important to raise awareness among people about the serious problem of e-waste management.	Whether we are trying to solve a technical problem at the workplace or trying to overcome an obstacle that Google Maps cannot detect – most people solve problems every day. But how effective are you at dealing with challenges in your life? Do you have a bulletproof process that you follow to ensure solid results, or do you rely on bursts of inspiration (or its lack) to solve your serious problems?	The problem is about the growing issue of e-waste, which includes discarded electronic devices that harm the environment through hazardous chemicals. The solution discusses the general approach to problem-solving, questioning how effectively people handle challenges and whether they use a reliable process or just inspiration to resolve serious issues.
6709	సాధారణంగా మనం చూసినట్లయితే మన ఇండ్లలో సీలింగ్లలో ఏర్పడే బల్లి పాతరను వెబ్ రిమూవర్ స్టిక్ తో తొలగించినప్పుడు ఆ బల్లి పాతర మన కళ్ళల్లో పడుతుంది. అలాగే చర్మం మీద పడి దురద లేస్తుంది. అంతేకాకుండా ఎక్కువ సమయం పాటు మనము తీయడానికి ప్రయత్నించినప్పుడు చేతులు కూడా నొప్పులు పెడతాయి.	"women friendly web remover stick.
  సాధారణంగా మనం చూసినట్లయితే మన ఇండ్లలో సీలింగ్లలో ఏర్పడే బల్లి పాతరను వెబ్ రిమూవర్ స్టిక్ తో తొలగించినప్పుడు ఆ బల్లి పాతర మన కళ్ళల్లో పడుతుంది. అలాగే చర్మం మీద పడి దురద లేస్తుంది. అంతేకాకుండా ఎక్కువ సమయం పాటు మనము తీయడానికి ప్రయత్నించినప్పుడు చేతులు కూడా నొప్పులు పెడతాయి. ఈ సమస్యకు పరిష్కారంగా మేము ఉమెన్ ఫ్రెండ్లీ వెబ్ రిమూవర్ స్టిక్ తయారు చేసాము. మోటార్ సహాయంతో వేబ్ రిమూవర్ తిరుగుతుంది ఇది తిరిగినప్పుడు పడే బల్లి పాతర అంతా మన మీద పడకుండా మధ్యలో ఒక అంబ్రెల్లా ఉంచడం జరిగింది. ఈ అంబ్రెల్లా బల్లి పాతరను కలెక్ట్ చేసుకుంటుంది అంటే మన మీద పడకుండా చూస్తుంది. దీని ఈజీగా తక్కువ ఖర్చుతో తయారు చేయవచ్చు సులభంగా వినియోగించవచ్చు."	Usually, when we remove cobwebs formed on the ceilings of our houses using a web remover stick, the cobweb dust falls into our eyes. It also falls on the skin causing irritation. Moreover, when we try to remove the cobwebs for a long time, our hands start to hurt.	Women friendly web remover stick. Usually, when we remove cobwebs formed on the ceilings of our houses using a web remover stick, the cobweb dust falls into our eyes and causes skin irritation. Also, prolonged use causes hand pain. To solve this problem, we have created a women-friendly web remover stick. It rotates with the help of a motor, and while rotating, an umbrella is placed in the middle to prevent the cobweb dust from falling on us. This umbrella collects the cobweb dust, ensuring it doesn't fall on us. It can be made easily at low cost and is simple to use.	The problem is that removing cobwebs with a stick causes dust to fall into eyes and irritate skin, and prolonged use causes hand pain. The proposed solution is a motorized web remover stick with an umbrella-like collector that catches the dust, preventing it from falling on the user. This device is easy to make, low cost, and user-friendly, especially for women.
7334	సాధారణంగా పాఠశాలలో మా టీచర్లు బోర్డును తుడిసేటప్పుడు చాక్ పీస్ డస్ట్ ముందు వరుసలో కూర్చున్న విద్యార్థుల మీద,కళ్ళల్లో పడుతుంది. దీనివల్ల కళ్ళల్లో మంట అలాగే ఎలర్జీ వచ్చే అవకాశం ఉంది	సాధారణంగా పాఠశాలలో మా టీచర్లు బోర్డును తుడిసేటప్పుడు చాక్ పీస్ డస్ట్ ముందు వరుసలో కూర్చున్న విద్యార్థుల మీద,కళ్ళల్లో పడుతుంది. దీనివల్ల కళ్ళల్లో మంట అలాగే ఎలర్జీ వచ్చే అవకాశం ఉంది. దీనికి పరిష్కారంగా ఈ ప్రాజెక్టును తయారు చేయడం జరిగింది. ఒక స్టిక్ తీసుకొని దానికి ఒక చివర్ల డస్టర్ నుంచి,మధ్యలో ఆ డస్ట్ ను కలెక్ట్ చేసుకోవడానికి ఒక బాక్స్ నుంచడం జరిగింది. టీచర్స్ బోర్డును తుడుపేసేటప్పుడు ఆ డస్ట్ అంతా ఆ బాక్స్ లో పడుతుంది కాబట్టి విద్యార్థులకు ఇలాంటి ఇబ్బంది కలగదు.	Usually, when our teachers wipe the board in school, chalk dust falls on the students sitting in the front row, getting into their eyes. This causes irritation and can lead to allergies in the eyes.	Usually, when our teachers wipe the board in school, chalk dust falls on the students sitting in the front row, getting into their eyes. This causes irritation and can lead to allergies in the eyes. To solve this, this project was created. A stick is taken and from one end a duster is attached, and in the middle, a box is fixed to collect the dust. When teachers wipe the board, all the dust falls into this box, so students do not face such problems.	The problem is that chalk dust from wiping the board falls on students' eyes, causing irritation and allergies. The solution is a device made by attaching a box to a duster on a stick, which collects the dust while wiping, preventing it from falling on students.
20713	స్వయం సురక్షితం	అడవి జంతువుల నుండి కీటకాలనుండి ఇంకా ఎ ఇతర అపాయాలనుండి అయిన తప్పించుకుంటారు	Self Safety	Avoid dangers from wild animals, insects, and other threats.	The problem is about ensuring personal safety. The solution focuses on avoiding dangers posed by wild animals, insects, and other hazards to stay safe.
20893	సరుగుడు బొప్పాయి వంటి తోటలు వేసుకునే వాళ్ళు నారుని చిన్నచిన్న నల్లటి ప్లాస్టిక్ సంచుల్లో తెచ్చుకుంటారు అలాగే ఇళ్లల్లో కొన్ని రకాల పూల చెట్లు కానివ్వండి పండ్ల చెట్లు కానివ్వండి వేసుకోవాలనుకున్నప్పుడు కూడా వారు ఆ చెట్లని నల్లటి ప్లాస్టిక్ సంచుల్లో ఇవ్వడం అనేది మనం చూస్తుంటాం ఈ సంచులు తర్వాత ఉపయోగపడం రీసైకిలింగ్ చేయలేం అలాగే ఇవి అలాగే గనక పడేస్తే ప్లాస్టిక్ కాలుష్యం కింద భూమిని కలుషితం చేస్తాయి కనుక ఈ ఎక్కువ చెట్లని తెచ్చుకునేటువంటి రైతులు ఎక్కువగా ఈ ప్లాస్టిక్ కవర్లను ఉపయోగించటం అనేది నేను గమనించినటువంటి పెద్ద సమస్య ఇది భూ కాలుష్యానికి సంబంధించిన సమస్య ఇల్లా ఇళ్లల్లోనూ ఇది సమస్యగానే ఉంది తోటల్లోనూ ఇది సమస్యగానే నాకు కనిపించింది కాబట్టి దీని పరిష్కరించాలని చిన్న ప్రయత్నాన్ని చేయడం జరిగింది	రైతులు పండ్ల చెట్లు, నిమ్మనారు ఇలాంటివన్నీ తెచ్చుకునేటప్పుడు చిన్న చిన్న ప్లాస్టిక్ కవర్లలో వాళ్ళు నారుని తెచ్చుకుంటూ ఉంటారు. అది రీసైక్లింగ్ కి పనికిరాదు కాబట్టి వాళ్ళు ఆ ప్లాస్టిక్ ని బయటే పారేస్తారు. ప్లాస్టిక్ కాబట్టి అది నీటిని భూమిలోకి చేరనివ్వదు, ఆ ప్లాస్టిక్ భూమిలో కరిగిపోకుండా కొన్ని లక్షల సంవత్సరాలు భూమిలోపల ఉండి భూకాలుష్యంగా రూపాంతరం చెందుతుంది. దీని వల్ల మా చుట్టూ ప్రక్కల గ్రామాల ప్రజలు కష్టాలు ఎదుర్కోవాల్సిన పరిస్థితి వస్తుంది. కాబట్టి దానికి పరిష్కారం కనుక్కుందాము అన్న ఆలోచన నాకు వచ్చింది. దీన్ని మా టీచర్ గారు కూడా బాగుంది అన్నారు. నా ఆలోచన ఏంటంటే, గుళ్ళల్లో గాని ఇళ్ళల్లో గాని కావాల్సినన్ని టెంకాయ చిప్పలు దొరుకుతుంటాయి. వాటిల్లోని కొబ్బరిని వినియోగించిన తర్వాత ఆ ఆ కొబ్బరిచిప్పల్లో నారు నాటి మనము వాటిల్ని పెంచుకోవచ్చు. ప్లాస్టిక్ కవర్లను వాడేకన్నా ఈ కొబ్బరిచిప్పల్లో నారు నాటుకొని దాన్ని మొత్తాన్ని మనం భూమిలో నాటుకోవచ్చు లేదా మొక్క భూమిలో నాటేసిన తర్వాత ఆ చిప్పల్ని తిరిగి కొత్త నారు వేయటానికి ఉపయోగించుకోవచ్చు. ఇలా చేయడం వల్ల భూకాలుష్యాన్ని తగ్గించవచ్చు అని నా ఉద్దేశం.	People who plant gardens like Sarugudu Boppayi bring saplings in small black plastic bags. Similarly, some types of flower plants and fruit plants are also given in black plastic bags when people want to plant them. We see that these bags are not reused or recycled afterward. If these bags are simply thrown away, they cause plastic pollution and contaminate the soil. I have noticed that farmers who bring many plants use these plastic covers a lot, which is a big problem related to soil pollution. This problem exists in homes as well as gardens. So, I wanted to make a small effort to solve this problem.	When farmers bring fruit plants, lemon trees, and such, they carry the saplings in small plastic covers. Since these are not recyclable, they throw the plastic outside. Because of plastic, water does not seep into the soil, and the plastic remains in the soil for hundreds of thousands of years without decomposing, turning into soil pollution. This causes difficulties for the people in nearby villages. So, I thought of finding a solution. My teacher also liked this idea. My idea is that we can find as many coconut husk chips as needed in pits or homes. After using the coconut husk, we can plant the saplings in those husk chips. Instead of using plastic covers, we can plant the saplings in these coconut husk chips and plant the whole thing in the soil, or after planting the sapling in the soil, we can reuse the husk chips to plant new saplings. By doing this, we can reduce soil pollution, which is my intention.	The problem is that farmers and gardeners use small black plastic bags to carry saplings, which are not recyclable and cause soil pollution. The student proposes using coconut husk chips as an eco-friendly alternative to plastic covers for planting saplings, which can decompose naturally and reduce soil contamination.
35402	ఆరోగ్యం చూర్ణం అందరికీ ఆవశ్యకం	మా బృందం చాలామంది తో మాట్లాడి ఏదైనా పోషకవిలువలు గల పదార్ధాన్ని తయారుచేయాలని ఆలోచన చేసాము ఇందులో భాగంగా పెసలు,సెనగలు, బీన్స్ గింజలు, గోధుమలు, మెంతులు,అవిసె గింజలను మొలకెత్తింది నీడలో బాగా ఆరబెట్టాలి వీటితోపాటు ఉసిరికాయ ముక్కలను కూడా ఆరబెట్టి పూర్తిగా తేమ పోయేందుకు వేడిచేయాలి మిక్సీలో వేసి పౌడర్ చేయాలి దీనిని ప్రతిరోజూ అన్నంలో చెంచాడు పౌడర్, పావు చెంచా ఆవు నెయ్యి ‌కలిపి‌తినవచ్చు అన్నంతో తినలేమంటే కాస్త తేనె లో నానబెట్టి తినవచ్చు ఇది చౌకగా లభించే పౌష్టికాహారం వీటివలన విటమిన్లు A,C,EKమరియూ ఇనుము, పొటాషియం, మెగ్నీషియం లభిస్తాయి రోగనిరోధక శక్తి పెరుగుతుంది	Health powder is necessary for everyone.	Our team talked to many people and thought of making a nutritious substance. As part of this, we sprouted peas, chickpeas, beans, wheat, fenugreek, and flax seeds. They should be dried well in the shade. Along with these, dried pieces of gooseberry (usirikaya) should also be dried and heated completely to remove moisture. Then grind everything in a mixer to make powder. This powder can be taken daily by mixing a spoonful or half a spoonful with rice. If it cannot be eaten with rice, it can be soaked in a little honey and eaten. This is an affordable nutritious food. It provides vitamins A, C, E, K and minerals like iron, potassium, magnesium. It helps increase immunity.	The problem is the need for a health powder that is essential for everyone. The solution is a homemade nutritious powder made by sprouting and drying various legumes and seeds along with gooseberry, then grinding them into powder. This powder can be consumed daily with rice or honey and provides important vitamins and minerals to boost immunity.
37069	పూర్వం ప్రజలు పిల్లలు ఒంటికి పసుపు రాసేవారు ఎందుకంటే పసుపు యాంటి బయాటిక్స్ మరియు శరీరానికి దురదలు రాకుండా చేస్తుంది.పసుపు అంటే మనం వాడే ప్యాకెట్ పసుపు కాదు వాళ్ళే పండించిన పసుపు కొమ్ములను బాగా దంచి తయారు చేసిన పసుపును రాసేవారు.కాని ఇప్పుడు బోడీ లోషన్స రాస్తున్నారు మరియు డైపర్స వాడుతున్నారు దీని కారణంగా రాషెస్ వస్తున్నాయి.	చిన్న పిల్లల ఒంటికి రాషెస్ రాకుండా చేయడం కోసం సహజమైన రసాయనాలు ఉపయోగించి డైపర్స్ ను తయారు చేయడం.	Earlier, people used to apply turmeric on babies' necks because turmeric is an antibiotic and prevents skin rashes. The turmeric they used was not the packet turmeric we use today, but turmeric made by crushing turmeric stems carefully. However, now people use body lotions and diapers, which cause rashes.	To prevent rashes on babies' necks, make diapers using natural chemicals.	The problem is that modern use of body lotions and diapers causes rashes on babies' necks, unlike the traditional use of natural turmeric which prevented rashes. The proposed solution is to make diapers using natural chemicals to avoid these rashes.
40769	పశువులకు గడ్డి కోయడం లో ఇబ్బందులు	ఒక మోటార్ కు బ్లేడ్ పెట్టి గడ్డిని కొస్తం	There are difficulties in cutting grass for the animals.	Attach a blade to a motor to cut the grass.	The student identifies the problem of difficulty in cutting grass for feeding animals and proposes a motorized blade device to make grass cutting easier.
43321	"ఇంట్లో వాడేసిన వస్తువులు కాలుష్యాన్ని కలగజేస్తాయి 
 
 చలికాలంలో స్నానానికి వేడి నీరు అవసరం"	ముందుగా మేము ఒక చిన్న వైరు తీసుకున్నాము.గోడలకు రంగును వేసే బ్రష్ ను తీసుకొని దానిని కొంచెం కత్తిరించి వైరును దానిలో పెట్టాము. వైరులో ఉండే జీ వైరును తీసి రెండు భాగాలు చేశాము. ఆ రెండు భాగాలను ఇనుమును గుండ్రంగా చుట్టాము. ప్లాస్టర్ దానికి అతికించాము. ఆ తర్వాత వైరుకి ప్లగ్ ను పెట్టాము. ఒక మగ్గులో నీళ్లను పోసి మేము తయారు చేసిన వాటర్ హీటర్ ఆ నీళ్లలో పెట్టి స్విచ్ ఆన్ చేశాము. 20 నిమిషాల తర్వాత హీటర్ స్విచ్ ఆఫ్ చేశాము. నీళ్లు వేడిగా మారాయి. పొగలు కూడా ఎల్లాయి.మేము ఈ ప్రాజెక్టును ఇంట్లో పనికిరాని పదార్థాలతో తయారు చేశాము. మనం మార్కెట్లో డబ్బులు పెట్టుకొని అవసరం లేకుండా ఇలా పనికిరాని పదార్థాలతో ఇంట్లో తయారు చేసుకోవచ్చు.	"Used items at home cause pollution.

In winter, hot water is needed for bathing."	First, we took a small wire. We took a paintbrush used for painting walls, cut it a little, and put the wire inside it. We took the wire inside and split it into two parts. We wrapped iron wire around those two parts in a circular way. We applied plaster over it. Then, we attached a plug to the wire. We poured water into a mug and placed the water heater we made into the water and switched it on. After 20 minutes, we switched off the heater. The water became hot and no smoke was produced. We made this project using unused materials at home. Instead of spending money in the market, we can make such things at home using unused materials.	The problem is that used household items cause pollution and there is a need for hot water in winter for bathing. The student created a homemade water heater using unused materials like wires, a paintbrush, iron wire, and plaster. Their device heats water without producing smoke, showing that useful appliances can be made at home without buying expensive market products.
44236	దంతాల ఆరోగ్యం చెడిపోవడం	ఇ టుకపొడి ,పసుపు ,ఉప్పు,బొగ్గుపొడి తో పౌడర్ తయారు చేసుకొని వాడడం	Dental health deteriorating	Prepare a powder using clove powder, turmeric, salt, and charcoal powder and use it.	The problem is the deterioration of dental health. The proposed solution is to make and use a powder made from clove powder, turmeric, salt, and charcoal powder to improve dental health.
47368	ఈ మంట నుండి కొంత ఉష్ణం పరిసరాల్లోకి విడుదలగుట వలన బర్నర్ పరిసరాల్లోని గాలి వంటగదిలో గాలి వేడెక్కడాన్ని మనం గమనిస్తూ ఉంటాం దీనివలన మనం చేసే వంట ఆలస్యం అవ్వడమే గాక చాలా ఎల్పిజి వృధా అవుతుంది.	బర్నర్ చుట్టూ కాపర్ ఘట్టాన్ని ఒక కాయిల్ లాగా పాత్ర నుంచుటకు ఇబ్బంది లేకుండా అమర్చవలెను ఈ కాయిల్ రెండు వైపులా ఒక ఇన్సులేటర్ వాటర్ ట్యాంకు అమర్చ వలెను ఇన్సులేటర్ ట్యాంకును స్టవ్కు దగ్గరగా, మనం వంట వండి పాత్రకు తగలకుండా అమర్చ వలెను ఇన్సులేటర్ ట్యాంకుకు ఒక టాప్ ను బిగించి వేడి నీటిని అవసరమైన వంట, ఇతర పనులలో ఉపయోగించుకోవచ్చు	Some heat from the flame is released into the surroundings, causing the air around the burner to become hot. We notice the kitchen air heating up, which not only delays cooking but also wastes a lot of LPG.	A copper coil should be installed around the burner easily without difficulty. This coil should have an insulated water tank on both sides. The insulated tank should be placed close to the stove but not touching the cooking vessel. A top should be fixed on the insulated tank so that the hot water can be used for necessary cooking and other tasks.	The problem is that heat from the stove flame heats the surrounding air, causing cooking delays and LPG waste. The proposed solution is to install a copper coil with insulated water tanks around the burner to capture this heat and produce hot water for cooking and other uses, improving energy efficiency.
48888	రాత్రి పూట కరెంటు పోయినప్పుడు పిల్లలు భయపడతారు పెద్దవారికి కూడా వస్తువులు కనిపించవు అందుకోసమే ఎమర్జెన్సీ లైట్ అవసరం అవుతుంది	ఇంట్లో పనికిరాని వస్తువులతో ఉపయోగించి మేము తయారు చేసిన ఎమర్జెన్సీ లైట్ చూసి మా ఉపాధ్యాయులు మరియు మా ఇంటి సభ్యులు ఫ్రెండ్స్ అందరూ చాలా సంతోషించారు ఈ ఎమర్జెన్సీ లైట్ అందరికీ ఉపయోగపడుతుంది	At night, when the electricity goes out, children get scared and even adults cannot find things. For this reason, an emergency light is needed.	Using unused items at home, we made an emergency light. Our teachers, family members, and friends all were very happy to see it. This emergency light is useful for everyone.	The problem is that during nighttime power outages, children get scared and adults struggle to find things. The solution is an emergency light made from unused household items, which has been appreciated by teachers, family, and friends and can help everyone during such situations.
49180	రోడ్డు క్రాసింగ్, రోడ్డు రైలు క్రాసింగ్, వద్ద నిర్మించే భూస్వరంగాల వద్ద వర్షాకాలంలో నీ మీరు నిల్వ ఉండడం ప్రధాన సమస్య	"1. భూస్వరంగాల వద్ద, సారంగపు సమీపంలో అంతర్గత పైపులైందు నిర్మించి వీటిని పంపినట్లయితే మీరు అప్పటికప్పుడే తొలగిపోవును 
 2. నీరు ప్రమాదకర స్థాయికి చేరగానే స్వయం చలిత మోటార్ వ్యవస్థను ఏర్పాటు చేసి నీటిని తోడటానికి ఏర్పాటు చేయాలి. 
 ఈ విధంగా ట్రాఫిక్ నియంత్రణ చేయవచ్చుమరియు వాహనదారులను కచ్చితంగా ప్రయాణించినట్లుగా ఏర్పాటు చేయవచ్చు."	At road crossings, railway crossings, and at low-lying areas built near the ground level, water accumulation during the rainy season is a major problem.	"1. At low-lying areas near crossings, construct internal pipelines near the drainage system so that water can be sent away immediately.
2. When water reaches a dangerous level, install an automatic motor system to pump out the water.
In this way, traffic can be controlled and vehicles can be ensured to travel safely."	The problem is water accumulation at road and railway crossings during the rainy season, causing traffic issues. The solution is to build internal pipelines and install automatic pumps to remove water quickly, which will help control traffic and allow safe vehicle movement.
65354	వరదల సమయంలో ఈ వస్తువును తక్కువ ఖర్చు తో తయారు చేసుకోవచ్చును.	వరదలపుడు ఈ టూల్ ను ఉపయోగించి ప్రాణాలను కాపాడుకోవచ్చు.దీనిని ఉపయోగించి వరద ప్రవాహంలో దీనిపై కూర్చుని ఒడ్డుకు చేరి.ప్రాణాలు కాపాడుకోవచ్చు.	This item can be made at low cost during floods.	During floods, this tool can be used to save lives. By using it, one can sit on it in the floodwaters and reach the shore, thus saving lives.	The problem is about creating a low-cost item to help during floods. The solution proposes a tool that people can sit on to float through floodwaters safely to the shore, helping to save lives.
17191	ಗೃಹತಜ್ಯವನ್ನು ಬೀದಿಗೆ ಎಸೆಯುವುದರಿಂದ ಸೊಳ್ಳೆಗಳ ಕಾಟ ಹಂದಿಗಳ ಕಾಟ ವಾಸನೆ ಇವುಗಳಿಂದ ಮನೆಯ ಸುತ್ತಮುತ್ತಲು ತೊಂದರೆಯಾಗುತ್ತಿದೆ ಬೀದಿಯ ಜನರಿಗೆ ಸಹ ತೊಂದರೆಯಾಗುತ್ತದೆ ರೋಗರುಜಿನಿಗಳು ಜನರಿಗೆ ಹರಡುತ್ತಿವೆ ಇವುಗಳನ್ನು ತಡೆಯಬೇಕಾಗಿದೆ	"1 ಎಚ್ಚರಹಿತ ಪರಿಸರಸ್ನೇಹಿ ಮಾದರಿಯಾಗಿದೆ 
 1 ಬೃಹ ತ್ಯಾಜ್ಯದಿಂದ ಸಾವಯವ ಗೊಬ್ಬರ ತಯಾರಿಸಲಾಗುವುದು 
 3 ಈ ಗೊಬ್ಬರವನ್ನು ಮಾರಾಟ ಮಾಡಿ ಹಣ ಗಳಿಸಬಹುದು 
 4 ಈ ಮಾದರಿ ನಗರವಾಸಿಗಳಿಗೆ ಸೂಕ್ತವಾಗಿದೆ 
 5 ಇಲಿ ಹೆಗ್ಗಣ ಸೊಳ್ಳೆ ಹಂದಿಗಳಿಂದ ಮುಕ್ತವಾಗುವುದು 
 6 ವಾಸನೆಯ ಕಾಟದಿಂದ ಮುಕ್ತವಾಗಬಹುದು"	Throwing household waste onto the street causes problems like the spread of fleas and pigs, bad odors, and disturbances around the house. It also causes trouble for the people on the street and spreads diseases among them. These issues need to be stopped.	"1. It is a cautious, environmentally friendly model.
2. Organic fertilizer will be made from household waste.
3. This fertilizer can be sold to earn money.
4. This model is suitable for city residents.
5. It will eliminate problems caused by rats, fleas, and pigs.
6. It can free people from bad smells and disturbances."	The problem is that throwing household waste on the streets causes pests, bad smells, and disease spread, disturbing both homes and the public. The proposed solution is an eco-friendly model that converts household waste into organic fertilizer, which can be sold for income, reducing pests and bad odors, and suitable for urban areas.
17734	ಕಸದ ಸಂಗ್ರಹಣೆ ಮತ್ತು ಸೂಕ್ತ ವಿಲೇವಾರಿ	"ಈ ಮಾದರಿಯ ಉಪಯೋಗಗಳು 
 1. ಕಸದ ತೊಟ್ಟಿಯು ತುಂಬಿ ತುಳುಕುವುದಿಲ್ಲ 
 2. ಸಾರ್ವಜನಿಕರ ನೈರ್ಮಲ್ಯವನ್ನು ಕಾಪಾಡುತ್ತದೆ.
 3. ಕಸದ ಸುರಕ್ಷಿತ ಸಂಗ್ರಹಣೆ.
 
 ಈ ಮಾದರಿ ಹತ್ತಿರ ಕಸವನ್ನು ತಂದಾಗ ಮುಚ್ಚಳವು ಸ್ವಯಂಚಾಲಿತವಾಗಿ 
 ತೆರೆಯುತ್ತದೆ."	Garbage collection and proper disposal	"Uses of this model:
1. The garbage bin does not overflow or spill.
2. It maintains public cleanliness.
3. Safe collection of garbage.

When garbage is brought near this model, the lid opens automatically."	The problem is about managing garbage collection and proper disposal. The proposed solution is a garbage bin that automatically opens its lid when garbage is brought near, preventing overflow and spillage, thus maintaining public cleanliness and ensuring safe garbage storage.
25907	ಗ್ಯಾಸ್ ಸಿಲಿಂಡರ್ ಬಳಸುವಾಗ ಗ್ಯಾಸ್ ಸಿಲಿಂಡರನಲ್ಲಿ ಖಾಲಿ ಆಗುವ ಅನಿಲದ ಪ್ರಮಾಣ ಗೊತ್ತಾಗುವುದಿಲ್ಲ ಹಾಗೂ ಅ ಅನಿಲಸೋರಿಕೆಯಾಗುವುದು ತಿಳಿಯದಿರುವುದು	"ಈ ಉತ್ಪನ್ನವು ಿಲಿಂಡರ್‌ನಲ್ಲಿ ಖಾಲಿಯಾಗುವ ಅನಿಲದ ಪ್ರಮಾಣ ಹಾಗೂ ಸೋರಿಕೆಯನ್ನು ಸುಲಭವಾಗಿ ಅರಿಯುವಂತೆ ತಯಾರಿಸಲಾಗಿದೆ
 ಉತ್ಪನ್ನದ ಕಾರ್ಯವಿಧಾನ
 ಲೋಡ್ ಮೌಂಟ್ ಮೇಲೆಸಿಲಿಂಡರಿಟ್ಟಾಗ ಅದರ ಕೆಳಗಿರುವ ಲೊಡ್ ಸೇಲ್ ಒತ್ತಡವನ್ನು HX711amplifier ಗೆ ಕಳುಹಿಸುತ್ತದೆಅಲ್ಲಿಂದ aurdino nano ಗೆ ಕಳುಹಿಸಿದರೆ ಅದು ವಿದ್ಯುತ್ ಸಂಕೇತಗಳಾಗಿ ಪರಿವರ್ತನೆಗೊಂಡು ಎಲ್ಸಿಡಿ ಡಿಸ್ಪ್ ಗೆ ರವಾನಿಸಿದಾಗ ಆ ಪರದೆಯ ಮೇಲೆ ಸಿಲಿಂಡರ್ ನಲ್ಲಿರುವ ಅನಿಲದ ಪ್ರಮಾಣವನ್ನುಶೇಕಡವಾರು ರೂಪದಲ್ಲಿ ತೋರಿಸುತ್ತದೆ ಹಾಗೂಏನಾದರೂ ಸಿಲಿಂಡರ್ ಹಾಗೂಸ್ಟೌನಿಂದ ಅನಿಲ ಸೋರಿಕೆ ಆದರೆ ಸುಲಭವಾಗಿ ಅರಿಯುವಂತೆಈ ಉಪಕರಣದಲ್ಲಿ ಅಳವಡಿಸಿರುವ ಗ್ಯಾಸ್ ಸೆನ್ಸರ್ ಆ ಅನಿಲವನ್ನು ಹೀರಿಕೊಂಡು ತಕ್ಷಣವೇ ಬಜಾರ್ ನಲ್ಲಿ ಶಬ್ದವನ್ನು ಉಂಟು ಮಾಡಿ ಎಲ್ಇಡಿ ವಿದ್ಯುತ್ ದೀಪ ಬೆಳಗುತ್ತದೆ ಇದರಿಂದ ಅನಿಲ ಸೋರಿಕೆಯಾಗಿದೆ ಎಂದು ಸುಲಭವಾಗಿ ತಿಳಿಯಲು ಸಾಧ್ಯವಾಗುತ್ತದೆ ಇದರಿಂದ ಆಗುವ ಅವಘಡವನ್ನು ತಪ್ಪಿಸಲು ಸಹಾಯಕವಾಗಿದೆ"	When using a gas cylinder, it is not known how much gas is left in the cylinder, and gas leakage is not detected.	"This product is designed to easily detect the amount of gas left in the cylinder and any leakage. 

How the product works:
When the cylinder is placed on the load mount, the load cell underneath measures the pressure and sends it to the HX711 amplifier. From there, the signal is sent to the Arduino Nano, which converts it into electrical signals and sends it to the LCD display. The screen shows the amount of gas left in the cylinder as a percentage. 

Additionally, if there is any gas leakage from the cylinder or stove, the gas sensor installed in this device detects the gas and immediately triggers a buzzer sound and lights up an LED. This makes it easy to know about the gas leakage, helping to prevent accidents."	The problem is that users cannot know how much gas is left in a gas cylinder or detect gas leaks. The proposed solution is a device that measures the gas amount using a load cell and displays it on an LCD screen, and also detects leaks with a gas sensor that triggers a buzzer and LED alert to warn users.
28490	ಮಳೆಗಾಲ ಸಮಯದಲ್ಲಿ ರೈತರು ತಮ್ಮ ರಾಶಿಯ ಧಾನ್ಯಗಳನ್ನು ಗೋಣಿ ಚೀಲದಲ್ಲಿ ತುಂಬಲು ಆಳುಗಳ ಕೊರತೆಯಿಂದ ಕಷ್ಟಕರವಾಗುತ್ತಿತ್ತು	"1 take old iron plate
 2 cut iron plates in rectangle shape and weld. As a base
 3 weld another rectangle iron plates perpendicular to base iron plate
 4 world the iron play rods to the horizontal iron plate 
 5 make iron rectangle box it is used for crane piling 
 6 weld the hooks to the whole the bag
 7 XD wheels to the model to moving purpose"	During the rainy season, farmers faced difficulty filling their quantity of grains into gunny bags due to a shortage of bulls (oxen).	"1. Take an old iron plate.
2. Cut the iron plates into rectangular shapes and weld them to form a base.
3. Weld another rectangular iron plate perpendicular to the base iron plate.
4. Weld iron rods to the horizontal iron plate.
5. Make an iron rectangular box used for crane piling.
6. Weld hooks to hold the bag.
7. Attach XD wheels to the model for mobility."	Farmers had trouble filling gunny bags with grains during the rainy season because they lacked enough bulls to help. The student designed a movable iron box with hooks and wheels to assist in holding and moving the bags, making the process easier without relying on animals.
30301	ಪ್ರಕೃತಿ ವಿಕೋಪದ ಸಂದರ್ಭದಲ್ಲಿ ತನ್ನನ್ನು ರಕ್ಷಿಸಿಕೊಳ್ಳುವ ಒಂದು ದಾರಿಯಾಗಿದೆ ತೇಲುವ ಮನೆ. ಇದು ಆಧುನಿಕ ತಂತ್ರಜ್ಞಾನವನ್ನು ಬಳಸಿ ನಿರ್ಮಿಸಲಾಗುವ ವಾಸಸ್ಥಳವಾಗಿದೆ.	"ನಿರ್ಮಾಣ ರೀತಿ
 ತೇಲುವ ಮನೆಯು ಪಂಚಾಂಗ ರಹಿತವಾಗಿರುತ್ತದೆ. ಸಾಮರ್ಥ್ಯವಿರುವ ವಸ್ತುವಿನಿಂದ ನಿರ್ಮಿಸಲಾಗುತ್ತದೆ.
 ವಿಧಗಳು 
 1ತಾತ್ಕಾಲಿಕ ತೇಲುವ ಮನೆ
 2 ಶಾಶ್ವತ ತೇಲುವ ಮನೆ
 ಪ್ರಯೋಜನಗಳು
 1ವೇಗದ ನಿರ್ಮಾಣ 
 2 ಅರಣ್ಯ ನಾಶ ಕಡಿತ 
 3 ಭೂಕಂಪನ ಪ್ರತಿರೋಧ 
 4 ಪರಿಸರ ವ್ಯವಸ್ಥೆಯಲ್ಲಿ ಸಹಕಾರಿ
 5ಸುಲಭ ಸಾರಿಗೆ
 6ಆಕರ್ಷಕ
 7ಕಡಿಮೆ ಖರ್ಚು
 ದುಷ್ಪರಿಣಾಮಗಳು
 1ಹೆಚ್ಚಿನ ನಿರ್ವಹಣೆ ಅಗತ್ಯ
 2 ಹೆಚ್ಚಿನ ಅಪಾಯದಲ್ಲಿ ಜಲಮಾಲಿನ್
 3 ನುರಿತ ಕಾರ್ಮಿಕರ ಅವಶ್ಯಕತೆ
 4 ಹವಾಮಾನ ಬದಲಾವಣೆ 
 5 ಕಡಿಮೆ ಜೀವಿತಾವಧಿ
 
 ಒಟ್ಟಿನಲ್ಲಿ ತೇಲುವ ಕಟ್ಟಡಕ್ಕೆ ಹೆಚ್ಚಿನ ವೈವಿಧ್ಯಮಯ ಕಚ್ಚಾ ಸಾಮಗ್ರಿಗಳು ಮತ್ತು ಸುಧಾರಿತ ನಿರ್ಮಾಣ ತಂತ್ರಗಳ ಅಗತ್ಯವಿರುತ್ತದೆ, ಹೆಚ್ಚಿನ ತಂತ್ರಜ್ಞಾನದ ಯಂತ್ರೋಪಕರಣಗಳ ಅಗತ್ಯವಿರುತ್ತದೆ, ಅದು ದುಬಾರಿಯಾಗಿದೆ. ಇದಕ್ಕೆ ನುರಿತ ಕಾರ್ಮಿಕರ ಅಗತ್ಯವಿರುತ್ತದೆ, ಇದು ಹೆಚ್ಚು ದುಬಾರಿಯಾಗಿದೆ ಮತ್ತು ಇಡೀ ವ್ಯವಸ್ಥೆಯು ಸಮಾಜಕ್ಕೆ ಹೊಸದಾಗಿರುವ ಕಾರಣ, ಹೆಚ್ಚಿನ ಬೇಡಿಕೆ ಇರಬಹುದು."	A floating house is a way to protect oneself during natural disasters. It is a dwelling constructed using modern technology.	"Construction Method:
The floating house is frameless. It is built from durable materials.
Types:
1. Temporary floating house
2. Permanent floating house
Advantages:
1. Fast construction
2. Reduced deforestation
3. Earthquake resistance
4. Environmentally friendly
5. Easy transportation
6. Attractive
7. Low cost
Disadvantages:
1. Requires more maintenance
2. Risk of water pollution in case of accidents
3. Need for skilled labor
4. Affected by climate change
5. Shorter lifespan

Overall, floating buildings require a wide variety of raw materials and advanced construction techniques, along with more technological equipment, making them expensive. They need skilled labor, which increases the cost, and since this system is new to society, demand may be high."	The problem is how to protect people during natural disasters, and the proposed solution is a floating house built with modern technology. These houses can be temporary or permanent, offering benefits like quick construction, earthquake resistance, and environmental friendliness, but they also face challenges such as higher maintenance, need for skilled labor, and higher costs.
36500	ಗ್ರಾಮೀಣ ಪ್ರದೇಶದಲ್ಲಿ ಕೃಷಿ ಆಧಾರಿತ ಬೇಸಾಯ ನಮ್ಮದಾಗಿದ್ದು ಇಲ್ಲಿ ಬಹುತೇಕ ಬೋರೆಲ್ ಗಳನ್ನು ಕೊರೆದಿದ್ದೇವೆ ಬೋರ್ವೆಲ್ ಮೋಟಾರ್ ಕೆಟ್ಟಾಗ ಅದನ್ನು ಹೊರ ತೆಗೆಯಲು ಮೊದಲು ಜನರನ್ನ ಅವಲಂಬಿಸಿದ್ದಿವಿ ಇದು ಜನರಿಗೆ ಹೊರೆಯಾಗುತ್ತಿತ್ತು ನಂತರ ವಿದ್ಯುತ್ ಆಧಾರಿತ ಯಾಂತ್ರಿಕ ಮಷೀನ್ ತಯಾರಿಸಿದ್ದೀವಿ. ಇದು ಕರೆಂಟ್ ಇಲ್ಲದೆ ಇರುವಾಗ ಕಾರ್ಯನಿರ್ವಹಿಸುತ್ತಿರಲಿಲ್ಲ ಆದ್ದರಿಂದ ನಾವು ಸೈಕಲ್ ಮೋಟಾರ್ ಇಂಜಿನ್ ಆಧಾರಿತ ಬೋರ್ ಮೋಟಾರ್ ಮೇಲೆ ಕೆತ್ತುವ ಸಾಧನವನ್ನು ತಯಾರಿಸಿದ್ದೇವೆ ಇದಕ್ಕೆ ಯಾವುದೇ ವಿದ್ಯುತ್ತಿನ ಅವಶ್ಯಕತೆ ಇಲ್ಲ ನಮಗೆ ಯಾವಾಗ ಬೇಕಾದಾಗ ಮೋಟಾರ್ ಇಂಜಿನ್ ಸ್ಟಾರ್ಟ್ ಮಾಡಿ ಬೋರ್ ಮೋಟಾರ್ ಮೇಲೆ ಎತ್ತಬಹುದು	ಸಾಮಾನ್ಯವಾಗಿ ಕೃಷಿಗೆ ನೀರಾವರಿ ಅತಿ ಅವಶ್ಯಕವಾಗಿದೆ ಆದರೆ ನೀರಾವರಿಯಲ್ಲಿ ಬೋರ್ವೆಲ್ನಿಂದ ನೀರನ್ನು ಮೇಲೆ ಕೆತ್ತುವುದು ಅನಿವಾರ್ಯವಾಗಿದೆ ಇಂಥ ಸಂದರ್ಭದಲ್ಲಿ ನಾವು ಬರವಣಿಗೆ ವಿದ್ಯುತ್ ಮೋಟಾರನ್ನು ಅಳವಡಿಸಬೇಕಾಗುತ್ತದೆ ಆ ವಿದ್ಯುತ್ ಮೋಟಾರ್ ಕೆಟ್ಟಾಗ ಅದನ್ನು ಹೊರ ತೆಗೆಯಬೇಕಾಗುತ್ತದೆ ಹೊರ ತೆಗೆಯಲು ಅನೇಕ ಸಾಧನಗಳಿದ್ದರೂ ಅದು ನಿರ್ದಿಷ್ಟ ಸಮಯಕ್ಕೆ ಮಾತ್ರ ಬಳಸಬಹುದಾಗಿದೆ ಆದ್ದರಿಂದ ನಾವು ತಯಾರಿಸಿದ ಈ ಒಂದು ಸಾಧನ ಒಂದು ಚಿಕ್ಕ ಮೋಟರ್ ಸೈಕಲ್ ನ ಇಂಜಿನ ವಾಗಿದ್ದು ಇದನ್ನು ಮೂರು ಕಬ್ಬಿಣದ ಕಂಬಗಳನ್ನು ನಿಲ್ಲುವ ಹಾಗೆ ಮಾಡಿ ಅದಕ್ಕೆ ಜೋಡಿಸಲಾಗಿದೆ ಸೈಕಲ್ ಮೋಟಾರ್ ನ ಇಂಜಿನ್ ಸ್ಟಾರ್ಟ್ ಮಾಡಿದಾಗ ಬೆಲ್ಟ್ ನ ಸಹಾಯದಿಂದ ನಾವು ಮೊಟರನ್ನು ಮೇಲಕ್ಕೆ ಎತ್ತಬಹುದು ಮತ್ತು ಅತಿ ಕಡಿಮೆ ಇಂಧನದಲ್ಲಿ ನಾವು ಮೋಟಾರನ್ನ ಮೇಲೆ ಕೆತ್ತಬಹುದು ಮತ್ತು ಯಾವುದೇ ಸಮಯದಲ್ಲಿ ಮೇಲೆ ಕೆತ್ತಬಹುದು ಇದಕ್ಕೆ ವಿದ್ಯುತ್ ಅಥವಾ ಜಾಸ್ತಿ ಜನರ ಅವಶ್ಯಕತೆ ಇರುವುದಿಲ್ಲ ಆದ್ದರಿಂದ ಇದು ಸಮಾಜಕ್ಕೆ ಅತ್ಯಂತ ಉತ್ತಮ ಸಾಧನವಾಗಿದೆ	In rural areas, agriculture-based livelihoods are ours, and here we have mostly dug borewells. When the borewell motor gets damaged, we used to depend on people to remove it, which was expensive for them. Later, we made an electric-based mechanical machine. However, it did not work without current. Therefore, we have made a device based on a cycle motor engine to lift the borewell motor. This does not require any electricity. We can start the motor engine whenever we want and lift the borewell motor.	Irrigation is very essential for farming, but it is necessary to lift water from the borewell for irrigation. In such cases, we need to install an electric motor. When the electric motor gets damaged, it needs to be removed. Although there are many tools for removal, they can only be used for a limited time. Therefore, we have made this device using a small motor from a cycle engine. It is fixed with three iron rods to keep it stable. When the cycle motor engine is started, using a belt, we can lift the motor upwards. We can lift the motor with very little fuel and at any time. It does not require electricity or many people. Hence, this is a very useful device for society.	The problem is that in rural farming areas, removing damaged borewell motors is expensive and existing electric machines don't work without power. The student created a device using a cycle motor engine that can lift the borewell motor without electricity, making it easier and cheaper to remove and repair the motor anytime. This solution is fuel-efficient, simple, and beneficial for the community.
36574	ಡ್ರೈವರ್ ನ ನಿರ್ಲಕ್ಷಕ್ಕೆ ಒಳಗಾಗಿ ಅಪಘಾತಗಳು ಸಂಭವಿಸುತ್ತಿದ್ದವು.	ಈ ಸಾಧನವನ್ನು ತಯಾರಿಸಲು ರೇನ್ ಡ್ರಾಪ್ ಸೆನ್ಸಾರ್ ಮತ್ತು ಸರ್ವ ಮೋಟಾರ್ ಆರ್ಡಿನೋ ಬೋರ್ಡ್ ಹಾಗೂ ಬ್ರೆಡ್ ಬೋರ್ಡ್ ಬಳಸಿಕೊಂಡು ನಾವು ಸ್ವಯಂ ಚಾಲಿತ ವೈಪರನ್ನು ನಿರ್ಮಿಸಿದ್ದೇವೆ. ಇದು ಯಾವುದೇ ಸಮಯದಲ್ಲಿ ಮಳೆ ಅಥವಾ ಮಂಜು ಬಂದಾಗ ಯಾವುದೇ ರೀತಿಯ ನಿರ್ವಹಣೆಯ ಅವಶ್ಯಕತೆ ಇಲ್ಲದೆ ಸ್ವಯಂ ಚಾಲಿತವಾಗಿ ಕಾರ್ಯವನ್ನು ಪ್ರಾರಂಭಿಸುತ್ತದೆ ಹಾಗೂ ಮಂಜು ಮತ್ತು ಮಳೆ ನಿಂತಾಗ ಕಾರ್ಯವನ್ನು ಸ್ಥಗಿತಗೊಳಿಸುತ್ತದೆ.	Accidents were occurring due to the driver's negligence.	To create this device, we used a rain drop sensor, a servo motor, an Arduino board, and a breadboard to build an automatic wiper. It automatically starts working whenever it rains or there is fog, without needing any manual operation, and it stops functioning when the rain or fog stops.	The problem is that accidents happen because drivers are negligent. The proposed solution is an automatic wiper system that uses sensors and motors to turn on and off by itself when it rains or there is fog, helping improve safety without requiring the driver to operate it manually.
38690	ವಯಸ್ಸಾದ ದುರ್ಬಲ ಅಥವಾ ಅಂಗವಿಕಲ ರಿಗೆ ಅಥವಾ ಹೆಚ್ಚು ಸಮಯ ಹೊರಗೆ ಕೆಲಸ ಮಾಡುವವರಿಗೆ ಮನೆ ಸ್ವಚ್ಛಗೊಳಿಸಲು ಸಮಯ ಇರುವುದಿಲ್ಲ	"ಕಸ ಇರುವ ಪ್ರದೇಶಕ್ಕೆ ವ್ಯಾಕ್ಯೂಂ ಕ್ಲೀನರ್ ಪೈಪನ್ನು
 ಅಳವಡಿಸಿದಾಗ ಕಸವನ್ನು ಒಳಗಡೆ ಎಳೆದುಕೊಳ್ಳುತ್ತದೆ."	Elderly, weak, or disabled people, or those who work outside for long hours, do not have time to clean the house.	When a vacuum cleaner pipe is installed in the area where the garbage is, it pulls the garbage inside.	The problem is that elderly, disabled, or busy people lack time to clean their homes. The proposed solution is to install a vacuum cleaner pipe in the garbage area to automatically suck in the trash, making cleaning easier.
40862	ನಮ್ಮ ಸುತ್ತ ಮುತ್ತ ಹಲವಾರು ಜನರು ಭಾರವಾದ ವಸ್ತುಗಳನ್ನು ಹೊತ್ತುಕೊಂಡು ಹೋಗುವುದನ್ನು ನಾವು ನೋಡಿದಾಗ ಅದಕ್ಕೆ ಸರಳ ಉಪಾಯ ಕಂಡು ಹಿಡಿಯಬೇಕೆಂದು ಅನಿಸಿತು ಅದರ ಫಲವೇ ಜಗ್ಗುವ ಗಾಡಿ	ದಿನನಿತ್ಯ ನಮ್ಮ ಶಾಲೆಯಲ್ಲಿ ಮಧ್ಯಾಹ್ನದ ಬಿಸಿ ಊಟ ಮತ್ತು ಬಾಳಿಯನ್ನು ನೀಡುವಾಗ ನಮ್ಮ ಶಾಲೆಯಲ್ಲಿ ಇರತಕ್ಕಂತಹ ವ್ಯಕ್ತಿಗಳು ಅವುಗಳ ಎತ್ತುವುದನ್ನೇ ನೋಡಿದ್ದೇವೆ ಅದೇ ರೀತಿ ಹೊಲಗಳಲ್ಲಿ ಬಹಳಷ್ಟು ಜನರು ವ್ಯವಸಾಯದ ವಸ್ತುಗಳನ್ನು ತರುವುದನ್ನು ನೋಡಿದ್ದೇವೆ ಇದರಿಂದ ನಾವು ಚಿಕ್ಕ ಗಾಡಿಯನ್ನು ತಯಾರಿಸಿ ಅದರ ಮೇಲೆ ಯಾವ ಬೇಕಾದ ವಸ್ತುಗಳನ್ನು ಒಂದು ಸ್ಥಳದಿಂದ ಇನ್ನೊಂದು ಸ್ಥಳಕ್ಕೆ ತೆಗೆದುಕೊಂಡು ಈಸಿಯಾಗಿ ಹೋಗಬಹುದು	We often see many people carrying heavy objects around us, and it seemed necessary to find a simple solution for this. The result is the handcart.	Every day at our school, when we serve hot lunch and bananas, we have seen people who should be in our school carrying these items. Similarly, we have seen many people bringing agricultural goods in the fields. Because of this, we decided to make a small cart on which we can place any required items and easily transport them from one place to another.	The problem is that many people have to carry heavy loads manually, which is difficult. The solution is to create a small handcart that can carry various items easily from one place to another, making transportation simpler for people like those carrying food at school or agricultural goods in the fields.
41019	ಸರ್ಕಾರಕ್ಕೆ ಆರ್ಥಿಕ ಹೊರೆ ಗೇಟ್ ಮನ್ ಗಳ ಅಜಾಗರುಕತೆಯಿಂದ ವಾಹನಗಳ ಅಪಘಾತ ಉಂಟಾಗುತ್ತಿದ್ದವು ಹಗಲು ರಾತ್ರಿ ಎಲ್ಲ ಸಮಯದಲ್ಲೂ ಕಾರ್ಯನಿರ್ವಹಣೆ	"ಸ್ವಯಂ ಚಾಲಿತ ರೈಲ್ವೆ ಗೇಟ್ ಅನ್ನು ತಯಾರಿಸಲು ಬಳಸಿದ ಉಪಕರಣಗಳು I R ಸೆನ್ಸರ್ ಸರ್ವೋಮೋಟರ್ ಆರ್ಡಿನೋ ಬೋರ್ಡ್ ಬಜರ್ ಮುಂತಾದವುಗಳು
  ಸ್ವಯಂ ಚಾಲಿತ ರೈಲ್ವೆ ಗೇಟ್ ಇದು ಸ್ವಯಂ ಚಾಲಿತವಾಗಿ ಗೇಟ್ ಹಾಕುವುದು ಮತ್ತು ಹೇಗೆಂದರೆ ನಾವು ರೈಲ್ವೆ ಗೇಟ್ನಿಂದ ಸ್ವಲ್ಪ ದೂರದಲ್ಲಿ ಅಳವಡಿಸಿದ್ದೇವೆ ಅದು ಅಲ್ಲಿ ರೈಲು ಬಂದ ತಕ್ಷಣ ಸೆನ್ಸರ್ ಸೆನ್ಸ್ ಮಾಡಿ ಅದು ರೈಲ್ವೆ ಗೇಟ್ ಹಾಕುವಂತೆ ಮಾಡುತ್ತದೆ ನಂತರ ರೈಲು ಸಂಪೂರ್ಣವಾಗಿ ದಾಟಿದ ನಂತರ ಅದರ ನಂತರದಲ್ಲಿ ಅಳವಡಿಸಿದ್ದ ಸೆನ್ಸರ್ ಸೆನ್ಸ್ ಮಾಡಿ ರೈಲ್ವೆ ಗೇಟ್ ತೆಗೆಯುವಂತೆ ಮಾಡುತ್ತದೆ ಇದರಿಂದ ಗೇಟ್ ಮನ್ಗಳ ಅವಶ್ಯಕತೆ ಇರುವುದಿಲ್ಲ ಮತ್ತು ಇದು ಹಗಲು-ರಾತ್ರಿ ಎರಡು ಸಮಯದಲ್ಲಿ ಕಾರ್ಯನಿರ್ವಹಿಸುವುದರಿಂದ ರಾತ್ರಿ ವೇಳೆಯಲ್ಲಿ ಗೆಟ್ ಮನ್ ಗಳು ನಿದ್ದೆಗೆ ಜಾರುವ ಸಂದರ್ಭವಿತ್ತು ಆದರೆ ಇದು ಎಲ್ಲ ಸಮಯದಲ್ಲೂ ಕಾರ್ಯನಿರ್ವಹಿಸುತ್ತದೆ
  ಈ ಮಾದರಿಯನ್ನು ನಾವು ಪಾರ್ಕಿಂಗ್ ಗೇಟ್ಗಳಲ್ಲಿ ಮತ್ತು ಮನೆಯ ಗೇಟುಗಳಿಗೂ ಕೂಡ ಅಳವಡಿಸಬಹುದು
  ಗೇಟ್ ಮನ್ ಗಳು ನಿದ್ದೆಗೆ ಜಾರಿದಾಗ ಮತ್ತು ರಾತ್ರಿ ಸಮಯದಲ್ಲಿ ಸಮಸ್ಯೆಯಾಗುತ್ತಿತ್ತು ಮತ್ತು ಸರಕಾರಕ್ಕೆ ಗೇಟ್ ಮನ್ ಗಳ ಸಂಬಳವೂ ಕೂಡ ಆರ್ಥಿಕ ಹೊಣೆಯಾಗುತ್ತಿತ್ತು"	Due to the negligence of gate men, the government was facing financial burden and there were vehicle accidents happening at railway gates during both day and night times.	We used devices like IR sensors, servomotors, Arduino boards, and buzzers to create an automatic railway gate. This automatic railway gate operates by placing a sensor a short distance from the railway gate. When a train approaches, the sensor detects it and automatically closes the gate. After the train completely passes, another sensor detects this and opens the gate. This eliminates the need for gate men, and since it works during both day and night, it solves the problem of gate men falling asleep at night. This model can also be installed at parking gates and home gates. Gate men falling asleep at night was causing problems, and paying gate men was a financial burden for the government.	The problem was that gate men were negligent, causing accidents and financial burden for the government. The solution is an automatic railway gate system using sensors and Arduino that closes and opens the gate automatically when a train approaches and passes, removing the need for gate men and working both day and night. This system can also be used for parking and home gates.
43231	ಕೆರೆಯ ಮಧ್ಯಭಾಗ ಅಥವಾ ನದಿಯ ಮಧ್ಯಭಾಗದಲ್ಲಿರುವ ಕಸವನ್ನು ಸ್ವಚ್ಛಗೊಳಿಸಲು ಮತ್ತು ಅದನ್ನು ಸ್ವಚ್ಛಗೊಳಿಸಲು ಮಾನವನನ್ನು ಬಳಸಿದ್ದಲ್ಲಿ ಅವರ ಪ್ರಾಣ ಹಾನಿಯನ್ನು ತಪ್ಪಿಸಲು	ನಾವು ಒಂದು ಕೆರೆಗೆ ಭೇಟಿ ಕೊಟ್ಟಂತಹ ಸಮಯದಲ್ಲಿ ಆ ಕೆರೆಯು ಮಧ್ಯಭಾಗದಲ್ಲಿ ಬಹಳ ಗಲೀಜು ಆಗಿರುವುದು ಕಂಡು ಬಂತು ಅವಾಗ ನಾವು ಆ ಮಧ್ಯಭಾಗದಲ್ಲಿರುವ ಕಸವನ್ನು ತೆಗೆದುಹಾಕಲು ಈ ಮಾದರಿಯನ್ನು ತಯಾರಿಸಿದೆವು ಈ ಬ್ಲೂಟೂತ್ ಆಧಾರಿತ ಬೋಟ್ Andriod ಫೋನ್‌ನಿಂದ ನಿಯಂತ್ರಿಸಲಾಗುತ್ತದೆ, ಅದು ರೋಬೋಟ್‌ಗೆ ಲಗತ್ತಿಸಲಾದ ಇತರ andriod ಮೊಬೈಲ್ ಫೋನ್‌ಗೆ ಬ್ಲೂಟೂತ್ ಸಂಪರ್ಕವನ್ನು ಮಾಡುತ್ತದೆ. ಬ್ಲೂಟೂತ್ ಸಂಪರ್ಕವು ರೂಪುಗೊಂಡ ತಕ್ಷಣ, ಮೊಬೈಲ್ ಅಪ್ಲಿಕೇಶನ್‌ನಲ್ಲಿ ಯಾವುದೇ ಗುಂಡಿಯನ್ನು ಒತ್ತಿದರೆ, ಒತ್ತಿದ ಬಟನ್‌ಗೆ ಸಂಬಂಧಿಸಿದ ಕೋಡ್ ಅನ್ನು ಬ್ಲೂಟೂತ್ ಮಾಡ್ಯೂಲ್‌ನ ಇನ್ನೊಂದು ತುದಿಯಲ್ಲಿ ಸ್ವೀಕರಿಸಲಾಗುತ್ತದೆ. ರೋಬೋಟ್‌ನಲ್ಲಿ ಜೋಡಿಸಲಾದ ಬ್ಲೂಟೂತ್ ಸಹಾಯದಿಂದ ರೋಬೋಟ್ ಈ ಕೋಡ್ ಅನ್ನು ಗ್ರಹಿಸುತ್ತದೆ. ಸ್ವೀಕರಿಸಿದ ಕೋಡ್ ಅನ್ನು ಬ್ಲೂಟೂತ್ ಮಾಡ್ಯೂಲ್ HC-05 ಸಹಾಯದಿಂದ ಮೈಕ್ರೋಕಂಟ್ರೋಲರ್ ಮೂಲಕ ಸಂಸ್ಕರಿಸಲಾಗುತ್ತದೆ. ಕೋಡ್ ಸಂಖ್ಯೆಯನ್ನು ಮೈಕ್ರೊಕಂಟ್ರೋಲರ್ಗೆ ಕಳುಹಿಸಲಾಗುತ್ತದೆ. ಮೈಕ್ರೊಕಂಟ್ರೋಲರ್ ಯಾವುದೇ ಇನ್‌ಪುಟ್‌ಗೆ ನಿರ್ಧಾರ ತೆಗೆದುಕೊಳ್ಳಲು ಪ್ರೋಗ್ರಾಮ್ ಮಾಡಲ್ಪಟ್ಟಿದೆ ಮತ್ತು ಮೋಟಾರ್ ಡ್ರೈವರ್‌ಗಳಿಗೆ ಅದರ ನಿರ್ಧಾರವನ್ನು ಔಟ್‌ಪುಟ್ ಮಾಡುತ್ತದೆ ಮೋಟಾರ್‌ಗಳನ್ನು ಫಾರ್ವರ್ಡ್ ಅಥವಾ ಬ್ಯಾಕ್‌ವರ್ಡ್ ಚಲನೆ ಅಥವಾ ತಿರುವು ಮತ್ತು ಬಿನ್ ಮೂವ್‌ಮೆಂಟ್‌ಗೆ ಚಾಲನೆ ಮಾಡುತ್ತದೆ.	To clean the garbage located in the middle part of a pond or river and to avoid risking human lives while cleaning it manually.	When we visited a pond, we noticed that the middle part was very dirty. So, we created this model to remove the garbage from the middle part. This is a Bluetooth-based boat controlled by an Android phone. It connects via Bluetooth to another Android mobile phone attached to the robot. Once the Bluetooth connection is established, pressing any button on the mobile application sends the related code to the Bluetooth module on the robot side. The robot receives this code through the Bluetooth attached to it. The received code is processed by a microcontroller via the HC-05 Bluetooth module. The code number is sent to the microcontroller, which is programmed to make decisions based on any input and outputs its decision to motor drivers. The motors are driven forward, backward, turn, or move the bin accordingly.	The problem is the difficulty and danger of cleaning garbage from the middle of ponds or rivers manually. The student proposes a Bluetooth-controlled robotic boat that can be operated via an Android phone to collect garbage remotely, thus preventing harm to humans during cleaning.
45689	ಹಗಲು ಹೊತ್ತು ಸದಾ ದೀಪಗಳು ಉರಿಯುವುದರಿಂದ ವಿದ್ಯುತ್ ನಷ್ಟವಾಗುತ್ತಿತ್ತು	ಈ ಮಾದರಿಯನ್ನು ಸಿದ್ದಗೊಳಿಸಲು ಬಳಸಿದ ಪ್ರಮುಖ ಉಪಕರಣಗಳು ಎಂದರೆIC LM555 ಬೆಳಕಿನ ಕಿರಣಗಳು lDR ಮೇಲೆ ಬಿದ್ದಾಗ ಅಡೆತಡೆ ಉಂಟಾಗಿ lDR ನ ವಿದ್ಯುತ್ ರೋಧ ಹೆಚ್ಚಾಗುತ್ತದೆ ಇದರಿಂದ ವೋಲ್ಟೇಜ್ ಆಗಿ ದೀಪಗಳು ಆರುತ್ತವೆ ನಂತರ ಕತ್ತಲೆಯಾದಾಗ LDR ಇ ಮೇಲೆ ಬೆಳಕು ಬಿಡುವುದು ನೀಡುತ್ತದೆ ಆಗ ಸರ್ಕ್ಯೂಟ್ ಪೂರ್ಣಗೊಳ್ಳುತ್ತದೆ ಮತ್ತು ವೋಲ್ಟೇಜಾಗಿ ಹೆಚ್ಚಾಗಿ ಎಲ್ಲಾ ದೀಪಗಳು ಹತ್ತುತ್ತವೆ ಅಂದರೆ ಬೆಳಕಿದ್ದಾಗ ದೀಪಗಳು ಕತ್ತಲೆಯಾದಾಗ ತನ್ನಿಂದ ತಾನೇ ದೀಪಗಳು ಉರಿಯಲಾರಂಭಿಸುತ್ತವೆ ಇದರಿಂದ ಬೆಳಕಿನ ಅಪವೇಯ ತಪ್ಪುತ್ತದೆ	During the daytime, the lamps were always burning, causing electricity wastage.	The main components used to prepare this model are IC LM555 and light rays. When light falls on the LDR (Light Dependent Resistor), it causes obstruction, increasing the electrical resistance of the LDR. This results in voltage that turns off the lamps. When it becomes dark, the LDR stops receiving light, completing the circuit and increasing the voltage, which turns on all the lamps. This means the lamps turn off when there is light and automatically turn on when it is dark, preventing wastage of electricity due to lights being on during the day.	The problem is that lamps remain on during the day, wasting electricity. The solution uses an IC LM555 and an LDR sensor to detect light levels, turning off lamps in daylight and turning them on automatically in darkness, thus saving electricity.
61924	ನೀರನ್ನು ನೇರವಾಗಿ ಭೂಮಿಯಲ್ಲಿ ನೀರಾವರಿ ಮಾಡುವುದರಿಂದ, ಮಣ್ಣಿನ ತೇವಾಂಶದಲ್ಲಿನ ವ್ಯತ್ಯಾಸದಿಂದ ಸಸ್ಯಗಳು ಹೆಚ್ಚಿನ ಒತ್ತಡಕ್ಕೆ ಒಳಗಾಗುತ್ತವೆ, ಆದ್ದರಿಂದ ಸಸ್ಯದ ನೋಟವು ಕಡಿಮೆಯಾಗುತ್ತದೆ. ಸಿಸ್ಟಮ್ನ ಸ್ವಯಂಚಾಲಿತ ನಿಯಂತ್ರಣದ ಅನುಪಸ್ಥಿತಿಯು ಅನುಚಿತ ನೀರಿನ ನಿಯಂತ್ರಣ ವ್ಯವಸ್ಥೆಗೆ ಕಾರಣವಾಗುತ್ತದೆ.	"ಕ್ಯೂಸ್ಮಾರ್ಟ್ ನೀರಾವರಿ...
 
 ಸ್ಮಾರ್ಟ್ ನೀರಾವರಿ ಹಲವಾರು ಸಮಸ್ಯೆಗಳನ್ನು ಪರಿಹರಿಸಲು ಸಹಾಯ ಮಾಡುತ್ತದೆ, ಅವುಗಳೆಂದರೆ:
 
 ನೀರಿನ ತ್ಯಾಜ್ಯ
 
 ಸ್ಮಾರ್ಟ್ ನೀರಾವರಿ ವ್ಯವಸ್ಥೆಗಳು ಸಸ್ಯಗಳಿಗೆ ಅಗತ್ಯವಿರುವಾಗ ಸರಿಯಾದ ಪ್ರಮಾಣದ ನೀರನ್ನು ಒದಗಿಸುವ ಮೂಲಕ ನೀರಿನ ವ್ಯರ್ಥವನ್ನು ಕಡಿಮೆ ಮಾಡಬಹುದು. ಸಾಂಪ್ರದಾಯಿಕ ನೀರಿನ ವಿಧಾನಗಳು ಅತಿಯಾದ ನೀರುಹಾಕುವುದು, ಆವಿಯಾಗುವಿಕೆ ಮತ್ತು ಅಸಮರ್ಥತೆಗಳಿಂದ 50% ನಷ್ಟು ನೀರನ್ನು ವ್ಯರ್ಥ ಮಾಡಬಹುದು.
 
 ಬೆಳೆ ಇಳುವರಿ
 
 ಸ್ಮಾರ್ಟ್ ನೀರಾವರಿ ವ್ಯವಸ್ಥೆಗಳು ಸಸ್ಯಗಳಿಗೆ ಸೂಕ್ತವಾದ ನೀರನ್ನು ಒದಗಿಸುವ ಮೂಲಕ ಬೆಳೆ ಇಳುವರಿ ಮತ್ತು ಗುಣಮಟ್ಟವನ್ನು ಸುಧಾರಿಸಬಹುದು.
 
 ಪರಿಸರ ರಕ್ಷಣೆ
 
 ಸ್ಮಾರ್ಟ್ ನೀರಾವರಿ ಪರಿಸರ ವ್ಯವಸ್ಥೆಗಳನ್ನು ರಕ್ಷಿಸಲು ಮತ್ತು ನೀರನ್ನು ಕಾಪಾಡಿಕೊಳ್ಳಲು ಸಹಾಯ ಮಾಡುತ್ತದೆ"	Directly irrigating water on the soil causes variations in soil moisture, which puts plants under more stress, thereby reducing plant growth. The absence of automatic control in the system leads to improper water regulation.	"QSmart Irrigation...

Smart irrigation helps solve several problems, which are:

Water wastage

Smart irrigation systems can reduce water wastage by providing the right amount of water when plants need it. Traditional irrigation methods can waste up to 50% of water due to overwatering, evaporation, and inefficiency.

Crop yield

Smart irrigation systems can improve crop yield and quality by supplying appropriate water to plants.

Environmental protection

Smart irrigation helps protect ecosystems and conserve water."	The problem is that direct irrigation causes uneven soil moisture, stressing plants and reducing growth, worsened by lack of automatic water control. The proposed solution is a smart irrigation system called QSmart Irrigation that reduces water wastage, improves crop yield and quality, and helps protect the environment by providing precise water supply to plants.
2169	Loss of living beings	Many living beings will affect	Loss of living beings	Many living beings will be affected	The problem is the loss of living beings, and the solution notes that many living beings will be affected by this issue.
2692	"1.அழுக்கான தயாரிப்பு சூழ்நிலை
 2.பாதுகாப்பு சேமிப்பு முறை
 3.மாசுபாடு"	"அழுக்கான தயாரிப்பு சூழ்நிலைகள்: விவசாய மற்றும் உணவுப் பொருள் உற்பத்தியாளர் பகுதிகளில் சுகாதார நிபந்தனைகள் குறைவாக இருக்கும்போது,
 
 
 2. பாதுகாப்பான சேமிப்பு முறைகள்: உணவுப் பொருட்களைச் சரியாகச் சேமிக்காத போது, அவை தொற்று மற்றும் அழுக்கால் பாதிக்கப்படலாம். நிலைத்திருக்கும் காலத்தைக் கவனிக்காமல் உணவு பாதுகாப்பு குறைக்கப்படுகிறது.
 
 
 3. மாசுபாடு: pesticides, heavy metals, மற்றும் இவ்வாறான வேதியியல் பொருட்கள் உணவுப் பொருட்களில் உள்ளதால், மக்கள் உடல் நலத்திற்கு பாதிப்புகளை ஏற்படுத்தும்.
 
 
 4. உணவு போலிகள்: உணவுப் பொருட்களின் உண்மைத்தன்மையை உறுதிப்படுத்த முடியாத போது, மக்கள் மோசமான அல்லது பாதிக்கப்பட்ட உணவுகளை சாப்பிடுவார்கள்.
 
 
 5. உணவுப் பாதுகாப்பு விதிமுறைகள்: பல நாடுகளில் உணவுப் பாதுகாப்பு விதிமுறைகள் அல்லது நடைமுறைகள் குறைவாக இருக்கலாம், இதனால் பாதுகாப்பான உணவு கிடைப்பதற்கு கடினமாகிவிடுகிறது.
 
 
 6. பாரம்பரிய விவசாயம்: மூலிகை மற்றும் மரபுச்செல்வத்தைப் பயன்படுத்தாத விவசாயம், உயர் மாசுபாடு மற்றும் அழுக்கின் ஆபத்தை அதிகரிக்கிறது."	"1. Dirty production environment
2. Safe storage methods
3. Pollution"	"1. Dirty production environments: When hygiene conditions are poor in agricultural and food production areas,

2. Safe storage methods: If food items are not stored properly, they can be affected by infection and dirt. Ignoring the shelf life reduces food safety.

3. Pollution: Because of pesticides, heavy metals, and similar chemical substances in food items, people's health is affected.

4. Food adulteration: When the authenticity of food items cannot be ensured, people consume bad or contaminated food.

5. Food safety regulations: In many countries, food safety regulations or practices may be insufficient, making it difficult to get safe food.

6. Traditional farming: Farming that does not use herbs and genetic resources increases the risk of high pollution and contamination."	The problem is that food production environments are often dirty, storage methods are unsafe, and pollution from chemicals affects food quality and health. The solution highlights the need for better hygiene in farming and production, proper food storage, controlling pollution, ensuring food authenticity, improving food safety regulations, and promoting traditional farming practices to reduce contamination.
5576	கிராமப்புறங்களில் LPG பயன்பாடு அதிகரித்துள்ளது. ஆனால் அவற்றைப் பற்றிய விழிப்புணர்வு அதிகமாக இல்லை. எனவே சிறியவர்கள் மற்றும் வயதானவர்கள் LPG யை பயன்படுத்தும் போது கவன குறைவாக செயல்படுகின்றனர்.	கிராமப்புறங்களில் LPG பயன்பாடு அதிகரித்துள்ளது. ஆனால் அவற்றைப் பற்றிய விழிப்புணர்வு அதிகமாக இல்லை. எனவே சிறியவர்கள் மற்றும் வயதானவர்கள் LPG யை பயன்படுத்தும் போது கவன குறைவாக செயல்படுகின்றனர். இவற்றைப் பயன்படுத்தும் போது அடுப்பை அணைப்பதற்கு மறந்து விடுகின்றனர். எனவே LPG கசிவு ஏற்பட்டு பெரிய விபத்துக்கள் மற்றும் சுற்றுச்சூழல் பாதிப்பு ஏற்படுகிறது எனவே LPG வாயுவின் கசிவு ஏற்பட்டவுடன் தானியங்கியாக LPG கசிவை OFF செய்வதற்கு Sensor உருவாக்கப்படுவதற்கான யோசனையை சமர்ப்பிக்கிறோம்.	The use of LPG has increased in rural areas. However, awareness about it is not high. Therefore, children and elderly people tend to act carelessly when using LPG.	The use of LPG has increased in rural areas. However, awareness about it is not high. Therefore, children and elderly people tend to act carelessly when using LPG. They often forget to turn off the stove after use. This causes LPG leakage, leading to major accidents and environmental damage. Hence, we propose the idea of creating a sensor that automatically turns off the LPG leak as soon as it is detected.	In rural areas, increased LPG use is accompanied by low awareness, causing careless behavior especially among children and elderly people, who sometimes forget to turn off the stove, leading to dangerous LPG leaks. The proposed solution is to develop a sensor that automatically detects and shuts off LPG leaks to prevent accidents and environmental harm.
6606	நீரின் அளவு குறைந்து கொண்டு வருகிறது.	நீரின் அளவை அதிகரிப்பதால் தடுக்க முடியும். நன்றாக வேலை செய்கிறது. மக்கள் அனைவருக்கும் உதவுகிறது.	The amount of water is decreasing.	It can be prevented by increasing the amount of water. It works well. It helps everyone.	The problem is that the water quantity is decreasing. The proposed solution is to increase the water amount to prevent this issue, which is effective and benefits everyone.
8527	நிறைய காட்டு விலங்குகள் இடம்பெறுகிறது இடம்பெயரும் பொழுது வாகனங்களில் சிக்க நேரிடும் அதுமட்டுமல்லாமல் வாகன ஓட்டிகளுக்கு இடையூறாகவும் உள்ளது வாகனங்கள் ஒலிகளால் பாதிப்படைகிறது ஆகவே காட்டு விலங்குகளை பாதுகாக்க காட்டு விலங்குகளின் உடம்பில் reflector பயன்படுத்தி விலங்குகள் சாலைகளில் செல்லும் பொழுது எந்தவிதமான பாதிப்புக்கு உள்ளாகாமல் பாதுகாப்புக்கு சிறந்த வழி	"Reflectorபயன்படுத்தி வனவிலங்குகள் வாகன ஒலி மற்றும்
 ஒளியை கண்டவுடன் தாங்கள் இடத்திற்குச் சென்று விடும்"	Many wild animals migrate and often get caught in vehicles. Not only that, it also causes inconvenience to the drivers. Vehicles' noise affects the animals. Therefore, to protect wild animals, using reflectors on their bodies is a better way to ensure that animals can cross roads without any harm.	By using reflectors, wild animals will notice the vehicle's noise and light and move away to their place.	The problem is that migrating wild animals get caught in vehicles and are disturbed by vehicle noise, which also causes problems for drivers. The proposed solution is to use reflectors on the animals' bodies so they can detect vehicle lights and noise and move away safely, preventing accidents and protecting the animals.
8698	வாய்ப்புகள் கிடைக்காதது	"எங்களுக்கு ஒரு கண் பார்வையற்றார்கள் தடுமாறி கீழே விழுதல் அல்லது எங்காவது சென்று ஏற்றிக் கொள்ளுதல் போன்றவற்றை கண்டறிந்து அதற்கான உபயோக உடையை யோசித்தனர். அந்த உடையானது எதிரில் ஏதும் தடுப்புகள் போன்றவை இருந்தால் அதில் மோதிக் கொள்வதற்கு முன்பே 
  ஒளியை எழுப்பி எச்சரிக்கை செய்கிறது"	Lack of opportunities.	We thought of useful clothing for visually impaired people that can detect if they stumble, fall down, or get picked up somewhere. This clothing emits light as a warning before colliding with any obstacles in front.	The problem is the lack of opportunities for visually impaired individuals. The proposed solution is special clothing that detects falls or being picked up and warns the wearer by emitting light before hitting obstacles, helping prevent accidents.
9679	பெருகி வரும் வாகனப் புகையால் ஓசோன் படலத்தின் அடர்த்தி குறைந்து புவி வெப்பமடைகிறது. புவி வெப்பமடைவதால் பருவகால மாற்றங்கள் நிகழ்ந்து உணவுப்பொருட்களின் உற்பத்தி பாதிக்கப்படுகிறது.	வாகனங்களின் புகை போக்கிகளுக்குள் கார்பன் டை ஆக்சைடு வடிகட்டியை பொருத்துதல்.	Increasing vehicle smoke reduces the density of the ozone layer, causing global warming. Due to global warming, seasonal changes occur, which affect the production of food crops.	Installing carbon dioxide filters inside the exhaust pipes of vehicles.	The problem is that vehicle emissions are reducing the ozone layer's density and causing global warming, which affects crop production. The solution is to fit carbon dioxide filters in vehicle exhausts to reduce pollution.
10064	பேட்ரி	It was explained in our video	Battery	It was explained in our video	The problem mentioned is related to a battery. The solution details are provided in a video explanation by the student.
10990	மக்களுக்கு நேரடியாக நீரைப் பயன்படுத்துவதற்கு மின் மோட்டார் தேவை	Current dc motor.poor people	People need an electric motor to use water directly.	Current DC motor. Poor people.	The problem is that people require an electric motor to directly use water. The proposed solution mentions using the current DC motor, considering the needs of poor people.
20669	அசுத்தமான தண்ணீரை நல்ல குடிநீராக மாற்றுதல்	நீர் வடிகட்டியின் மூலம் சுத்தமான குடிநீரை பெறுதல்	Converting impure water into good drinking water	Obtaining pure drinking water through a water filter	The problem is about turning impure water into safe drinking water. The solution is to use a water filter to get clean drinking water.
24811	எலக்ட்ரிக் கார்களின் விலை அதிகமாக உள்ளது. சார்ஜ் போடுவதற்கு குறைந்த இடமே உள்ளது. அதிக தூரம் பயணம் செய்ய முடிவதில்லை. வெப்பநிலை இடத்திற்கு இடம் வேறுபடுகிறது.	எலக்ட்ரிக் கார்களை பயன்படுத்துவதால் சுற்றுப்புறம் பாதுகாக்கப்படுகிறது. குறைந்த தூரம் பயணம் செய்பவர்களுக்கு உதவியாக இருக்கும். அதிக வெப்பநிலை உள்ள இடங்களில் பயன்படுத்தலாம் . குளிர் பிரதேசங்களில் தவிர்க்கலாம்.	Electric cars are expensive. There is limited space to charge them. They cannot travel long distances. The temperature varies from place to place.	Using electric cars helps protect the environment. They will be useful for people who travel short distances. They can be used in places with high temperatures. They should be avoided in cold regions.	The problem is that electric cars are costly, have limited charging space, cannot travel long distances, and face temperature variations. The proposed solution is to use electric cars mainly for short-distance travel, especially in hot areas, to help protect the environment, while avoiding their use in cold regions.
25223	என்னுடைய யோசனை EASY BOARD RUBBING. ஆசிரியர்கள் மற்றும் மாணவர்கள் கரும்பலகையை பக்கத்தில் இருந்து சுத்தம் செய்யும் போது பாதிப்பிற்கு உள்ளாகிறார்கள்.எனவே என்னுடைய யோசனைப் படி கார்களில் உள்ள wiper போல வைத்து கரும்பலகைகளுக்கு அடியில் வைத்து ஒரு switch மூலம் கட்டுப்படுத்த முடியும். இதனால் யாருக்கும் உடல் உபாதைகள் ஏற்படாது.	"என்னுடைய யோசனை EASY BOARD RUBBING. ஆசிரியர்கள் மற்றும் மாணவர்கள் கரும்பலகையை பக்கத்தில் இருந்து சுத்தம் செய்யும் போது பாதிப்பிற்கு உள்ளாகிறார்கள்.எனவே என்னுடைய யோசனைப் படி கார்களில் உள்ள wiper போல வைத்து கரும்பலகைகளுக்கு அடியில் வைத்து ஒரு switch மூலம் கட்டுப்படுத்த முடியும். இதனால் யாருக்கும் உடல் உபாதைகள் ஏற்படாது.
 
 எங்களுடைய தீர்வு நன்றாக வேலை செய்கிறது.
 
 ஆசிரியர்கள் மற்றும் மாணவர்களுக்கு உதவுகிறது."	My idea is EASY BOARD RUBBING. Teachers and students get injured when cleaning the blackboard from the side. Therefore, according to my idea, like the wipers in cars, a wiper can be placed under the blackboard and controlled by a switch. This way, no one will suffer physical injuries.	"My idea is EASY BOARD RUBBING. Teachers and students get injured when cleaning the blackboard from the side. Therefore, according to my idea, like the wipers in cars, a wiper can be placed under the blackboard and controlled by a switch. This way, no one will suffer physical injuries.

Our solution works well.

It helps teachers and students."	The student identifies that teachers and students often get hurt while cleaning blackboards manually. To solve this, they propose an 'EASY BOARD RUBBING' system that uses a wiper mechanism like those in cars, placed under the blackboard and operated by a switch to clean it safely. This invention aims to prevent physical injuries and assist both teachers and students.
27837	"நாங்கள் ஆய்விற்காக நாமக்கல் மாவட்டம், கொல்லிமலை வட்டம் ,குண்டூர் நாட்டில் உள்ள நத்துக்குழிபட்டி மற்றும் அதனை சுற்றி உள்ள தமிழ்நாடு அரசு, பள்ளி கல்வித்துறையில் உள்ள மலைவாழ் பகுதியில் அமைந்துள்ள பள்ளிகளில் படிக்கும் மாணவர்களிடம் சென்று முதலில் கல்வி மற்றும் அவர்கள் எதிர்கொள்ளும் பிரச்சனைகள் சார்ந்த வினாபட்டியலைக் கொண்டு ஆய்வு மேற்கொண்டோம். அடுத்ததாக , அவர்களின் விடைகளில் இருந்து சில ஆலோசனைகளை பெற்றுக் கொண்டோம்.
 
  ஒவ்வொரு நாளும் அவர்கள் எவ்வகையான பிரச்சனைகளை சந்திக்கிறார்கள் என்பதை அறிந்து கொள்ளும் வகையில் எங்களது ஆய்வு அமைக்கப்பட்டது. மேலும் இந்த ஆய்வின் மூலம் மாணவ, மாணவிகள் ஒவ்வொரு நாளும் தாங்கள் எதிர்கொள்ளும் பிரச்சனைகளை கேட்டறிந்து அதன் மூலம் அவர்களின் பிரச்சனைகளுக்கு தீர்வு காணும் வகையில் எங்களது ஆய்வு மேற்கொள்ளப்பட்டது"	"இதில் மொத்தமாக 32 + விதத்தில் மாணவர்களுக்கு பயன்படும் வகையில் இந்த ப்ராஜெக்ட் வடிவமைக்கப்பட்டுள்ளது. இதை ஏழை எளிய மாணவர்களும் தங்களுக்கு கிடைக்கும் பொருட்களை வைத்துக் கொண்டு தாங்களே மிகக் குறைந்த செலவில் எளிதில் உருவாக்கி கொள்ளும் வகையில் மிக மிக எளிமையாக வடிவமைக்கப்பட்டுள்ளது. 
 
 • 1.WRITING TABLE 
 • 2. EXAM PAD 
 • 3.CHESS BOARD 
 • 4. LEAF FILE PROJECT WORK PURPOSE 
 • 5.IMPORTANTLY FILES FOR CERTIFICATE PURSE 
 • 6. LED LIGHT WITHOUT ELECTRICITY OR LOW LIGHT 
 • 7. SMALL TABLE FAN 
 • 8.VEGETABLE CUTTING PURPOSE 
 • 9.LUNCH TIME DINING TABLE 
 • 10.FIRST AID BOX ETC..
 இதில் மொத்தமாக 32+ விதத்தில் மாணவர்களுக்கு பயன்படும் வகையில் இந்த ப்ராஜெக்ட் வடிவமைக்கப்பட்டுள்ளது.
 இதை ஏழை எளிய மாணவர்களும் தங்களுக்கு கிடைக்கும் பொருட்களை வைத்துக் கொண்டு தாங்களே மிகக் குறைந்த செலவில் எளிதில் உருவாக்கி கொள்ளும் வகையில் மிக மிக எளிமையாக வடிவமைக்கப்பட்டுள்ளது. 
 எதிர்காலத்தில் இவ்வடிவமைப்பில் பல்வேறு நவீன தொழில்நுட்பத்தை புகுத்தி , மெருகேற்றி அரசுப் பள்ளி மாணவர்களுக்கு வழங்கலாம்."	"For our research, we went to students studying in schools located in the Malai Vazh area under the Tamil Nadu Government School Education Department, in Nathukuzhipatti and surrounding areas of Gundur village, Kollimalai division, Namakkal district. Initially, we conducted a survey using a questionnaire related to education and the problems they face. Next, we gathered some suggestions from their answers.

Our research was designed to understand the kinds of problems they face every day. Through this study, we aimed to listen to the daily problems of the students and find solutions to their issues."	"This project is designed in more than 32 ways to be useful for students. It is made very simple so that poor and simple students can easily create it themselves at very low cost using materials available to them.

The items include:
• 1. Writing Table
• 2. Exam Pad
• 3. Chess Board
• 4. Leaf File for Project Work
• 5. Important Files for Certificate Purse
• 6. LED Light without Electricity or for Low Light
• 7. Small Table Fan
• 8. Vegetable Cutting Purpose
• 9. Lunch Time Dining Table
• 10. First Aid Box, etc.

Overall, this project is designed in over 32 ways to benefit students. It is very simply designed so that poor and simple students can easily make it themselves at very low cost using materials available to them.

In the future, various modern technologies can be incorporated into this design, improved, and provided to government school students."	The students conducted research in schools around Nathukuzhipatti to understand the daily problems faced by students. They designed a simple, low-cost project with over 32 useful items like writing tables, exam pads, and LED lights that poor students can easily make themselves. The project aims to help students overcome daily challenges, with plans to add modern technology and provide these solutions to government school students in the future.
4328	ആഗോളതാപനം കാരണം ഇന്ന് ജലദൗർലഭ്യമുണ്ട്.എല്ലാവരും പൈപ്പ് വെള്ളത്തെ ആശ്രയിക്കുന്നു.നല്ല കിണറുകളുണ്ടെങ്കിലും മൂടുന്നു.കാരണം കിണർ വൃത്തിയാക്കാൻ സാധിക്കുന്നില്ല.വായു സഞ്ചാരം കുറവായതു കാരണം അപകടമാണ്.ഇതിനാൽ ഗ്രാമീണർ പോലും കിണർ മൂടി പൈപ്പ് ജലത്തെ ആശ്രയിക്കുന്നു.ഇത് ഭാവിയിൽ കിണർ വെള്ളവുമില്ല,പൈപ്പ് വെള്ളവുമില്ല എന്ന സ്ഥിതിയിലെത്തിക്കും.	കിണർ വൃത്തിയാക്കാനായി തൊഴിലാളികൾക്ക് സബ്‍സിഡിയോടെ ഉപയോഗിക്കാവുന്ന ഒരു യന്ത്രം ആണ് ഇത്.ഇതിൽ രണ്ട് റോപ്പും ഒരു മോട്ടോറും ബക്കറ്റും ചെളിയും മാലിന്യവും നീക്കാനായി ഒരു കോരികയും ഉണ്ടായിരിക്കും.കിണർ വെള്ളം മോട്ടോർ അടിച്ച് വറ്റിച്ച ശേഷം കരയിൽ നിന്നു കൊണ്ട് തൊഴിലാളി ഇതിനെ താഴേയ്ക്ക് ഇറക്കുന്നു.യന്ത്രത്തിലെ മോട്ടോർ പ്രവർത്തിപ്പിച്ച് ചെളി കോരുന്നു.തുടർന്ന് കോരികയെ പതുക്കെ യന്ത്രസഹായത്തോടെ ചരിച്ച് അടുത്ത റോപ്പിൽ ഇറക്കുന്ന ബക്കറ്റിലേയ്ക്ക് ഈ ചെളിയും മാലിന്യവും നിക്ഷേപിക്കുന്നു.തുടർന്ന് മോട്ടോർ പ്രവർത്തിപ്പിച്ച് റോപ്പിനെ കരയിലേയ്ക്ക് വലിച്ച് ബക്കറ്റിലെ ചെളി കളഞ്ഞ ശേഷം പ്രവർത്തനം തുടരുന്നു.ഇങ്ങനെ വായു സഞ്ചാരമില്ലാത്ത കിണർ അപകടരഹിതമായി വൃത്തിയാക്കാം.തോടുകളും മറ്റും വൃത്തിയാക്കാനും ഇതുപയോഗിക്കാം.	Due to global warming, there is water scarcity today. Everyone depends on piped water. Even though there are good wells, they get covered. The reason is that wells cannot be cleaned. Because of poor air circulation, it is dangerous. Therefore, even villagers cover wells and rely on piped water. This will lead to a situation in the future where there will be no well water or piped water.	This is a machine that workers can use with a subsidy to clean wells. It will have two ropes, a motor, a bucket, a scraper, and a tool to remove sludge and waste. After the well water is pumped out and dried, the worker lowers this machine down. The motor in the machine runs to scrape the sludge. Then, with the help of the machine, the scraper moves slowly and deposits the sludge and waste into a bucket lowered on the other rope. Then the motor pulls the rope to the surface, empties the sludge from the bucket, and continues the operation. In this way, wells with poor air circulation can be cleaned safely. This can also be used to clean drains and other places.	The problem is that due to global warming, wells become covered and cannot be cleaned easily, causing water scarcity and forcing people to rely on piped water. The proposed solution is a subsidized machine with ropes, a motor, and a scraper that safely cleans wells by removing sludge and waste, even in wells with poor air circulation, and can also be used to clean drains.
5518	ഓരോ വീടും, കെട്ടിടവും, ഓഫീസും, വ്യവസായശാലകളും ഓവർഹെഡ് വാട്ടർ ടാങ്കുകൾ ഉപയോഗിക്കുന്നു. ഇവ നിറയ്ക്കാൻ വളരെയധികം ജലം ഉപയോഗിക്കുന്നു. എന്നാൽ മിക്കപ്പോഴും, ടാങ്കിൽ വെള്ളം നിറഞ്ഞതിന് ശേഷം പമ്പ് ഓഫ് ചെയ്യാൻ നമ്മൾ മറക്കുന്നു, അതിനാൽ ടാങ്കറുകളിൽ നിന്ന് വെള്ളം കവിഞ്ഞൊഴുകുകയും വൈദ്യുതി ഉപയോഗം അതിലൂടെ കൂടുകയും ചെയ്യുന്നു.	"*ജലസംഭരണി കവിഞ്ഞൊഴുകുന്നത് വെള്ളം പാഴാകുന്നതിന് കാരണമാകുന്ന ഒരു പ്രശ്നമാണ്. ഈയൊരു വാട്ടർ ഓവർഫ്ലോ അലാറം സ്ഥാപിക്കുന്നത് വഴി വെള്ളം കവിഞ്ഞൊഴുകുന്നതും പാഴായി പോകുന്നതും തടയാൻ സാധിക്കും.
 *water ടാങ്ക്കൽ, നീന്തൽ കുളങ്ങൾ, വ്യവസായിക പ്രക്രിയകൾ, ബേസ്‌മെന്റ്,കാർഷിക ജലസേചന സംവിധാനങ്ങൾ ഇവിടെയെല്ലാം നമുക്കിത് ഉപയോഗപ്പെടുത്താവുന്നതാണ്.
 * എളുപ്പത്തിൽ സ്ഥാപിക്കാനും ചിലവ് കുറഞ്ഞതും സുരക്ഷിതവും ആണ് ഇത്.
 * വൈദ്യുതിയും ലാഭിക്കാൻ നമ്മളെ സഹായിക്കും.
 *audio visual alert നൽകുന്നു"	Every house, building, office, and factory uses overhead water tanks. Filling these tanks consumes a lot of water. However, most of the time, after the tank is full, we forget to turn off the pump, causing water to overflow from the tanks and increasing electricity consumption unnecessarily.	Water overflowing from storage tanks is a problem that causes water wastage. By installing a water overflow alarm, we can prevent water from overflowing and being wasted. This can be used in water tanks, swimming pools, industrial processes, basements, and agricultural irrigation systems. It is easy to install, low cost, and safe. It will also help us save electricity. The system provides an audio-visual alert.	The problem is that water tanks overflow because people forget to turn off the pump after the tank is full, wasting water and electricity. The proposed solution is a low-cost, easy-to-install water overflow alarm that gives audio-visual alerts to prevent water wastage and save electricity. This device can be used in various places like tanks, pools, and irrigation systems.
6543	"സ്കൂളുകളിൽ വ്യത്യസ്ത തരത്തിലുള്ള മാലിന്യങ്ങളുടെ ശെരിയായ രീതിയിലുള്ള നിർമാർജനം നടക്കുന്നില്ല .ഇതുകൊണ്ട് തന്നെ സ്കൂളുകളിലും സ്കൂളിൻ്റെ പരിസര പ്രദേശങ്ങളിൽ ഉള്ള മാലിന്യങ്ങൾ ക്രമാതീതമായി വർദ്ധിക്കുന്നു .ഇത് എല്ലാ സ്‌കൂളുകളിലും പൊതുവായി കണ്ടുവരുന്ന പ്രശ്‌നമാണ്. എന്തെന്നാൻ സ്‌കൂളുകളിൽ വ്യത്യസ്‌തതരത്തിലുള്ള മാലിന്യ സംസ്ക്‌കരണം നടക്കുന്നില്ല, മാലിന്യങ്ങളുടെ തോത് പോകെ പോകെ വർധിച്ചു വരുന്നു.
 
 * പ്ലാസ്റ്റിക് മാലിന്യങ്ങൾ
 
 •പേപ്പർ മാലിന്യങ്ങൾ
 
 •ഭക്ഷ്യ മാലിന്യങ്ങൾ
 
 •ചോക്ക് പൊട്ടുകൾ 
 
 •റബ്ബർ മാലിന്യങ്ങൾ
 
 •ഇരുമ്പ് മാലിന്യങ്ങൾ
 
 •തുണിത്തര മാലിന്യങ്ങൾ
 
 •സെറാമിക് മാലിന്യങ്ങൾ
 
 ഇത്തരത്തിലുള്ള മാലിന്യങ്ങളാണ് സ്കൂളുകളിൽ പ്രധാനമായി കണ്ടുവരുന്നത്.ഇത്തരത്തിലുള്ള മാലിന്യങ്ങളുടെ അമിധമായ വർധനവ് സ്കൂളിൻ്റെ പരിസ്ഥിതിയെയും കുട്ടികളുടെ ആരോഗ്യത്തെയും പ്രതികൂലമായി ബാധിക്കുന്നു അതുകൂടാതെ നമ്മുടെ സമൂഹത്തെയും ബാധിക്കുന്നു.
 വ്യത്യസ്ത മാലിന്യങ്ങൾ സ്കൂളുകളിൽ കൂട്ടിയിട്ട് കത്തിക്കുന്നതുകൊണ്ട് പ്രകൃതിക്ക് ദോഷമുണ്ടാക്കുന്നു"	"ഞങ്ങൾ ഈ ആശയം കണ്ടെത്തിയത് പ്രാധാനമായും സ്കൂളുകളിലെ മാലിന്യങ്ങളുടെ അളവ് കുറക്കുന്നതിനു വേണ്ടിയാണ് .സ്കൂളുകളിൽ നിന്ന് ലഭിക്കുന്ന വ്യത്യസ്ത തരത്തിലുള്ള മാലിന്യങ്ങളെ നമുക്കുപയോഗമുള്ള രീതിയിൽ മാടിയെടുക്കുന്നതാണ് ഞങൾ അവതരിപ്പിക്കുന്ന ഈ ആശയം.ഉദാഹരണത്തിന് സ്കൂളുകളിൽ നിന്നും ലഭിക്കുന്ന റബ്ബർ മാലിന്യങ്ങളെ നമുക്ക് ഇന്ധനമാക്കി മാറ്റാൻ കഴിയുംഈ ഇന്ധനം വിൽക്കുന്നതു വഴി നമുക്ക് നല്ലൊരു വരുമാന മാർഗ്ഗം കണ്ടെത്താനാവും.നമ്മുടെ സമൂഹത്തെ മാലിന്യ വിമുക്തമാക്കാനും കഴിയും.സ്കൂളിലെ കുട്ടികളും അധ്യാപകരും അതുപോലെ മറ്റുള്ളവരുമാണ് ഈ പ്രശ്നം നേരിടുന്നത്.പ്ലാസ്റ്റിക് മാലിന്യങ്ങൾ ശേഖരിച്ച് പുതിയ ഉൽപന്നങ്ങൾ ആക്കുന്നു.ഈ ഉൽപ്പന്നങ്ങൾ ഒരു വെബ്സൈറ്റ് വഴി വിൽക്കുന്നത്തിലൂടെ നമുക്ക് ഒരു വരുമാന മാർഗം ലഭിക്കുന്ന ഇതിലൂടെ തന്നെ നമ്മുടെ രാജ്യത്തിൻ്റെ വരുമാനം വർധിപ്പിക്കാനും സാധിക്കുന്നു .അതുകൂടാതെ നമ്മുടെ സമൂഹത്തിലെ മാലിന്യങ്ങൾ നിർമാർജനം ചെയ്യുവാനും സാധിക്കും.
 അതുപോലെത്തന്നെ,
  അതുപോലെ തന്നെ നമ്മുടെ രാജ്യത്തിൻ്റെ വികസന പ്രവർത്തനങ്ങളിൽ പങ്കാളികൾ ആവാനും സാധിക്കുന്നതാണ്"	"Proper disposal of different types of waste is not happening in schools. Because of this, the waste in schools and their surrounding areas is increasing uncontrollably. This is a common problem seen in all schools. The main reason is that different types of waste are not being processed properly in schools, and the amount of waste is increasing day by day.

The main types of waste found in schools are:

* Plastic waste
* Paper waste
* Food waste
* Chalk pieces
* Rubber waste
* Iron waste
* Cloth waste
* Ceramic waste

The excessive increase of such waste negatively affects the school's environment and the health of the children, and also impacts our society. Burning mixed waste collected in schools causes harm to nature."	"We developed this idea mainly to reduce the amount of waste in schools. Our idea is to process the different types of waste obtained from schools in a useful way. For example, rubber waste from schools can be converted into fuel. By selling this fuel, we can find a good source of income. This can also help make our society free from waste. School children, teachers, and others face this problem.

Plastic waste is collected and turned into new products. These products are sold through a website, providing us with a source of income. This also helps increase our country's income. Additionally, it enables the disposal of waste in our society.

Similarly, this approach allows us to participate in the development activities of our country."	The problem is that schools are not properly disposing of various types of waste, leading to increasing pollution and health hazards. The proposed solution is to recycle and process school waste, such as converting rubber waste into fuel and plastic waste into new products, which can be sold online to generate income. This approach aims to reduce waste, improve the environment, support the community, and contribute to the country's development.
7603	കുട്ടികളിൽ കണ്ടെത്തിയ പോഷകാഹാര അപര്യാപ്തത	"ബോധവത്കരണം - പോഷകാഹാരത്തിന്റെ ആവശ്യകതയും . അപര്യാപ്തത മൂലമുണ്ടാകുന്ന രോഗങ്ങളെ കുറിച്ച് ബോധവത്കരണം
 സമീകൃതാഹാര വിതരണം
 ആഴ്ച്ചയിൽ ഒരു ദിവസം Happy dishes ആചരണം
 കുട്ടികൾ വീട്ടിൽ നിന്നും ഉണ്ടാക്കിയ പോഷക സമൃദ്ധമായ ഭക്ഷണങ്ങൾ സ്കൂളിൽ കൊണ്ടുവന്ന് അധ്യാപകരുടെ നേതൃത്വത്തിൽ കഴിക്കുന്നു അധ്യാപകരും അതിൽ പങ്കാളികളാകുന്നു"	Nutritional deficiency found in children	"Awareness creation - about the need for nutrition and the diseases caused by deficiency
Balanced diet distribution
Once a week, practice 'Happy dishes'
Children bring nutritious food prepared at home to school and eat it under the guidance of teachers, who also participate in it."	The problem is that children are suffering from nutritional deficiencies. The solution involves creating awareness about nutrition and related diseases, providing balanced diets, organizing a weekly 'Happy dishes' event where children bring nutritious food from home to school, and teachers participate to encourage healthy eating habits.
8240	ഞങ്ങൾ ഒരു ഫാനോടുകൂടിയ എമർജൻസിയുടെ പ്രോട്ടോടൈപ്പ് ആണ് നിർമിച്ചത്. കറണ്ട് പോകുമ്പോൾ നമ്മുടെ ആൾക്കാർ സാധാരണയായി ഉപയോഗിക്കുന്ന ഒന്നാണ് എമർജൻസി. ഇപ്പോഴത്തെ കാലാവസ്ഥയുടെ ഒരു പ്രത്യേകത ഭയങ്കര ചൂടാണ്. കറണ്ടില്ലാത്തപ്പോൾ എമർജൻസി യുടെ സഹായത്തോടെ നമ്മുക്ക് അത്യാവശ്യം ജോലികളും പഠനവുമൊക്കെ സാധിക്കും. എന്നാൽ അന്തരീക്ഷത്തിൽ ചൂട് കൂടുതലായതുകൊണ്ട് നമ്മൾ വിയർക്കാൻ തുടങ്ങും. ഇത് പ്രവർത്തിച്ചെയ്യുന്നതിനു പ്രതികൂലമായി ബാധിക്കും. ഇത് ഒഴിവാക്കാനാണ് എമർജൻസി ലൈറ്റ് with ഫാൻ എന്ന ഒരു ഐഡിയ ഞങ്ങൾ മുന്നോട്ടു വയ്ക്കുന്നത്. ലൈറ്റും ഫാനും രണ്ടു വ്യത്യസ്ത സ്വിച്ചിൽ ക്രമീകരിച്ചിരിക്കുന്നതുകൊണ്ട്നമ്മുക്ക് ആവശ്യമുള്ളപ്പോൾ മാത്രം ഫാൻ ഉപയോഗിച്ചാൽ മതി.. ഇത്‌ എനർജി ലഭിക്കാൻ സാധിക്കും. ഇത്തരം ഒരു ഉപകരണം വികസിച്ചുവന്നാൽ അത് ജനങ്ങൾക്ക് വളരെ ഉപകാരപ്പെടും.	ഞങ്ങളുടെ ജീവിതത്തിൽ ഉള്ള ഒരു പ്രശ്നമായിരുന്നു ഇത്. ഇതിനു എന്ത് പരിഹാരമണുള്ളതെന്നു ഞങ്ങൾ ആലോചിച്ചു. അതിനായ് ഞങ്ങൾക്ക് തോന്നിയ ഐഡിയ ഉപയോഗിച്ച് അതിന്റെ ഒരു പ്രോട്ടോടൈപ്പ് നിർമിച്ചു. ഇതിന്റെ നിർമാണത്തിന് ഞങ്ങളുടെ പേരെന്റ്സും ടീച്ചറും സഹായിച്ചു. ഇത് പ്രവർത്തിക്കുന്നത് സാധാരണ എമർജൻസി പോലെ തന്നെ. എന്നാൽ ലൈറ്റ് കൊടുത്തിരിക്കുന്നതിന്റെ മറുവശത്തായി ഒരു ചെറിയ ഫാൻ കൂടി കണക്ട് ചെയ്യുന്നു. ഇവയെ വ്യത്യസ്ത സ്വിച്ച് കൊണ്ട് ബന്ധിപ്പിക്കുന്നു. കറണ്ട് പോകുമ്പോൾ ലൈറ്റ്നോടൊപ്പോം ഫാൻ കൂടി വർക്ക്‌ ചെയ്യിക്കാം. ഇത് മൂലം നമ്മുക്ക് കംഫോർട്ട് ആയി ജോലിചയ്യാനും പഠിക്കാനും സാധിക്കും. ഇത് വികസിച്ചെടുത്താൽ ജനങ്ങൾക്ക് വളരെ ഉപകാരപ്പെടും.	We have created a prototype of an emergency light with a fan. When the power goes out, people commonly use emergency lights. A particular feature of the current weather is extreme heat. When there is no electricity, with the help of the emergency light, we can do essential work and study. However, because of the increased heat in the atmosphere, we start to sweat, which negatively affects the use of the emergency light. To avoid this, we are proposing the idea of an emergency light with a fan. Since the light and fan are arranged with two separate switches, we can use the fan only when needed. This will help in energy availability. If such a device is developed, it will be very useful to people.	This was a problem in our daily life. We thought about what solution could be there for it. Using the idea we came up with, we made a prototype. Our parents and teacher helped us in making it. It works like a normal emergency light. But on the back side of the light, a small fan is connected. These are connected with separate switches. When the power goes out, both the light and the fan can work together. Because of this, we can work and study comfortably. If this is further developed, it will be very helpful to people.	The students identified the problem of discomfort caused by heat when using emergency lights during power outages. They created a prototype of an emergency light combined with a fan, allowing users to switch on the fan separately for comfort. This innovation aims to help people work and study comfortably during power cuts, especially in hot weather.
9064	കാലാവസ്ഥാ വ്യതിയാനം, പാരിസ്ഥിതിക തകർച്ച, ഫോസിൽ ഇന്ധന സ്രോതസ്സുകളുടെ ശോഷണം എന്നിവയാൽ നയിക്കപ്പെടുന്ന അഭൂതപൂർവമായ ഊർജ്ജ പ്രതിസന്ധിയാണ് ലോകം അഭിമുഖീകരിക്കുന്നത്. ആഗോള ഊർജ്ജ ആവശ്യകതകൾ വർദ്ധിച്ചുകൊണ്ടിരിക്കുന്നതിനാൽ, സുസ്ഥിരവും പുനരുപയോഗിക്കാവുന്നതുമായ ഊർജ്ജ സ്രോതസ്സുകളിലേക്ക് മാറേണ്ടത് അനിവാര്യമായിരിക്കുന്നു.	"""ഊർജ്ജത്തിൻ്റെ ഭാവി പുനഃസ്ഥാപിക്കുക"" പദ്ധതി ലക്ഷ്യമിടുന്നത് സുസ്ഥിരവും തുല്യവും ഊർജ്ജ-സുരക്ഷിതവുമായ ഭാവിയിലേക്ക് മാറുന്നതിനുള്ള നൂതനമായ പരിഹാരങ്ങൾ പര്യവേക്ഷണം ചെയ്യുകയണ്.
  1. സോളാർ വിൻഡോകൾ: വീടുകൾക്കും സ്‌കൂളുകൾക്കും വേണ്ടിയുള്ള സൗരോർജ ജാലകങ്ങൾ 
  2. കാറ്റ് ടർബൈനുകൾ: വീട്ടുമുറ്റത്ത് സ്ഥാപിക്കുന്നതിനുള്ള ചെറുകിട ടർബൈനുകൾ.
 *ഇത് എങ്ങനെ പ്രവർത്തിക്കുന്നു
  1. പുനരുപയോഗ ഊർജ്ജ സ്രോതസ്സുകൾ വൈദ്യുതി ഉത്പാദിപ്പിക്കുന്നു.
  2. സ്മാർട്ട് ഗ്രിഡുകൾ ഊർജ്ജ വിഹിതം കൈകാര്യം ചെയ്യുന്നു.
  4. സാമൂഹിക ഇടപെടൽ ഊർജ്ജ സംരക്ഷണം പ്രോത്സാഹിപ്പിക്കുന്നു.
  *ആരെയാണ് സഹായിക്കുന്നത്:*
 1. പ്രാദേശിക കമ്മ്യൂണിറ്റികൾ: വിശ്വസനീയമായ, ശുദ്ധമായ ഊർജ്ജ പ്രവേശനം.
  2. പരിസ്ഥിതി: ഹരിതഗൃഹ വാതക ഉദ്‌വമനം കുറച്ചു.
  3. ഭാവി തലമുറകൾ: സുസ്ഥിര ഊർജ്ജ പാരമ്പര്യം.
  *പ്രയോജനങ്ങൾ:*
 1. പുനരുൽപ്പാദിപ്പിക്കാവുന്ന ഊർജ്ജ സ്രോതസ്സ്
  2. കുറഞ്ഞ ഊർജ്ജ ബില്ലുകൾ
  3. തൊഴിൽ സൃഷ്ടിക്കൽ"	The world is facing an unprecedented energy crisis driven by climate change, environmental degradation, and the depletion of fossil fuel sources. As global energy demands continue to rise, it is essential to shift towards sustainable and renewable energy sources.	"The ""Restore the Future of Energy"" project aims to explore innovative solutions for transitioning to a sustainable, equitable, and energy-secure future.
1. Solar Windows: Solar energy panels designed for homes and schools.
2. Wind Turbines: Small-scale turbines suitable for installation around homes.

*How it works:*
1. Renewable energy sources generate electricity.
2. Smart grids manage the distribution of energy.
3. Social engagement promotes energy conservation.

*Who benefits:*
1. Local communities: Reliable and clean energy access.
2. Environment: Reduced greenhouse gas emissions.
3. Future generations: Sustainable energy legacy.

*Benefits:*
1. Renewable energy source.
2. Lower energy bills.
3. Job creation."	"The student identifies the global energy crisis caused by climate change and fossil fuel depletion and proposes the ""Restore the Future of Energy"" project. This project focuses on using solar windows and small wind turbines to generate renewable energy, managed by smart grids and supported by community involvement. The solution aims to provide clean, reliable energy, reduce emissions, lower energy costs, and create jobs for sustainable development."
9327	എല്ലാവിഷയങ്ങളിലും ചെറിയ ക്ലാസ്സ്‌ മുതൽ തന്നെ പ്രയാസമേറിയതും കൺഫ്യൂഷൻ ഉണ്ടാക്കുന്നതുമായ ധാരാളം പാഠഭാഗങ്ങൾ ഉണ്ട്.	ബുദ്ധിമുട്ടുള്ള പാഠഭാഗങ്ങൾ പഠിക്കുന്നതിനുവേണ്ടിയാണ് ഇങ്ങനെയൊരു മോഡൽ രൂപകല്പന ചെയ്തത്.. ഇത് നിർമ്മിക്കുന്നതിനുവേണ്ടി രണ്ട് തുല്യ ആകൃതിയുള്ള കാർഡ് ബോർഡ്, കേബിൾ, ബാറ്ററി, ബസർ സ്ക്രൂ കണക്ട് ചെയ്ത രണ്ട് പേനയുടെ ബോഡിയും, ചാർട്ട് പേപ്പർ, പഠിക്കേണ്ട പാഠഭാഗത്തിന്റെ വലിപ്പമുള്ള ചിത്രവും ആവശ്യമുണ്ട്. കാർഡ് ബോർഡിന് മുകളിൽ വൈറ്റ് ചാർട്ട് പേപ്പർ ഒട്ടിക്കുക. ആദ്യത്തെ കാർഡ്ബോർഡിൽ ചോദ്യവലികൾ എഴുതിയൊട്ടിക്കണം ഓരോ ചോദ്യത്തിലും ഓരോ ചെറിയ സ്ക്രൂ കണക്ട് ചെയ്യണം അടുത്ത കാർഡ്ബോർഡിൽ പഠിക്കേണ്ട ഭാഗം ഒട്ടിക്കണം. അതിനുശേഷം കേബിൾ ഉപയോഗിച്ച് കണക്ട് ചെയ്യുക.. രണ്ടു പേനയുടെ ബോഡിയിലും ഓരോ സ്ക്രൂ വീതം കണക്ട് ചെയ്യുക.കാർഡ് ബോർഡിന്റെ മറുവശത്ത് ബാറ്ററിയും ബസ്സറും കണക്ട് ചെയ്യണം സ്ക്രൂ ഉള്ള പേനയുടെ ബോഡി കൊണ്ടാണ് ചോദ്യവും ഉത്തരവും തമ്മിൽ ടച്ച്‌ ചെയ്യുന്നത്.ഉത്തരം ശരിയാണെങ്കിൽ ബസറിൽ നിന്ന് ശബ്ദം വരും. തെറ്റാണെങ്കിൽ ശബ്ദം കേൾക്കില്ല. ഇങ്ങനെ നമ്മുക്ക് വളരെ രസകരമായി പഠിക്കാം.	In all subjects, there are many portions of the syllabus that are difficult and confusing starting from the lower classes.	This model is designed to help study difficult portions of the syllabus. To make it, you need two equal-sized cardboard pieces, cables, a battery, a buzzer, two pen bodies connected with screws, chart paper, and a picture of the portion to be studied in the size of the syllabus part. Attach white chart paper on top of the cardboard. On the first cardboard, write question circles and attach a small screw to each question. On the next cardboard, attach the portion to be studied. Then connect them using cables. Connect one screw each to the bodies of the two pens. On the back side of the cardboard, connect the battery and buzzer. The pen body with the screw is used to touch the question and answer. If the answer is correct, the buzzer will sound. If it is wrong, no sound will be heard. This way, we can study very interestingly.	The student identifies that many parts of the syllabus are difficult and confusing for students from early classes. To address this, they designed a learning model using cardboard, a buzzer, battery, and pen bodies with screws to create an interactive question-and-answer system where a buzzer sounds for correct answers, making studying more engaging and fun.
9638	വർധിച്ചു വരുന്ന ഗതാഗത കുരുക്ക്, തൊഴിലാളികളുടെ ലഭ്യത കുറവ് മൂലം മാലിന്യ നീക്കം ദുഷ്കരമാകുന്ന ഈ കാലത്ത് പൊതുജങ്ങളുടെ ജീവിതത്തെ ബാധിക്കാതെ ഉള്ള മാലിന്യ സംഭരണവും അവയുടെ സംസ്കരണ സ്ഥലത്തേക്ക് ഉള്ള സുഗമമായ കൈമാറ്റവും ഭൂഗർഭാന്തര സംവിധാനങ്ങളിലൂടെ ഈ ആശയം എങ്ങനെ പ്രാവർത്തികമാക്കാം.	വീടുകളിൽ നിന്നും ഫ്ലാറ്റുകളിൽ നിന്നും ശേഖരിച്ച മാലിന്യം പ്രത്യേകം തയ്യാറാക്കിയ മാലിന്യ പെട്ടിയിൽ നിക്ഷേപിച്ചു കഴിഞ്ഞാൽ ഒരു നിശ്ചിത അളവ് മാലിന്യമാകുമ്പോൾ പെട്ടിയുടെ അടിയിലെ വാൽവ് തുറക്കുകയും മർദ്ദം കുറഞ്ഞ പൈപ്പ് വ്യൂഹത്തിലേക്ക് മാലിന്യം സ്വയം കൈമാറ്റം ചെയ്യപ്പെടുകയും ചെയ്യുന്നു. മാലിന്യം മർദ്ദ വ്യത്യാസത്തിൽ പൈപ്പിലൂടെ അടുത്തുള്ള മാലിന്യ ശേഖരണ സ്ഥലത്ത് എത്തുകയും അവിടെ വേർതിരിക്കലും പുനചക്രമണവും സാധ്യമാവുകയും ചെയ്യും. മേൽ പ്രവർത്തി പൂർണ്ണമായും ഓട്ടോമാറ്റിക് ആയതിനാൽ മാലിന്യം ഒരു സ്ഥലത്ത് കെട്ടിക്കിടക്കുന്ന പ്രശ്നം ഉണ്ടാകുകയോ മാലിന്യം റോഡിലൂടെ ട്രാഫിക് ബുദ്ധിമുട്ട് ഉണ്ടാക്കി ദൂരേക്ക് കൊണ്ടുപോകേണ്ടി വരുകയോ ചെയ്യുന്നില്ല.	In this time when increasing traffic congestion and shortage of labor make waste removal difficult, how can we implement waste storage and smooth transfer to processing locations through underground systems without affecting the daily lives of the public?	Waste collected from houses and flats is deposited into specially prepared waste boxes. Once a certain amount of waste accumulates, a valve at the bottom of the box opens, and the waste is automatically transferred through a low-pressure pipe system. Due to pressure differences, the waste moves through the pipes to the nearest waste collection site, where sorting and recycling can be done. Since this process is fully automatic, there is no problem of waste piling up in one place or causing traffic congestion by transporting it over roads.	The problem is that traffic congestion and lack of workers make waste removal difficult without disturbing people. The proposed solution is an automatic underground system where waste from homes is collected in special boxes and then transferred through pipes to processing centers, avoiding waste accumulation and traffic issues.
10250	"EV യുടെ ചാർജ് പെട്ടന്ന് തീരുന്നതിനുള്ള പരിഹാരം
 ചാർജ് പെട്ടെന്ന് തീരുന്നു.അത്യാവശ്യ സാഹചര്യങ്ങളിൽ യാത്ര ചെയ്യുമ്പോൾ വാഹനം ഇടയിൽ നിൽക്കുന്നതിന് പരിഹാരമായി വാഹനത്തിൻറെ മോട്ടോറിൽ നിന്ന് ബെൽറ്റ് വഴി മറ്റൊരു മോട്ടോറിലേക്ക് കണക്ട് ചെയ്യുക.അതിൻറെ ഔട്ട്പുട്ട് DC യിലൂടെ ചാർജ് പോയിന്റുമായി ബന്ധിപ്പിക്കുക. അപ്പോൾ വാഹനം ഓടുന്ന സമയത്ത് കാറ്റിൻ്റെ ശക്തികൊണ്ട് വാഹനം ചാർജ് നിറയുന്നതാണ്."	"EV യുടെ ചാർജ് പെട്ടന്ന് തീരുന്നതിനുള്ള പരിഹാരം
 ചാർജ് പെട്ടെന്ന് തീരുന്നു.അത്യാവശ്യ സാഹചര്യങ്ങളിൽ യാത്ര ചെയ്യുമ്പോൾ വാഹനം ഇടയിൽ നിൽക്കുന്നതിന് പരിഹാരമായി വാഹനത്തിൻറെ മോട്ടോറിൽ നിന്ന് ബെൽറ്റ് വഴി മറ്റൊരു മോട്ടോറിലേക്ക് കണക്ട് ചെയ്യുക.അതിൻറെ ഔട്ട്പുട്ട് DC യിലൂടെ ചാർജ് പോയിന്റുമായി ബന്ധിപ്പിക്കുക. അപ്പോൾ വാഹനം ഓടുന്ന സമയത്ത് കാറ്റിൻ്റെ ശക്തികൊണ്ട് വാഹനം ചാർജ് നിറയുന്നതാണ്."	Solution for the EV's charge running out quickly: The charge runs out quickly. As a solution to the vehicle stopping in between during urgent travel situations, connect another motor to the vehicle's motor through a belt. Connect its output to the charge point via DC. Then, while the vehicle is running, the vehicle will be charged by the power of the wind.	Solution for the EV's charge running out quickly: The charge runs out quickly. As a solution to the vehicle stopping in between during urgent travel situations, connect another motor to the vehicle's motor through a belt. Connect its output to the charge point via DC. Then, while the vehicle is running, the vehicle will be charged by the power of the wind.	The problem is that electric vehicles (EVs) run out of charge quickly, causing them to stop during important trips. The proposed solution is to connect an additional motor to the vehicle's motor using a belt, and link its output to the charging point via DC, so that while the vehicle is running, wind power generated by this setup can recharge the vehicle.
10358	"നഗരങ്ങളിൽ ആണ് ഏറ്റവും കൂടുതൽ മാലിന്യ പ്രശ്നം രൂക്ഷമായി കാണുന്നത് . ഇന്ന് പല നഗരങ്ങളും നേരിടുന്ന ഏറ്റവും വലിയ പ്രശ്നമാണ് മാലിന്യ പ്രശ്നം. 
 ജനസംഖ്യാ വർധനവും വ്യവസായ ശാലകളുടെ വർധനവും മാലിന്യ പ്രശ്നം ഭാവിയിലും കൂട്ടുകയേ ഉള്ളൂ. ഇതിന് ഒരു ശാശ്വത പരിഹാരം ശരിയായ രീതിയിൽ മാലിന്യ സംസ്കരണമാണ്."	"നഗരങ്ങൾ കേന്ദ്രീകരിച്ച് പ്ലാസ്റ്റിക് മലിനീകരണവും ്്ജലദൗർലഭ്യവും കൂടുതലാണ്. പ്ലാസ്റ്റിക് സംസ്കരണം ശരിയായ രീതിയിൽ നടക്കുന്നത് നഗരത്തെ വൃത്തിയാക്കി വെക്കാൻ സഹായിക്കുന്നു. 
  1. ഫ്ളാറ്റുകൾ കേന്ദ്രീകരിച്ച് സോളാർ എനർജി ഉപയോഗിക്കുന്നത് 
 2. വാട്ടർ റീ യൂസ് ചെയ്യുന്നത്
 3. പ്ലാസ്റ്റിക് മാലിന്യം ശുദ്ധീകരിച്ച് വ്യവസ്ഥയ ശാലകൾക്ക് നൽകുന്നത്"	The most severe waste problem is seen in cities. Waste management is the biggest problem faced by many cities today. Population growth and the increase in industrial factories will further increase the waste problem in the future. A sustainable solution is proper waste processing.	"Cities have concentrated plastic pollution and water scarcity. Proper plastic recycling helps keep the city clean. 
1. Using solar energy focused on apartment complexes
2. Reusing water
3. Purifying plastic waste and supplying it to factories"	The problem is the severe waste issue in cities caused by population and industrial growth. The solution proposes proper plastic recycling, solar energy use in apartments, water reuse, and supplying purified plastic waste to factories to manage waste sustainably.
10511	അധിനിവേശ സസ്യങ്ങളുടെ സാന്നിധ്യം കണ്ടെത്തുക അവമൂലം ഉണ്ടാകുന്ന പാരിസ്ഥിതിക പ്രശ്നങ്ങൾക്ക് പരിഹാരം കണ്ടെത്തുക.	"അധിനിവേശ സസ്യങ്ങൾ ബയോമാസ്സ് ആയതിനാൽ. നശിപ്പിച്ചു കളയുന്നതിനേക്കാൾ അവിയിൽ നിന്ന് പ്രകൃതി ദത്ത നാരുകൾ എടുത്ത് പ്രോഡക്ടസ് ആക്കി മാറ്റാം. ബ്രഷ്, മാറ്റുകൾ, ബാഗുകൾ,കര കൗശല വസ്തുക്കൾ എന്നിവ നിർമ്മിക്കാം. 
 ജൈവ വളം നിർമിക്കാൻ ഉപയോഗിക്കാം. 
 പുതയിടാൻ ഉപയോഗിക്കാം. 
 അധിനിവേശ സ്വഭാവം കാർഷിക വിളകളുടെ വിത്തുകളിലേക്ക് എത്തിക്കാൻ ആയാൽ ( ജീനോമിക് ലെവൽ ). കാർഷിക രംഗത്ത് വിളവ് കൂടും. 
 . നിയന്ത്രിത ഉപയോഗം കൃഷി സ്ഥല ലഭ്യത കൂട്ടാൻ സഹായിക്കും."	Detect the presence of invasive plant species and find solutions to the environmental problems caused by them.	Since invasive plants are biomass, instead of destroying and discarding them, natural fibers can be extracted from them and converted into products. Items like brushes, mats, bags, and rope materials can be made. They can be used to produce organic fertilizer. They can also be used for making compost. If the invasive traits can be transferred into agricultural crop seeds (at the genomic level), crop yields can increase. Controlled use of invasive plants will help increase the availability of agricultural land.	The problem is about identifying invasive plant species and addressing the environmental issues they cause. The proposed solution is to utilize these invasive plants as biomass to create useful products like brushes and bags, produce organic fertilizer, and potentially improve crop yields by transferring beneficial traits to crops, thereby supporting sustainable agriculture and land availability.
10533	മോട്ടറിടാത്ത ഒരു ദിവസവും നമ്മുടെ ജീവീതത്തിൽ കടന്നുപോകാറില്ല. എന്നാൽ മാസവും നല്ല രീതിയിലുള്ള കരന്റുമ്പില്ലും നമ്മൾ അഭിമുഗീകരിക്കാറുണ്ട്. എന്നാൽ വീടുകളിൽ സോളാർപേനലുകൾ വെക്കൽ വലിയ രീതിയിൽ പൈസ ചിലാവാകും. ഇത് ഒരു പ്രശ്നം തന്നെ	ട്ടാഗിയിലേക് വെള്ളം ചാടുബോൾ ജനറേറ്റർ കറങ്ങുകയും തുടർന്ന് ജനറേറ്റർ കുരന്റ് ഉൽപാതിപ്പി ചെയ്യുന്നു. ഈ കരന്റ് ഇൻവേറ്ററിലെതുകയും ചെയ്യുന്നു. ഈ കരന്റ് നമ്മുക്ക് ആവശ്യമുള്ളപോൾ ഉപയോഗിക്കുകയും ചെയ്യാം. ഇതിലൂടെ ഒരു വിദം കരന്റുമ്പില്ലിനെ നമുക്ക് നിയന്ത്രിക്കാൻ കഴിയും. ഇത് കൂടുതലും വിടകൾക്കും പിന്നെ സ്കൂളുകൾക്കും പിന്നെ ഹോസ്പിറ്റിലലുകൾക്കുമാണ് ഉപകാരപെടുക.	There is not a single day without using a motor in our lives. However, every month we face the problem of not having proper electricity supply. Installing solar panels in homes can be very expensive. This is indeed a problem.	When water flows over the turbine, the generator rotates and produces current. This current is fed into an inverter. We can use this current whenever we need it. Through this, we can control the shortage of electricity. This is mostly useful for homes, schools, and hospitals.	The problem is that people regularly face electricity shortages, and installing solar panels at home is costly. The proposed solution is to generate electricity using a water turbine connected to a generator, which produces current stored via an inverter for use when needed. This method can help manage electricity shortages, especially benefiting homes, schools, and hospitals.
10966	ഇന്ന് വികസനവുമായി ബന്ധപ്പെട്ട് നമ്മുടെ രാജ്യത്ത് ആറ് വരി ഹൈവേ ലൈനുകൾ കൂടി കൂടി വരികയാണ് .മുഴുവൻ സമയങ്ങളിലും വാഹനങ്ങൾ നിരന്തരം ഓടിക്കൊണ്ടിരിക്കുന്നു .ഊർജ പ്രതിസന്ധി എന്ന് നാം നിരന്തരം കേട്ട് കൊണ്ടിരിക്കുന്ന പ്രധാന പ്രശ്നമാണ് . ഈ വികസന പ്രവർത്തനത്തോടൊപ്പം ഊർജ പ്രതിസന്ധിക്ക് ഒരു പരിഹാരവും കൂടി കൊണ്ടുവരിക എന്നതാണ് ഞങ്ങളുടെ ആശയം.ഊർജത്തിന്റെ ആവശ്യകത വര്ധിക്കാനിടയായ സാഹചര്യങ്ങളിൽ പ്രധാനപ്പെട്ട ഒന്നാണ് ജനസംഖ്യ വർദ്ധനവ് .ഇതു ഊർജ ഉപഭോഗത്തെ വലിയതരത്തിൽ ബാധിക്കുന്നു .ഊർജത്തിന്റെ ആവശ്യത്തിലുള്ള വർധനവും ലഭ്യതയിലുള്ള കുറവുമാണ് ഊർജ്ജപ്രതിസന്ധി .പാരമ്പര്യേതര ഊർജസ്രോതസ്സുകൾ ഉപയോഗപ്പെടുത്തി നമുക്ക് ഇതു ഒരു പരിധിവരെ പരിഹരിക്കാം.	സ്വയം പര്യാപ്ത ഹൈവേലൈന്‍ വഴി മൂന്നു രീതിയില്‍ വൈദ്യുതി നിര്‍മിക്കാന്‍ കഴിയുന്നു. ഹൈവേയുടെ ഒരു സൈഡില്‍ ക്രമീകരിച്ചിരിക്കുന്ന സോളാര്‍ പാനലുകള്‍ വഴി വൈദ്യുതി നിര്‍മ്മിക്കാന്‍ കഴിയുന്നു. വാഹനങ്ങള്‍ 50 km/hr വേഗതയില്‍ പോകുമ്പോള്‍ ലഭ്യമാകുന്ന കാറ്റില്‍ നിന്ന് വൈദ്യുതി ഉണ്ടാക്കാനുള്ള horizontal axis wind turbine രണ്ട് ഹൈവേ ലൈനിനു മധ്യത്തില്‍ ക്രമീകരിച്ചിരിക്കുന്നു. മൂന്നാമതായി പീസോ ഇലക്ട്രിസിറ്റിയും നിര്‍മ്മിക്കാം. വസ്തുക്കളെ അമര്‍ത്തുന്നതിലൂടെയുള്ള മര്‍ദ്ദത്തില്‍ നിന്നും വൈദ്യുതി നിര്‍മിക്കുന്നതാണ് പീസോ ഇലക്ട്രിസിറ്റി. റോഡിന് 5 cm താഴെയായി പീസോ ഇലക്ട്രിക് ഘടകങ്ങള്‍ ക്രമീകരിക്കുന്നതിനാല്‍ പീസോ ഇലക്ട്രിസിറ്റിയും നിര്‍മ്മിക്കാവുന്നതാണ്.	Today, related to development, our country is adding six-lane highway lines. Vehicles are continuously running at all times. The main problem we keep hearing about is the energy crisis. Along with this development work, our idea is to bring a solution to the energy crisis as well. One important factor causing increased energy demand is population growth. This greatly affects energy consumption. The increase in energy demand and the decrease in availability cause the energy crisis. We can partially solve this by using non-conventional energy sources.	Through a self-sufficient highway line, electricity can be generated in three ways. Electricity can be produced through solar panels arranged on one side of the highway. Horizontal axis wind turbines are arranged in the middle of two highway lines to generate electricity from the wind available when vehicles travel at 50 km/hr speed. Thirdly, piezoelectricity can be generated. Piezoelectricity is electricity produced from pressure applied by pressing objects. Since piezoelectric components are arranged 5 cm below the road, piezoelectricity can also be generated.	The problem is the increasing energy crisis caused by continuous vehicle use on expanding highways and population growth. The proposed solution is a self-sufficient highway that generates electricity using three methods: solar panels on the highway side, wind turbines between highway lanes utilizing wind from moving vehicles, and piezoelectric components embedded under the road to produce electricity from pressure.
2113	आजकल हम दैनिक जीवन मे स्वास्थ्यवर्धक भोजन नहीं कर रहे हैं जिससे हमारे बहुत सारी बीमारियां हो रही है आजकल बच्चे जंक फूड खा रहे हैं जिससे मोटापा बढ़ रहा है	"हमें दैनिक जीवन में यह संतुलित भोजन करना चाहिए 
 
 *नाश्ता*
 
 1. ओट्स का पोहा (Oats Poha)
 2. फलों का सलाद (Fruit Salad)
 3. सब्जी की टिक्की (Veggie Tikki)
 4. ग्रीक योगर्ट और फल (Greek Yogurt with Fruit)
 5. इडली सांभर (Idli Sambhar)
 
 *दोपहर का भोजन*
 
 1. ब्राउन राइस और सब्जी की करी (Brown Rice and Veggie Curry)
 2. साबुत अनाज की रोटी और सब्जी (Whole Grain Roti and Veggie)
 3. चिकन या मछली की ग्रिल (Grilled Chicken or Fish)
 4. सलाद और साबुत अनाज की पुलाव (Salad and Brown Rice Pulav)
 5. दाल मखनी और साबुत अनाज की रोटी (Dal Makhni and Whole Grain Roti)
 
 *शाम का नाश्ता*
 
 1. फलों का जूस (Fruit Juice)
 2. हरी चाय और बिस्किट (Green Tea and Biscuits)
 3. नट्स और ड्राई फ्रूट्स (Nuts and Dry Fruits)
 4. सब्जी के स्नैक्स (Veggie Snacks)
 5. दही और फल (Yogurt and Fruit)
 
 इन स्वस्थ भोजन विचारों को अपनाकर आप अपने स्वास्थ्य को बेहतर बना सकते हैं और अपने शरीर को आवश्यक पोषक तत्व प्रदान कर सकते हैं।"	Nowadays, we are not eating healthy food in our daily life, which is causing many diseases. Nowadays, children are eating junk food, which is increasing obesity.	"We should eat balanced meals in our daily life.

*Breakfast*
1. Oats Poha
2. Fruit Salad
3. Veggie Tikki
4. Greek Yogurt with Fruit
5. Idli Sambhar

*Lunch*
1. Brown Rice and Veggie Curry
2. Whole Grain Roti and Veggie
3. Grilled Chicken or Fish
4. Salad and Brown Rice Pulav
5. Dal Makhni and Whole Grain Roti

*Evening Snack*
1. Fruit Juice
2. Green Tea and Biscuits
3. Nuts and Dry Fruits
4. Veggie Snacks
5. Yogurt and Fruit

By adopting these healthy food ideas, you can improve your health and provide your body with the necessary nutrients."	The problem is that people, especially children, are eating unhealthy food like junk food, leading to many diseases and obesity. The solution is to eat balanced meals throughout the day, including healthy options for breakfast, lunch, and evening snacks, to improve health and provide essential nutrients.
9054	हमारे देश में मच्छरों एवं अन्य कीटों के कारण मलेरिया और डेंगू जैसे बहुत सारे रोग उत्पन्न होते है जिसका एक बहुत बड़ा कारण लोगों द्वारा मच्छर दानी का पर प्रयोग नहीं करना क्योंकि मच्छर दानी को बांधने में समस्या होती है उसके लिए या तो चारपाई के चारों पायो पर एक एक लकड़ी बांधनी होती है या दीवारों पर कील की सहायता से बांधना होता है जो बहुत ही कठिन होता है इसलिए लोग मच्छर दानी का प्रयोग नहीं करते.	एक सामान्य आयताकार मच्छर दानी जिसके ऊपरी दोनो किनारों पर एक एक लकड़ी का ब्रैकेट जो नीचे की तरफ जुड़े हैं तथा फ़ोल्ड किये जा सकते है इसी प्रकार मच्छर दानी के निचले भाग में भी लकड़ी का चौकोर ब्रैकेट जो एक तरफ से खुला हो लगा दिया जा जाता है जो आसानी से ओपन और फोल्ड किया जा सकता है इस प्रकार आसानी से ओपन और फोल्ड हो सकने वाली मच्छर दानी तैयार हो जाती है जिसे आसानी से चारपाई और जमीन पर नीचे लगाया जा सकता है वो भी बिना किसी सहारे के, इसे सहेजना भी काफी आसान है.	In our country, many diseases like malaria and dengue are caused by mosquitoes and other insects. A major reason for this is that people do not use mosquito nets because it is difficult to set them up. To tie a mosquito net, one either has to tie a wooden stick to each of the four legs of a cot or nail it to the walls, which is very difficult. Therefore, people avoid using mosquito nets.	A simple rectangular mosquito net is designed with wooden brackets attached to both the upper edges, which are connected at the bottom and can be folded. Similarly, a square wooden bracket, open on one side, is attached to the lower part of the mosquito net. These brackets can be easily opened and folded. This makes a mosquito net that can be easily opened and folded, and can be placed on a cot or on the ground without any support. It is also very easy to store.	The problem is that people avoid using mosquito nets because they are hard to set up, leading to diseases like malaria and dengue. The proposed solution is a mosquito net with foldable wooden brackets on the top and bottom edges, making it easy to open, fold, place, and store without needing extra support.
10367	"हमारे देश के सभी शिक्षक सांकेतिक भाषा में पारंगत नहीं होते , न ही सभी विद्यालय में विशेष शिक्षक उपलब्ध होते है , जहां पर है भी , वहां में ऐसे विशेष बच्चो को संपूर्ण विषयों के सांकेतिक भाषा में पढ़ा पाना मुश्किल हो जाता है जिससे एक समावेशी शिक्षा के लक्ष्यों को प्राप्त कर पाने में समस्या का सामना करना पड़ता है ।
 जैसा कि हम जानते है नई शिक्षा नीति 2020 का समावेशी शिक्षा पर विशेष जोर है साथ ही नई शिक्षा नीति 2020 कहती है कि जो हमारे दिव्यांग बच्चे है वे सामान्य विद्यालयों में शिक्षा ग्रहण करेंगे , अलग से विशेष विद्यालय नहीं होंगे , उन बच्चों के लिए सामान्य विद्यालयों में ही जारी सुविधा उपलब्ध करना है ।
 
 
 यदि हम विशेष बच्चो में ऐसे बच्चो की बात करे जो सुन बोल नहीं सकते जिनके लिए विद्यालय क्या समस्या है तो हम देख पाते है कि ऐसे बच्चो के लिए सांकेतिक भाषा में पारंगत शिक्षक की कमी है जिसके कारण जो बच्चे सुन बोल नहीं सकते उनके लिए शिक्षा बड़ी चुनौती बन रही है ।"	स्कूल के विद्यार्थी जो सुन बोल नहीं सकते उनको संकेतों के माध्यम से शिक्षा देने के लिए तत्पर	"Not all teachers in our country are proficient in sign language, nor are special teachers available in all schools. Even where they are available, it becomes difficult to teach such special children all subjects in sign language, which creates problems in achieving the goals of inclusive education. As we know, the New Education Policy 2020 places special emphasis on inclusive education and states that our differently-abled children will receive education in regular schools; there will be no separate special schools. The necessary facilities must be provided in regular schools for these children.

If we talk about special children who cannot hear or speak, the problem in schools is the lack of teachers proficient in sign language. Because of this, education becomes a big challenge for children who cannot hear or speak."	Students in the school who cannot hear or speak are ready to provide education through signs (sign language).	The problem is that many schools lack teachers skilled in sign language, making it hard to provide inclusive education for children who are deaf or mute, as emphasized by the New Education Policy 2020. The proposed solution is to educate these students using sign language through willing students in the school.
45710	हम आय दिन देख रहे है कि मोटरसाइकिल से कितनी दुर्घटना हो रही है। हर दिन कोई न कोई मर रहा है और ये प्रदूषण भी करती है।इसलिए इससे सुरक्षा के लिए हमे हेलमेट का उपयोग तो जरूर करना चाहिए इससे व्यक्ति का सिर बचा रहता है। इसमें भी एक पैनिक बटन लगाना चाहिए ताकि जब व्यक्ति असुरक्षित हो तो वह इसका उपयोग कर सकता है।	मोटरसाइकिल मै भी एक पैनिक बटन लगाना चाहिए । साथ ही मोटरसाइकिल के दोनो तरफ स्टैंड लगाने चाहिए।ताकि अगर वह उसे सम्हाल न पाए तो वह स्टैंड का उपयोग कर सकता है। और पैनिक बटन को बाइक पर लगाने से व्यक्ति समस्या के समय बटन दबाकर पुलिस को बुला सकता है।	We see every day how many accidents happen with motorcycles. Every day someone dies, and they also cause pollution. Therefore, for safety, we should definitely use helmets as they protect a person's head. Additionally, a panic button should be installed so that when a person feels unsafe, they can use it.	A panic button should be installed on motorcycles. Also, stands should be placed on both sides of the motorcycle so that if the rider loses control, they can use the stand. By installing the panic button on the bike, the person can press it during a problem to call the police.	The problem is frequent motorcycle accidents causing deaths and pollution, with a need for better safety measures. The proposed solution is to add a panic button on motorcycles to alert the police in emergencies and to have stands on both sides to help riders stabilize the bike if they lose control.
100754	हमारे आस पास प्लास्टिक बैग केरी बैग,प्लास्टिक बोटल आदी बहुत अधिक मात्रा में पाए जाते हैं हम इन सभी प्लास्टिक बैग केरी बेग आदी एकत्रित करके प्लास्टिक कचरे का इस्तमाल सड़क निर्माण में काम में लाया जा सकता है प्लास्टिक से सड़क निर्माण करके की प्रक्रिया कुछ इस प्रकार से है कटे हुए प्लास्टिक कचरे को एग्रीमेंट में मिलाया जाता हैं यह 30 से 60 सेकंड में एग्रीमेंट पर समान रूप से मिल जाता है इसी प्रकार से प्लॉस्टिक कचरे से लेपित एग्रीमेंट को गर्म बिटूमेन के साथ मिलाया जाता हैं इस मिश्रण का इस्तमाल सड़क निर्माण के लिया किया जाता हैं प्लास्टिक से बनीं सड़के टूट फुट के प्रति क जादा मज़बूत या प्रतिरोधी होती हैं/ इन सड़कों में अत्याधिक या कहे की भारी बारिश और जादा तापमान जैसी चरम मौसम स्थितियों का सामना करने कि क्षमता होती हैं प्लास्टिक कचरे का इस्तमाल करने से बीटूमेन की जरूरत कम हो जाती हैं जिससे लागत में बचत होती हैं और प्लास्टिक से सड़के पर्यावरण के लिए फायदेमंद होती हैं इन सड़को को बनाने की प्रक्रिया आसान हे और किसी खास मशीन की जरूरत नही ,प्लास्टिक से सड़के बनाने से प्लास्टिक बिनने वाले मजदूरो काम।	प्लास्टिक की सड़के बनाने में सबसे पहले प्लास्टिक केरी बेग कप, नरम और कठोर फोम और प्लास्टिक सहित बेकार प्लास्टिक को इकट्ठा करना शामिल है फिर इन्हें धोकर साफ किया जाता हैं पर्यावरण के लिए फायदेमंद प्लास्टिक से सड़क बनाने से पर्यावरण को होने वाले नुकसान को कम किया जा सकता है प्लास्टिक कचरे का इस्तमाल करने से लेडफिल या समुद्र में कचरा जाने से बचाया जा सकता है लागत में बचत प्लास्टिक से सड़क बनाने से बीटूमेन की जरूरत कम होती है जिसमें लागत में काफ़ी बचत होती है टिकाउ प्लास्टिक से बनी सड़के ज्यादा टिकाउ होती है ये भारी बारिश और ज्यादा गर्मी जैसी मौसम की मुश्किल परिस्थिति में भी टूटती फूटती नहीं हैं फिसलन कम प्लास्टिक से बनीं सड़के पारंपरिक सड़कों के मुकाबले ज्यादा सुरक्षित होती हैं इन पर फिसलन कम होती हैं रोजगार प्लास्टिक से सड़क बनाने से कूड़ा बिनने वालों को रोजगार मिलता है कम रखरखाव प्लास्टिक से बनी सड़को का रखरखाव कम करना पड़ता हैं पर्यावरण अनुकूल प्लास्टिक से सड़के बनाने कि प्रक्रिया में कोई जहरीली गैसे नही निकलती l	Around us, plastic bags, carry bags, plastic bottles, etc. are found in very large quantities. By collecting all these plastic bags, carry bags, etc., plastic waste can be used in road construction. The process of making roads from plastic is as follows: the cut plastic waste is mixed with aggregate; it mixes uniformly with the aggregate in 30 to 60 seconds. Similarly, the aggregate coated with plastic waste is mixed with hot bitumen. This mixture is used for road construction. Roads made from plastic are stronger and more resistant to damage. These roads can withstand extreme weather conditions like heavy rain and high temperatures. Using plastic waste reduces the need for bitumen, which saves costs, and plastic roads are environmentally beneficial. The process of making these roads is easy and does not require any special machinery. Making roads from plastic also provides work for plastic waste collectors.	Making roads from plastic first involves collecting plastic carry bags, cups, soft and hard foam, and other waste plastics. Then these are washed and cleaned. Making roads from environmentally friendly plastic can reduce environmental damage. Using plastic waste prevents landfill overflow and ocean pollution. Cost savings occur because making roads from plastic reduces the need for bitumen, which saves a lot of money. Roads made from plastic are more durable and do not break or crack even in heavy rain or extreme heat. Plastic roads are less slippery and safer compared to traditional roads. Making roads from plastic also provides employment to waste collectors. Plastic roads require less maintenance and the process of making them does not release any toxic gases, making it environmentally friendly.	The problem is the large amount of plastic waste like bags and bottles around us, which causes pollution and waste. The student proposes collecting this plastic waste and using it in road construction by mixing it with aggregate and bitumen. This method creates stronger, more durable roads that resist weather damage, reduce bitumen use, save costs, and are environmentally friendly. Additionally, it provides employment to plastic waste collectors and requires no special machinery.
97800	"हर बच्चे को मुफ्त एवं प्राथमिक एवं माध्यमिक शिक्षा देनी चाहिए |
 लिंग और धन असमानताओं को खत्म करना |
 किफायती व्यवसायिक प्रशिक्षण तक समान पहुंच सुनिश्चित करना |"	"इस समस्या को इस प्रकार सुलझाया जा सकता है कि सरकार शिक्षा तो फ्री कर ही रही है | और जो ये अन्य फ्री में पैसे देने वाली योजनाएं चला रही है , इसके बजाय सरकार को देश के वो गरीब वर्गों का सर्वे करना चाहिए जो न तो खुद शिक्षित हे और न ही अपने बच्चों को शिक्षित कर पा रहे हे | उनका सर्वे करे उनको आर्थिक मदद दी जाय |
 सरकार को यह कदम भी उठाना चाहिए कि जो JEE तथा NEET की परीक्षा के लिए जो बड़े नाडे संस्थान खोले गए हे सरकार भी एक ऐसा संस्था खोले जो गरीब वर्गों के लिए ही हो और उनकी शिक्षा उन संस्थानों में हो"	Every child should be provided free primary and secondary education. Gender and wealth inequalities should be eliminated. Equal access to affordable vocational training should be ensured.	This problem can be solved in the following way: The government is already providing free education. Instead of running other schemes that give money for free, the government should conduct a survey of the poor sections of the country who are neither educated themselves nor able to educate their children. They should be surveyed and given financial assistance. The government should also take the step of opening an institution similar to the large institutes established for JEE and NEET exams, but this institution should be exclusively for the poor sections, and their education should be conducted in such institutions.	The problem is the lack of free education for all children and inequalities based on gender and wealth, along with unequal access to vocational training. The proposed solution is for the government to survey poor families who cannot afford education and provide them financial aid, and to establish special educational institutions for poor students similar to those for competitive exams like JEE and NEET.
28685	"कार पार्किंग सिस्टम के साथ कार रेन प्रोटेक्शन और स्मोक डिटेक्शन सिस्टम एक ऐसा प्रोजेक्ट है जो कई समस्याओं का समाधान करने के लिए बनाया जा रहा है।
  * कार की सुरक्षा: यह सिस्टम कार को बारिश से होने वाले नुकसान से बचाने में मदद करता है। बारिश के पानी से कार के पेंट और इंटीरियर को नुकसान हो सकता है। यह सिस्टम कार को धूप से भी बचाता है।
  * आग से सुरक्षा: स्मोक डिटेक्टर सिस्टम कार पार्किंग में आग लगने की स्थिति में तुरंत अलार्म बजाता है। इससे लोगों को समय रहते सुरक्षित स्थान पर जाकर अपनी जान बचाने का मौका मिल जाता है।
  * पार्किंग की समस्या का समाधान: यह सिस्टम कार पार्किंग की समस्या का भी समाधान करता है। यह सिस्टम कार को सुरक्षित और व्यवस्थित तरीके से पार्क करने में मदद करता है।
  * प्रदूषण नियंत्रण: यह सिस्टम कारों से निकलने वाले धुएं को कम करने में मदद करता है। स्मोक डिटेक्टर सिस्टम धुएं का पता लगाकर तुरंत अलार्म बजा देता है, जिससे कार के मालिक को धुएं का कारण पता चल जाता है और वह इसे ठीक करवा सकता है।"	"1. एकीकृत स्मार्ट पार्किंग सिस्टम:
  * पार्किंग स्थानों का ऑटोमैटिक आवंटन: एक स्मार्ट सिस्टम जो खाली पार्किंग स्थानों को ढूंढकर कारों को स्वचालित रूप से पार्क करने में मदद करता है।
  2. आग का पता लगाने और अलार्म सिस्टम: प्रत्येक पार्किंग स्थान पर धुआं और तापमान सेंसर लगाए जा सकते हैं जो आग लगने की स्थिति में तुरंत अलार्म बजा देंगे।
 3बारिश से सुरक्षा:
  * स्वचालित छायादार संरचना: बारिश होने पर कारों को ढकने के लिए स्वचालित छायादार संरचनाएं लगाई जा सकती हैं।"	"Car parking system with car rain protection and smoke detection system is a project designed to solve several problems.
  * Car safety: This system helps protect the car from damage caused by rain. Rainwater can damage the car's paint and interior. This system also protects the car from sunlight.
  * Fire safety: The smoke detector system immediately sounds an alarm in case of fire in the car parking area. This gives people the chance to move to a safe place in time and save their lives.
  * Solution to parking problems: This system also solves the problem of car parking. It helps park cars in a safe and organized manner.
  * Pollution control: This system helps reduce smoke emitted from cars. The smoke detector system detects smoke and immediately sounds an alarm, so the car owner can know the cause of the smoke and get it fixed."	"1. Integrated smart parking system:
  * Automatic allocation of parking spaces: A smart system that finds empty parking spaces and helps cars park automatically.
  2. Fire detection and alarm system: Smoke and temperature sensors can be installed at each parking spot to immediately sound an alarm in case of fire.
  3. Rain protection:
  * Automatic shading structure: Automatic shading structures can be installed to cover cars when it rains."	The project aims to create a car parking system that protects cars from rain and fire, solves parking issues, and controls pollution. The proposed solution includes a smart system for automatic parking space allocation, smoke and temperature sensors to detect fire and sound alarms, and automatic shading structures to protect cars from rain.
6934	आजकल की डिजिटल दुनिया में, सुरक्षा एक महत्वपूर्ण पहलू बन चुकी है। बैंक लॉकर की सुरक्षा भी अत्यंत महत्वपूर्ण है क्योंकि ग्राहक अपने बहुमूल्य दस्तावेज़ और सामान को सुरक्षित रखना चाहते हैं। पारंपरिक लॉकर सिस्टम में उपयोगकर्ताओं को चाबी या पिन का इस्तेमाल करना पड़ता था, लेकिन RFID (Radio Frequency Identification) तकनीक के साथ लॉकर सिस्टम को और भी सुरक्षित और सुविधाजनक बनाया जा सकता है।	RFID एक वायरलेस तकनीक है जो रेडियो तरंगों के माध्यम से डिवाइसों के बीच डेटा ट्रांसफर करती है। इसमें एक RFID टैग और एक RFID रीडर होता है। RFID टैग में एक छोटा चिप और एंटीना होता है, जो डेटा को रीडर को भेजता है। यह डेटा बिना किसी शारीरिक संपर्क के पढ़ा जा सकता है, जिससे यह तकनीक पारंपरिक चाबी या पिन सिस्टम से कहीं अधिक सुरक्षित और प्रभावी होती है। बैंक लॉकर सिस्टम में RFID तकनीक का उपयोग ग्राहक की पहचान और लॉकर खोलने की प्रक्रिया को आसान और सुरक्षित बनाने के लिए किया जाता है। यहाँ पर RFID रीडर और RFID कार्ड का प्रमुख रूप से उपयोग होता है।ग्राहक को एक RFID कार्ड प्रदान किया जाता है जिसमें उनके लॉकर का डाटा और पहचान होती है। जब ग्राहक बैंक में प्रवेश करता है, तो वह अपने RFID कार्ड को रीडर के पास लाता है। यह रीडर ग्राहक के कार्ड से डेटा प्राप्त करता है और उसकी पहचान सत्यापित करता है। RFID रीडर एक डिवाइस है जो RFID टैग से सिग्नल प्राप्त करता है। यह सिग्नल रीडर को ग्राहक की पहचान, लॉकर का विवरण और अन्य जानकारी भेजता है। अगर ग्राहक का डेटा सही होता है, तो सिस्टम लॉकर को खोलने का आदेश देता है	In today's digital world, security has become an important aspect. The security of bank lockers is also extremely important because customers want to keep their valuable documents and belongings safe. In traditional locker systems, users had to use a key or PIN, but with RFID (Radio Frequency Identification) technology, the locker system can be made even more secure and convenient.	RFID is a wireless technology that transfers data between devices through radio waves. It consists of an RFID tag and an RFID reader. The RFID tag has a small chip and antenna that sends data to the reader. This data can be read without any physical contact, making this technology much more secure and effective than traditional key or PIN systems. In the bank locker system, RFID technology is used to make customer identification and the locker opening process easier and more secure. Here, the RFID reader and RFID card are mainly used. The customer is given an RFID card which contains their locker data and identification. When the customer enters the bank, they bring their RFID card near the reader. The reader receives data from the customer's card and verifies their identity. The RFID reader is a device that receives signals from the RFID tag. This signal sends the customer's identity, locker details, and other information to the reader. If the customer's data is correct, the system orders the locker to open.	The problem is that traditional bank locker security relies on keys or PINs, which may not be very secure. The proposed solution uses RFID technology to improve security and convenience by allowing customers to open lockers using an RFID card that wirelessly communicates with a reader to verify identity and unlock the locker.
61622	மனிதனுக்கு ஆஸ்துமா போன்ற பிரச்சினைகளை எளிமையான முறையில் வீட்டிலுள்ள தூசியை உட்கவரும் கருவியை பயன்படுத்தி குறைக்கலாம்	தண்ணீர் பாட்டில்(Empty), தண்ணீர் குழாய் (20cm), 15கிம் துண்டு பைப் எடுத்துக்கொள்ள வேண்டும். தண்ணீர் பாட்டிலை இரண்டாக கட் செய்து, அதில்மோட்டர் பதித்த துண்டு பைப்பை உள்ளே வைத்து அத்துடன் அதற்கு தகுந்தாற்போல் காற்றடியை பொருத்த வேண்டும். பின்னர் தண்ணீர் பாட்டிலின் அடிப்பகுதியில் சிறிய சிறிய துளைகள் இடப்படவேண்டும். மூடியில் துளையிட்டு 20cmஅளவுள்ள பைப்பைசொருகவேண்டும். பின்னர் வெட்டப்பட்ட இரண்டுதண்ணீர் பாட்டிலையும் ஒட்ட வேண்டும். மின்கலன்(Battery)உதவியுடன் சாவியை பொருத்தவேண்டும். மேலும் அட்டையில் செய்யப்பட்டகைப்பிடியை பொருத்தியவுடன் சாவியை திறந்தால் உடனே தூசி உள்ள இடத்தில் வைத்தால் தண்ணீர் பாட்டிலானது உள்ளே தூசியை இழுத்துக்கொள்ளும். இதன் மூலம் தூசியினால் ஏற்படும் ( மனிதனுக்கு) ஆஸ்துமா போன்ற பிரச்சனைகளை சரிசெய்யலாம்.	Asthma-like problems in humans can be reduced in a simple way by using a device at home that inhales dust.	An empty water bottle, a 20 cm water pipe, and a 15 cm piece of pipe should be taken. Cut the water bottle into two parts, place the pipe with a motor inside it, and attach a suitable fan. Then, small holes should be made at the bottom of the water bottle. A 20 cm pipe should be inserted through a hole in the lid. Then, both cut parts of the water bottle should be joined. Using a battery, attach a switch. Also, attach a handle made from cardboard. When the switch is turned on, if placed where there is dust, the water bottle device will suck in the dust. This can help correct asthma-like problems caused by dust in humans.	The student proposes a simple home device made from a water bottle, pipes, a motor, and a fan that sucks in dust from the air. This device aims to reduce asthma-like problems caused by dust inhalation by cleaning the surrounding air.
85104	இக்காலத்தில் பேருந்தில் ஊனமுற்றோர்வதும் கண்டறியாடு அவர்களும் வீழ்ச்சட உபயோகிப்பவர்களும் பேருந்தில் இடம் மிகவும் சிரமப்படுகின்றன இதனால் மிகவும் ஆபத்தான விளைவுகள் ஏற்படுகின்றன இதை தடுப்பதற்கு பேருந்தில் ஒரு சிறிய மற்றும் ஏற்படுத்தப்பட்டுள்ளது இதனால் இதுவே என் கண்டுபிடிப்பின் நோக்கம் ஆகும்	கண் தெரியாதவர்கள் அவர்கள் இருக்கையில் அமர அவர்கள் வைத்துள்ள தடியை பேருந்து நடுவில் உள்ள கோட்டில் வைத்தால் சத்தம் வரும் அடியில் வைத்து இருக்கை வடை யாருடையும் இல்லாமல் செல்லலாம் மற்றும் பேருந்து நிண்றவுடன் பேருந்து ஓட்டுபவர் ஒரு போடத்தானை அழுத்தினால் போடும் படிகட்டு கீழே வரும் அதில் படிகட்டு படிகட்டடு ஏற முடியாதவர்கள் கண் தெரியாதவர்கள்போது வயதானவர்கள் உடல் அவர்கள் ஏட உதவியா இருக்கும் இருந்து ஓட்டுநர் பேருந்தை ஓட்டு தொடங்கியதும் டோர் தானாக மூடிக்கொள்ளும் இதனால் யாரும் ஃபுட் போட்டு அடிக்க முடியாது பேருந்து சுவடியில் இடிக்கச் சென்றாள் தானாக இரண்டு அடி தூரத்தில் பேருந்து தானாக நின்று விடும் இன்று ஆக்சிடென்ட் ஆகாமல் தடுப்பதற்கு முன்பகுதியில் காற்று நிறைந்த பையை வைத்து இருக்கிறோம் எனவே பேருந்து இடிக்கச் செய்றால் தானாகவே பேருந்து நின்றுவிடும் பேருந்தில் உள்ளவர்களுக்கு எதுவும் ஆவது	Nowadays, it is very difficult for differently-abled people and those who use walking sticks to find seats on the bus. This causes very dangerous consequences. To prevent this, a small arrangement has been made on the bus. This is the purpose of my invention.	For visually impaired people, if they place their walking stick on a line in the middle of the bus, a sound will come from below, allowing them to move without bumping into anyone. When the bus stops, if the driver presses a button, a ramp will come down. Those who cannot climb the ramp, like the visually impaired, elderly, or physically challenged, will get help to board. Once the driver starts the bus, the door will automatically close so no one can put their foot outside and get hurt. If the bus is about to hit something, it will automatically stop two feet before impact. To prevent accidents, an air-filled bag is placed in the front part of the bus. Thus, if the bus is about to collide, it will stop automatically, ensuring safety for those inside the bus.	The problem is that differently-abled people and those using walking sticks find it hard to get seats on buses, leading to dangerous situations. The solution is a system that helps visually impaired and elderly passengers board safely using a sound-guided walking stick placement and a ramp that deploys when needed. The bus also has safety features like automatic door closing and collision prevention to protect passengers.
109218	இரவு நேரங்களில் வாகனங்கள் ஓட்டுபவர்கள் தண்ணி மீறி தூங்குவதால் பலவிதமான விபத்துகள் ஏற்படுகிறது. அதனால் உயிர் இழப்புகளும் ஏற்படுகிறது. இதுவே எங்கள் குழு கண்டறிந்த பிரச்சனையாகும்.	இரவு நேரங்களில் வாகனங்களை ஓட்டும் போது நாங்கள் கண்டறிந்த கண்ணாடியை போட்டுக் கொண்டால் தன்னை அறியாமல் அவர் தூங்கினால் அலாரம் அடிக்கும் அடுத்த ஒரு நொடியில் வாகனம் நின்று விடும் ஓட்டும் நபர் கண்ணை முழித்து அவரே வாகனத்தை இயக்கினால் மட்டும் உண்டு இதுவே நாங்கள் கண்டறிந்த தீர்வாகும்	At night, drivers often fall asleep while driving, which causes many types of accidents. This also leads to loss of lives. This is the problem identified by our team.	When driving at night, if we install the glass we have designed, it will detect if the driver falls asleep unknowingly and sound an alarm. In the next moment, the vehicle will stop. The vehicle will only start again when the driver is fully awake and operates it. This is the solution we have found.	The team identified that drivers falling asleep at night cause accidents and loss of life. Their solution is to install a special glass that detects when the driver is asleep, sounds an alarm, and stops the vehicle until the driver wakes up and resumes control.
109595	கண் தெரியாத மனிதர்களுக்கு ஏடிஎம் மிஷினை பயன்படுத்துவது எப்படி என்று யோசனை மாணவராகிய நாங்கள் யோசித்து அதன் படி சில குறிப்புகளை உணர வைத்திருக்கிறது என்னவென்றால் ஏடிஎம் மிஷினில் கண்ணு தெரியாதவர்களுக்கு அந்த நம்பர்ஸ் எண்களை குறித்துக் கொள்ள ஏதுவாக பயிற்சி புத்தகங்கள் எழுத்துக்கள் வைக்கப்பட்டுள்ளது அதனை தொட்டு பார்த்து நம்பரை ஏடிஎம் மிஷினில் பயன்படுத்திக் கொள்ளலாம்	கண் பார்வையற்றவர்களுக்கு இந்த திட்டம் இந்த தீர்வு சரியானதாக இருக்கும் அதே நேரம் உடல் ஊனமுற்றோர்களுக்கும் தீர்வு அளிக்கும்	As students, we thought about how visually impaired people can use ATM machines. Based on that, we realized some points: ATM machines have numbers with Braille letters (raised dots) for visually impaired people to identify the numbers. By touching and feeling these Braille letters, visually impaired people can use the numbers on the ATM machine.	This project and solution will be suitable for visually impaired people. At the same time, it will also provide a solution for physically disabled people.	The problem addressed is how visually impaired people can use ATM machines. The solution is to use Braille letters on ATM number keys so they can identify numbers by touch. This approach also helps physically disabled people.
96251	வளர்ந்து வரும் உலகத்தில் குறைந்த இடத்தில், அதிக பயிர்களை உற்பத்தி செய்யும் வேளாண் தொழில்நுட்பத்தையே அனைவரும் விரும்புகின்றனர். அவர்களின் விருப்பத்தினைப் பூர்த்தி செய்யும் விதமாக கண்டுபிடிக்கப்பட்ட முறையே மண்ணில்லா விவசாயம் அல்லது நீரியல் வேளாண்மை ஆகும். மண் இல்லாமல் கனிம ஊட்டச்சத்துக்களைக் கொண்ட நீர்ம கரைசல்களை பயன்படுத்தி தாவரங்களை வளர்க்கும் முறையே நீரியல் வேளாண்மை எனப்படும்	மண்ணின்றி தாவரங்களையும் பயிர்களையும் வளர்ப்பதாகும் . இந்த முறையில், தாவர வேர்கள் நேரடியாக திரவ (பொதுவாக, வெற்று நீர்) ஊட்டச்சத்து தீர்வுகளுடன் தொடர்பு கொள்ளப்படுகின்றன - ஆரோக்கியமான வளர்ச்சியை உறுதி செய்கிறது. தேவைக்கேற்ப ஊட்டச்சத்துக்கள் மீண்டும் பயன்படுத்தப்படுகின்றன அல்லது வடிகட்டப்படுகின்றன. இதில் மண் இல்லை என்பதால், பெரிய வேர் அமைப்புகளின் வளர்ச்சி (ஊட்டச்சத்துக்களை வரைய) தேவையில்லை - பொதுவாக, ஹைட்ரோபோனிகல் முறையில் வளர்க்கப்படும் பயிர்களின் நார்ச்சத்து வேர்கள் மூலம் ஊட்டச்சத்துக்களை உட்கொள்வது மிகவும் திறமையானது (குறைந்த விரயம்). ஹைட்ரோபோனிக்ஸில், மண் ஒரு நீர்த்தேக்கம் அல்லது வேறு பொருளால் செய்யப்பட்ட ஒரு ஊடகத்தால் மாற்றப்படுகிறது - இது நீர் சார்ந்த கரைசலில் இருந்து தேவையான ஊட்டச்சத்துக்களை உறிஞ்சிவிடும்	In the developing world, everyone desires agricultural technology that produces more crops in less space. To fulfill this desire, the method discovered is soilless farming or hydroponic agriculture. Hydroponic agriculture is the method of growing plants using mineral nutrient solutions without soil.	It is the method of growing plants and crops without soil. In this method, plant roots directly contact nutrient solutions in liquid form (usually pure water) to ensure healthy growth. Nutrients are reused or filtered as needed. Since there is no soil, there is no need for the development of large root systems (to absorb nutrients). Generally, crops grown by hydroponic methods absorb nutrients very efficiently through fibrous roots (at lower cost). In hydroponics, soil is replaced by a medium made of water retention material or other substances, which absorbs the necessary nutrients from the water-based solution.	The problem is the need for agricultural technology that can produce more crops in less space. The proposed solution is hydroponic farming, a soilless method where plants grow in nutrient-rich water solutions, allowing efficient nutrient absorption and healthy growth without soil.
119555	இன்றைய நிலையில் வேளாண்மை துறையில் ஆட்கள் பற்றாக்குறை	நவீன இயந்திரம் மூலம் எளிதாக வேலையை முடிக்கலாம்	Currently, there is a shortage of labor in the agriculture sector.	The work can be easily completed using modern machinery.	The problem is the shortage of workers in agriculture. The proposed solution is to use modern machines to complete the work easily.
117415	நவீன யுகத்தில் நம் வாழ்வில் அன்றாடம் பல பிரச்சினைகள் சந்திக்கின்றோம். அவை பொருட்கள் பற்றாக்குறை, விலை ஏற்றம், பொருளாதார பற்றாக்குறை இவற்றையும் கடந்து நாம் வாழ்க்கை நடத்த வேண்டி உள்ளது. அன்றாடம் நம் வீட்டில் உள்ள பொருட்கள் பல பொருட்கள் மின்சாரத்தினால் இயங்குகின்றன.அந்த மின் சாதனங்கள் மின்சார கட்டணத்தை உயர்த்திவிடுகின்றது. மின் சாதனம் பழுது ஏற்பட்டால் செலவும் அதிகமாகின்றது. இந்த பிரச்சனையை போக்க மகளிரின் அன்றாட துணி சலவை முறையை எளிதாக்க நாங்கள் கண்டறிந்த சாதனம் மிதிவண்டி சலவை இயந்திரம் இந்த இயந்திரம் ஆனது நீடித்து உழைக்கும், மின்சாரம் தேவையில்லை, சுற்றுச்சூழலுக்கு தீங்கு விளைவிக்காது, உடல் ஆரோக்கியத்தை தரும், நேரம் மிச்சம் ஏற்படும் இந்த கண்டுபிடிப்பை நாங்கள் அனைத்து மகளிர்க்கு சமர்ப்பணம் செய்கின்றோம்	நாங்கள் பழைய மின் சலவை இயந்திரத்தை எடுத்துக் கொண்டோம். அதில் மோட்டார் மட்டும் தனியாக கழட்டி விட்டோம் பழைய சலவை இயந்திரத்தில் ட்ரம் மட்டும் எடுத்துக் கொண்டு அதில் சுழலும் பகுதியை சைக்கிளில் அதாவது மிதிவண்டியில் பல் சக்கரத்துடன் இணைத்து கொண்டோம். தற்போது மிதிவண்டி சலவை இயந்திரம் தயாராகி விட்டது. இதை இயக்க மிதிவண்டி மேலே ஏறிக்கொண்டு மிதியடியை அழுத்தி சுற்றும் போது சலவை எந்திரம் சுழன்று மைய விளக்கு விசையின் காரணமாக அழுக்கானது துணியிலிருந்து வெளியேறி விடுகிறது. முதலில் ஒரு தடவை சலவை செய்தவுடன் அழுக்கு நீரை வெளியேற்றிய பின்னர் இரண்டாவது முறையாக நீர் சேர்த்து சலவை எந்திரத்தை இயக்கும்போது துணிகள் சுத்தம் செய்யப்பட்டு விடும். மீண்டும் சலவை இயந்திரத்துக்குள் நீரே விட்டு மிதிவண்டிய சுழற்றி துணியை சலவை செய்து நீரை வெளியேற்றுகின்றோம் இறுதியாக சலவை எந்திரத்தை இயக்கச் செய்து துணியை உலற்றி உலர் துணியை நாம் எடுத்து பயன்படுத்த போகின்றோம்	In the modern era, we face many problems in our daily lives such as shortage of goods, price increases, and economic difficulties. Despite these challenges, we have to continue our lives. Many household items run on electricity every day. These electrical appliances increase the electricity bill. If an electrical appliance breaks down, the repair cost is also high. To solve this problem and to make the daily ironing of women's clothes easier, we have invented a bicycle-operated ironing machine. This machine is durable, does not require electricity, is environmentally friendly, promotes physical health, and saves time. We dedicate this invention to all women.	We took an old electric ironing machine and removed only the motor from it. We took the drum from the old ironing machine and connected its rotating part to the gear of a bicycle's pedal system. Now, the bicycle-operated ironing machine is ready. To operate it, one rides the bicycle and pedals, which rotates the ironing machine. Due to the centrifugal force, dirt is removed from the clothes. First, after ironing once, the dirty water is drained. Then, water is added again and the ironing machine is operated a second time to clean the clothes. After that, water is poured again into the ironing machine, the bicycle is pedaled to iron and drain the water. Finally, the ironing machine is operated to dry the clothes, and the dry clothes are taken for use.	The student identifies the problem of high electricity costs and repair expenses for electric ironing machines used daily by women. Their solution is a bicycle-powered ironing machine that operates without electricity, is environmentally friendly, promotes health, and saves time. The machine uses the pedal motion to rotate the ironing drum, cleaning and drying clothes through mechanical action and water drainage.
82658	ಪ್ಲಾಸ್ಟಿಕ್ ಅತಿಯಾಗಿ ಬಳಸಿದರೆ ವಾಯುಮಂಡಲ ಶುದ್ಧವಾದ ಗಾಳಿಯನ್ನು ಒದಗಿಸುವುದಿಲ್ಲ	ಪ್ಲಾಸ್ಟಿಕ್ ಅನ್ನು ಹುರಿಸದಿರುವುದು. ಪ್ಲಾಸ್ಟಿಕ್ ಅನ್ನು ಹುರಿಸದಿದ್ದರೆ ವಾಯುಮಂಡಲ ಶುದ್ಧವಾದ ಗಾಳಿಯನ್ನು ಒದಗಿಸುತ್ತದೆ. ಸಾಮಾನ್ಯ ವ್ಯಕ್ತಿಗಳು ನಮಗೆ ಸಹಾಯ ಮಾಡುತ್ತಾರೆ	If plastic is used excessively, it does not provide clean air to the atmosphere.	Do not burn plastic. If plastic is not burnt, the atmosphere will provide clean air. Common people will help us.	The problem is that excessive use of plastic pollutes the air. The solution proposed is to avoid burning plastic, which will help keep the air clean, and the involvement of common people is encouraged to support this effort.
83823	"* ಮನೆಯಲ್ಲಿ ಬಳಸುವ ಎಲ್.ಪಿ.ಜಿ ಖಾಲಿಯಾದಾಗ ಮತ್ತು ಕಡಿಮೆ ಖರ್ಚಿನಲ್ಲಿ ಇಂದನ್ನ ಅನಿಲವನ್ನು
  ಪಡೆಯಲು ಸಾಮಾನ್ಯ ಜನರಿಗೆ ಸುಲಭವಾಗಿ ದೊರೆಯುವಂತೆ ಮಾಡುವುದು"	ಗಾಳಿ ಸಂಗ್ರಹಿಸಿಕೊಳ್ಳುವ ಸಿಲಿಂಡರ್, ಪೆಟ್ರೋಲ್, ನೀರು ಸಂಗ್ರಹಿಸಿಕೊಳ್ಳಲು 1 ಲೀಟರದ 2 ಬಾಟಲ್‌ಗಳು, ನೀರಿನ ಕೊಳವೆಗಳು, ಗ್ಯಾಸ್ ಒಲೆ.ಖಾಲಿ ಸಿಲಿಂಡರ್‌ನಲ್ಲಿ ಪೂರ್ತಿಯಾಗಿ ಗಾಳಿಯನ್ನು ತುಂಬಿಕೊಂಡು ಸಿಲಿಂಡರ್‌ ಕೆಳಭಾಗದಿಂದ ಕೊಳವೆ ಮೂಲಕ ಪೆಟ್ರೋಲ್ ತುಂಬಿದ ಬಾಟಲಿಗೆ ಸಂಪರ್ಕಿಸಬೇಕು. ಅಲ್ಲಿಂದ ನೀರು ತುಂಬಿದ ಪಾತ್ರೆಗೆ ಜೋಡಿಸಿ ನಂತರ ಇನ್ನೊಂದು ಕೊಳವೆ ಮೂಲಕ ಗ್ಯಾಸ್ ಒಲೆಗೆ ಸಂಪರ್ಕಿಸಬೇಕು.ಗಾಳಿ ತುಂಬಿದ್ದ ಸಿಲಿಂಡರ್ ನಾಬ್‌ನ್ನು ತಿರುಗಿಸಿದಾಗ ಗಾಳಿ ಪೆಟ್ರೋಲ್ಸ್ ಇರುವ ಬಾಟಲಗಳಲ್ಲಿ ಸೇರಿಕೊಳ್ಳುತ್ತದೆ. ಅಲ್ಲಿ ಪಟ್ರೋಲ್ ಅನಿಲ ಉತ್ಪತ್ತಿಯಾಗಿ ಕೊಳವೆ ಮೂಲಕ ನೀರು ತುಂಬಿದ ಬಾಟಲಿಯೊಳಗೆ ಸೇರಿಕೊಳ್ಳುತ್ತದೆ. ಕೆಲವೊಂದು ಘಟಕಗಳು ನೀರಿನಲ್ಲಿ ವಿಲಿನಗೊಂಡು ಕೆಲವು ಅನಿಲ ಘಟಕಗಳು ಗ್ಯಾಸ ಒಲೆಯ ಮೂಲಕ ಹರಿದು ಬಂದು ಉರಿಯಲು ಆರಂಭಿಸುತ್ತವೆ. ಹೀಗೆ ಅತಿ ಕಡಿಮೆ ಖರ್ಚಿನಲ್ಲಿ ಅನಿಲ ಇಂಧನವನ್ನು ಪಡೆಯಲು ಸಾಧ್ಯವಾಗಿದೆ.ಎಲ್.ಪಿ.ಜಿ ಖಾಲಿಯಾದಾಗ ಈ ವಿಧಾನ ತುಂಬಾ ಪ್ರಯೋಜನ ವಾಗುತ್ತದೆ ಒಂದು ಎಲ್.ಪಿ.ಜಿ. ಸಿಲಿಂಡರ್ 45 ದಿನಗಳು ಬರುತ್ತಿದ್ದರೆ. ಅಷ್ಟ ಹಣದಿಂದ ಪೆಟ್ರೋಲ್ ಖರಿದಿಸಿ ಅದರಿಂದ 90-100 ದಿನಗಳಿಗೆ ಸಾಕಾಗುವಷ್ಟು ಇಂಧನವನ್ನು ಪಡೆಯಬಹು.ಈ ಸಮಸ್ಯೆಗೆ ಪರಿಹಾರಗಳನ್ನು ನಮ್ಮ ಮಾರ್ಗದರ್ಶಿ ಶಿಕ್ಷಕರಿಂದ ಮತ್ತು ಅಂರ್ತಜ್ಞಾಲ ಬಳಕೆಯಿಂದ ಹಾಗೂ ಅಟಲ್ ಲ್ಯಾಬ ಸಾಮಗ್ರಿಗಳನ್ನು ಬಳಸಿಕೊಂಡು ಈ ಸಾಧನವನ್ನು ತಯಾರಿಸಿ ಯಶಸ್ವಿಗೊಳಿಸಿದ್ದೆವೆ.	When the LPG used at home runs out, making it easy for common people to obtain gas fuel at low cost.	A cylinder to store air, two 1-liter bottles to store petrol and water, water pipes, and a gas stove are used. The empty cylinder is filled completely with air and connected from the bottom through a pipe to the bottle filled with petrol. From there, it is connected to a vessel filled with water, and then through another pipe to the gas stove. When the valve of the air-filled cylinder is turned, air enters the petrol bottles. Petrol gas is produced there and enters the water-filled bottle through the pipe. Some components dissolve in the water, and some gas components flow through the gas stove and start burning. In this way, it is possible to get gas fuel at very low cost. This method is very useful when LPG is empty. If one LPG cylinder lasts 45 days, by buying petrol with that much money, fuel sufficient for 90-100 days can be obtained. We have prepared and successfully made this device using guidance from our mentors, internet resources, and Atal Lab materials to solve this problem.	The problem is that when home LPG cylinders run out, it is difficult and costly for common people to get gas fuel. The student proposes a low-cost method using an air cylinder, petrol, water bottles, and pipes to produce gas fuel that can be used for cooking. This method can provide fuel for a longer time at less cost compared to LPG.
85609	ಅಡುಗೆ ಯನ್ನು ಕಟ್ಟಿಗೆ ಸುಟ್ಟು ತಯಾರಿಸಿದರೆ ಹೊಗೆಯಿಂದ ಪರಿಸರ ನಾಶವಾಗುತ್ತದೆ	ಕಟ್ಟಿಗೆಯನ್ನು ಸುಟ್ಟು ಅಡುಗೆ ತಯಾರಿಸುವ ಬದಲು ಗ್ಯಾಸ್ ಸಿಲಿಂಡೆರ ಯಂತ್ರಗಳನ್ನು ಬಳಸಬೇಕು	If cooking is done by burning firewood, the smoke causes environmental damage.	Instead of burning firewood for cooking, gas cylinder appliances should be used.	The problem is that cooking with firewood produces smoke that harms the environment. The proposed solution is to use gas cylinder appliances for cooking to avoid this pollution.
87945	"ತ್ಯಾಜ್ಯ ಹೂವಿನಿಂದ. ಸಾಂಬ್ರಾಣಿ ಮತ್ತು ಅಗರಬತ್ತಿ ತಯಾರಿಸುವುದು,
 *ತ್ಯಾಜ್ಯ ಹೂಗಳನ್ನು ಮನೆಯ ಸುತ್ತ ಮುತ್ತ ಸುರಿದಿರುವುದು.
 *ದೇವಸ್ಥಾನದ ಮರದ ಬುಡದಲ್ಲಿ ಒಣಹೂಗಳು/
  ಹಸಿ ಹೂಗಳು ಕೊಳೆತಿರುವಿದು
 *ಇದರಿಂದ ವಾಸನೆ ಜೊತೆಗೆ ರೋಘಳ ಭಯ
 * ಪರಿಸರ ಮಾಲಿನ್ಯ.
 *ಇತರ ಕೀಟ, ಹುಳುಗಳ ಸಂಖ್ಯೆ ಹೆಚ್ಚಾಗುವುದು..
 
 ನಮ್ಮ ತಂಡದೊಂದಿಗೆ ಯೋಚಿಸಿ ಯಾಕೆ ಹೂಗಳಿಂದ ತ್ಯಾಜ್ಯ ಹೂಗಳಿಂದ ಸಾಮ್ರಾಣಿ ಮತ್ತು ಅಗರಬತ್ತಿಯನ್ನು ತಯಾರಿಸಲು ಪ್ರಯತ್ನಿಸಿದೆವು 
 ಅದಕ್ಕೆ ಬೇಕಾದ ವಸ್ತುಗಳೆಂದರೆ ಒಣಗಿಸಿದ ತ್ಯಾಜ್ಯ ಹೂ, ನೈಸರ್ಗಿಕ ಸಾಂಬ್ರಾಣಿ ,ಲವಂಗ, ಮರದ ಅಂಟು, ಕರ್ಪೂರ, ಪಚ್ಚ ಕರ್ಪೂರ, ಹಾಗೂ ಎಣ್ಣೆ .
  ಮಾಡುವ ವಿಧಾನ :- ತ್ಯಾಜ್ಯ ಹೂವಿನ ಪುಡಿಯನ್ನು ಮಾಡಿಕೊಂಡಿರುವುದು,ಸಾಂಬ್ರಾಣಿ, ಪಚ್ಚ ಕರ್ಪೂರ,ಕರ್ಪೂರ, ಲವಂಗಗಳನ್ನು ಚೆನ್ನಾಗಿ ಪುಡಿ ಮಾಡಿಕೊಂಡು ಅದಕ್ಕೆ ಮೊದಲೇ ಒಣಗಿಸಿ ಪುಡಿ ಮಾಡಿಕೊಂಡ ತ್ಯಾಜ್ಯ ಹೂವಿನ ಪುಡಿಯನ್ನು ಎಣ್ಣೆಯೊಂದಿಗೆ ಮಿಶ್ರ ಮಾಡಿ ಅದಕ್ಕೆ ಬೇಕಾದ ಆಕಾರ ನೀಡಿ ಒಣಗಿಸುವುದು ಹಾಗೂ ಕಡ್ಡಿಗಳಿಗೆ ಅದೇ ಮಿಶ್ರಣವನ್ನು ಗಂಧದ ಕಡ್ಡಿಯ ರೀತಿ ಉಜ್ಜುವುದು ದೇವರಿಗೆ ಅರ್ಪಿಸುವುದು .
 ಇದರಿಂದ ಪರಿಸರ ಮಾಲಿನ್ಯವನ್ನು ತಡೆಗಟ್ಟಬಹುದು ಹಾಗೂ ಸುವಾಸನೆಯುಕ್ತ ಸಾಂಬ್ರಾಣಿ ಮತ್ತು ಅಗರ ಬತ್ತಿಯನ್ನು ತಯಾರು ಮಾಡಿ ಕಡಿಮೆ ಬೆಲೆಯಲ್ಲಿ ಜನರಿಗೆ ಮಾರಾಟ ಮಾಡಬಹುದು."	"ತ್ಯಾಜ್ಯ ಹೂವಿನಿಂದ ಸುವಾಸನಯುಕ್ತ ಸಾಂಬ್ರಾಣಿ ಹಾಗೂ ಅಗರಬತ್ತಿ ತಯಾರಿಸುವುದು.
 
 *ದೇವರಿಗೆ ಅರ್ಪಿಸುವುರಿಂದ ಭಕ್ತಿ ಹೆಚ್ಚುವುದು.
 * ಸುವಾಸಯುಕ್ತವಾಗಿರುವುದರಿಂದ ಮನೆಯೆಲ್ಲಾ
  ಘಮಘಮಿಸುವುದು.
 
 ಇದಕ್ಕೆ ನಮಗೆ ಹಣವಿರುವವರು ಅಥವಾ ಬಂಡವಾಳವಿರುವವರು ಮುಂದೆ ಬಂದು ಹಣದ ಸಹಾಯ ಮಾಡುವರು.
  ಅವರಿಂದ ಹಣ ಪಡೆದು ಹೆಚ್ಚಿನ ಪ್ರಮಾಣದಲ್ಲಿ
  ಉತ್ಪಾದಿಸಿ, ಕಡಿಮೆ ಬೆಲೆಗೆ ಮಾರಾಟ ಮಾಡಬಹುದು."	"Making incense sticks (sambrani) and agarbatti from waste flowers.
* Waste flowers are scattered around homes.
* Dry and fresh flowers rot at the base of temple trees.
* This causes bad smell and fear of diseases.
* Environmental pollution.
* Increase in the number of other insects and worms.

Our team thought about why we should try to make sambrani and agarbatti from waste flowers. The materials needed are dried waste flowers, natural sambrani, clove, wood glue, camphor, green camphor, and oil.

Method: Powder the waste flowers, finely powder the sambrani, green camphor, camphor, and cloves, then mix the powdered waste flowers with oil. Shape the mixture as needed, dry it, and apply the same mixture on sticks like fragrance sticks. These are then offered to God.

This can prevent environmental pollution and produce fragrant sambrani and agarbatti that can be sold to people at a low cost."	"Making fragrant sambrani and agarbatti from waste flowers.

* Offering to God increases devotion.
* Because it is fragrant, the whole house smells good.

People with money or capital can come forward to help financially. With their money, we can produce in larger quantities and sell at a lower price."	The problem is that waste flowers scattered around homes and temples cause bad smell, disease risk, and environmental pollution. The student team proposes to use these waste flowers to make fragrant sambrani and agarbatti by mixing powdered dried flowers with natural ingredients. This solution reduces pollution, creates devotional products, and can be produced and sold cheaply with financial help from supporters.
99862	"ಪ್ರಾಣಿಗಳ ಪರಿಚಯ ಮತ್ತು ಸಂರಕ್ಷಣೆ
 ವಿವಿಧ ಪ್ರಾಣಿಗಳ ಹೆಸರುಗಳು ಮತ್ತು ಚಿತ್ರಗಳನ್ನು ಸಂಗ್ರಹಿಸುವುದು.ಪ್ರಾಣಿಗಳ ಸಂರಕ್ಷಣೆ ಮಾಡುವುದು.ಪ್ರಪಂಚದಲ್ಲಿ ಕಂಡುಬರುವ ವಿವಿಧ ಪ್ರಾಣಿಗಳ ಪರಿಚಯ ಮಾಡಿಕೊಡುವುದು.ಮಕ್ಕಳಿಗೆ ತಿಳಿಯದ ಅನೇಕ ಪ್ರಾಣಿಗಳ ಹೆಸರು ಮತ್ತು ಚಿತ್ರಗಳನ್ನು ಪರಿಚಯಿಸುವುದು.ಇದರಿಂದ ಮಕ್ಕಳಿಗೆ ಮತ್ತು ನಮಗೂ ತಿಳಿಯದ ಎಷ್ಟೋ ಪ್ರಾಣಿಗಳ ಪರಿಚಯವಾಗುತ್ತದೆ.ಅಲ್ಲದೆ ಆ ಪ್ರಾಣಿಗಳು ಕಂಡುಬರುವ ಸ್ಥಳಗಳ ಬಗ್ಗೆ ಪರಿಚಯವಾಗುತ್ತದೆ.ಅಲ್ಲದೆ ಸ್ಥಳೀಯ ಪ್ರದೇಶದಲ್ಲಿ ಕಂಡುಬರುವ ನಾಯಿಯ ಹಸು ಹೀಗೆ ಮತ್ತಿತರ ಪ್ರಾಣಿಗಳಿಗೆ ತೊಂದರೆ ಕೊಡದಂತೆ ತಮಗೆ ಆಗುವಷ್ಟು ಸಹಾಯನಾದರೂ ಮಾಡುವಂತ ಮನಸ್ಸು ಮಕ್ಕಳಲ್ಲಿ ಬರುವಂತೆ ಮಾಡುವುದು.ಪ್ರಾಣಿಗಳಿಗೂ ಮನುಷ್ಯರಂತೆ ಜೀವ ಇದೆ ಎನ್ನುವ ಒಳ್ಳೆಯ ಮನೋಭಾವನೆಯನ್ನು ಮೂಡಿಸಬೇಕು ಹೀಗೆಲ್ಲ ಐಡಿಯಾಗಳು ಸಾಮಾನ್ಯ ಅನಿಸಿಕೆಯು ಬಹು ಮುಖ್ಯ ಪಾತ್ರ ವಹಿಸುತ್ತದೆ ಹಿಂದಿನ ಯುಗದಲ್ಲಿ ತಂತ್ರಜ್ಞಾನ ಮುಂದುವರೆದಿದೆ ಆದರೆ ಸಾಮಾನ್ಯ ಜ್ಞಾನ ಮಕ್ಕಳಲ್ಲಿ ಮೂಡಿಸುವುದು ಬಹಳ ಮುಖ್ಯವಾಗಿದೆ."	ಪ್ರಾಣಿಗಳ ಪರಿಚಯ ಮತ್ತು ಸಂರಕ್ಷಣೆ ಈ ಐಡಿಯಾ ಕುರಿತಾದ ವಿಷಯದಂತೆ ನಾವೆಲ್ಲರೂ ಪ್ರಾಣಿಗಳ ಸಂರಕ್ಷಣೆಯ ಕಾರ್ಯವನ್ನು ನಡೆಸುವುದು ಮಕ್ಕಳ ಮನೋಭಾವದಲ್ಲಿ ಇರುವುದು ಮುಖ್ಯವಾದ ಅಂಶವಾಗಿತ್ತು ಆದ್ದರಿಂದ ಮಕ್ಕಳು ಅನೇಕ ಪ್ರಾಣಿಗಳ ಚಿತ್ರಗಳನ್ನು ಸಂಗ್ರಹಿಸಿ ಅವುಗಳ ಬಗ್ಗೆ ಮಾಹಿತಿಯನ್ನು ತಿಳಿದು ಯಾವ ಪ್ರಾಣಿಗಳು ಬಹಳ ಮುಖ್ಯ ಪಾತ್ರವನ್ನು ವಹಿಸುತ್ತದೆ ಎಂಬ ಅರಿವನ್ನು ಮೂಡಿಸಿಕೊಂಡಿದ್ದಾರೆ ಅಲ್ಲದೆ ಆ ಪ್ರಾಣಿಗಳಿಗೆ ಯಾವುದೇ ತೊಂದರೆಗಳನ್ನು ಕೊಡಬಾರದು ಎಂಬ ಮಹಾರೀತಿಯನ್ನು ತಿಳಿದುಕೊಂಡಿದ್ದಾರೆ ಇಷ್ಟಲ್ಲದೆ ಪ್ರಾಣಿಗಳ ಹಿಂಸೆ ಕೂಡ ಮಹಾ ತಪ್ಪು ಎಂಬ ಕಲ್ಪನೆ ಕೂಡ ಈ ಐಡಿಯಾದಿಂದ ತಿಳಿದುಕೊಂಡಿದ್ದಾರೆ.ಪ್ರಾಣಿಗಳು ಕೂಡ ಮನುಷ್ಯರಂತೆ ಮನೋ ಧರ್ಮವನ್ನು ಹೊಂದಿದ್ದು ಅವುಗಳಿಗೂ ಕೂಡ ನಮ್ಮಂತೆ ಪ್ರಾಣಿ ಪ್ರಾಣ ಇದೆ ಎಂಬ ಮನೋಭಾವನೆ ಅವರಲ್ಲಿ ತುಂಬ ಜತೆಗೆ ಅವುಗಳಿಗೆ ಯಾವುದೇ ರೀತಿಯ ಹಿಂಸೆ ಆಗಲಿ ಯಾವುದೇ ತೊಂದರೆ ಆಗಲಿ ಕೊಡಬಾರದೆಪ್ಪ ಮನೋಭಾವನೆಯನ್ನು ಕುರಿತು ಮಕ್ಕಳಿಗೆ ಜಾಗೃತಿಯನ್ನು ಮೂಡಿಸುವುದರ ಮೂಲಕ ಪ್ರತಿ ತರಗತಿಯಲ್ಲಿ ಪ್ರಾಣಿಗಳ ಚಿತ್ರಗಳನ್ನು ಅಂಟಿಸಿ ಅವರಿಗೆ ಮನವರಿಕೆಯನ್ನು ಮಾಡಿಕೊಡಲಾಗುತ್ತದೆ.ಇದು ಮಕ್ಕಳಿಂದಾನೆ ಮೂಡಿದಂತಹಒಂದು ಕಲ್ಪನೆಯಾಗಿದ್ದು ಅದನ್ನು ಅರಿತುಕೊಂಡುಈ ಐಡಿಯಾವನ್ನು ಸಲ್ಲಿಸಲಾಗಿದೆ	"Introduction and conservation of animals
Collecting names and pictures of various animals. Conserving animals. Introducing different animals found around the world. Introducing many animal names and pictures that children do not know. This helps children and us to learn about many unknown animals. Also, it provides information about the places where those animals are found. Additionally, it aims to develop a mindset in children to help animals like local dogs and cows so that they do not suffer any harm. It is important to create a good attitude that animals also have life like humans. Such ideas, though common, play an important role. In earlier times, technology advanced, but it is very important to develop general knowledge among children."	Introduction and conservation of animals: Regarding this idea, it was important that we all participate in animal conservation activities and that this attitude be present in children's minds. Therefore, children collected many pictures of animals and learned information about them, gaining awareness about which animals play an important role. They also understood the principle that animals should not be harmed. Moreover, they learned that animal cruelty is a great mistake. Children developed the feeling that animals also have emotions like humans and that animals have life just like us. Along with this, children were made aware that no kind of cruelty or harm should be done to animals. To raise this awareness, pictures of animals are displayed in every classroom and children are given appeals to protect them. This idea originated from the children themselves, and upon understanding it, this idea was submitted.	The problem focuses on introducing children to various animals and promoting their conservation by teaching them about different species, their habitats, and the importance of not harming animals. The solution involves children collecting animal pictures and information to raise awareness about animal protection and empathy, displaying animal pictures in classrooms, and encouraging a mindset of kindness and respect towards animals.
61597	ಅನೇಕ ರೈತರು ಅಂಗಡಿಗಳಿಂದ ಕೀಟನಾಶಕಗಳನ್ನು ಮತ್ತು ರಸಗೊಬ್ಬರಗಳನ್ನು ತಂದು ಬೆಳೆಗಳಿಗೆ ಸಿಂಪಡಣೆ ಮಾಡುತ್ತಿದ್ದಾರೆ. ಇದರಿಂದ ಅವರಿಗೆ ಹಣ ಗಳಿಸಲು ಆಗುತ್ತಿಲ್ಲ ಬೆಳೆಗಳಿಗೆ ಉತ್ತಮ ಮಾರುಕಟ್ಟೆ ಬೆಲೆ ಸಿಗುತ್ತಿಲ್ಲ ಇದರಿಂದ ಮಣ್ಣಿನ ಫಲವತ್ತತೆ ಮತ್ತು ಜಲ ಮಾಲಿನ್ಯವಾಗುತ್ತಿದೆ. ರೈತರು ಅಧಿಕಾ ಹಣವನ್ನು ಗೊಬ್ಬರಗಳಿಗೆ ಕಳೆದುಕೊಳ್ಳುತ್ತಿದ್ದಾರೆ	ರೈತರು ದನಗಳನ್ನು ಸಾಕಿಕೊಂಡು ಅದರ ಸಗಣಿಯಿಂದ ಸಸ್ಯಗಳಿಗೆ ಗೊಬ್ಬರವನ್ನು ಹಾಕುವುದು ಮತ್ತು ತನ್ನ ಸುತ್ತಮುತ್ತಲಿನ ಪ್ರದೇಶದಲ್ಲಿ ಸಿಗುವ ಬೇವಿನ ಮರ ಹೊಂಗೆ ಮರ ತುಳಸಿ ಮರ ಮತ್ತು ಗೋಮೂತ್ರದಿಂದ ಔಷಧಿಗಳನ್ನು ಸಿದ್ಧಪಡಿಸಿ ಗಿಡಗಳಿಗೆ ಹಾಕುವುದು ಮತ್ತು ಸಿಂಪಡಣೆ ಮಾಡುವುದು	Many farmers are buying pesticides and chemical fertilizers from shops and spraying them on their crops. Because of this, they are not able to earn enough money, and their crops do not get good market prices. This practice is also causing soil infertility and water pollution. Farmers are spending a lot of money on fertilizers.	Farmers can grow pulses and use their residues as fertilizer for plants. They can prepare medicines for plants using nearby plants like neem, honey tree, tulsi (holy basil), and cow urine, and apply these medicines and irrigation to the crops.	The problem is that farmers rely on chemical pesticides and fertilizers, which leads to poor income, low crop prices, soil infertility, and water pollution. The proposed solution is for farmers to use natural methods by growing pulses for fertilizer and preparing plant medicines from local plants and cow urine to nourish and protect their crops.
61188	ವಿವಿಧ ಶಾಲೆಗಳಲ್ಲಿ ಓದುತ್ತಿರುವ ನನ್ನ ನೆರೆಹೊರೆಯ ಸ್ನೇಹಿತರು, ಶಾಲೆಗೆ ಸರಿಯಾಗಿ ಹಾಜರಾಗದೇ ಉಳಿಯುವುದು.	ನಾನು ಇದನ್ನು ನನ್ನ ಶಿಕ್ಷಕರಿಂದ ಕಲಿತು, ನನ್ನ ಸ್ನೇಹಿತರ ವೃಂದವು ಅದರ ಪ್ರಯೋಜನ ಪಡೆಯಲು ಅನುಕೂಲ ಮಾಡಿಕೊಡುತ್ತೇನೆ. ನಾನು ಕಹೂತ್‌ ಆಪ್‌, ಓ- ಲ್ಯಾಬ್ಸ್‌, ಸ್ಟೆರಿಲಿಯಂ ಪ್ಲಾನೆಟ್‌, ವ್ಯಾಕರಣ, ಕಥೆಗಳ ವೀಡಿಯೋ, ಅನಿಮೇಷನ್‌ ಮತ್ತು ಸಿಮುಲೇಷನ್‌, ಪ್ರಾಜೆಕ್ಟ್‌ ಮಾಡುವುದು, ಚಿತ್ರಕಲೆ ಮುಂತಾದವುಗಳನ್ನು ಕಲಿತು, ಅವರಿಗೆ ಕಲಿಸುತ್ತೇನೆ.	My friends who study in various schools in my neighborhood do not attend school regularly.	I learned this from my teachers and I help my group of friends to benefit from it. I learn and teach them using Kahoot app, O-Labs, Sterilium Planet, grammar, story videos, animation and simulation, doing projects, drawing, and other activities.	The student noticed that their friends in nearby schools are not attending school regularly. To help them, the student uses educational apps and creative methods like Kahoot, O-Labs, videos, and art to engage and teach their friends, encouraging better learning and attendance.
54935	ಹೆದ್ದಾರಿಗಳಲ್ಲಿ ವಿದ್ಯುತ್ ಕೊರತೆಯಿಂದ ವಿದ್ಯುತ್ ದೀಪಗಳು ಬೆಳಗುವುದಿಲ್ಲ	ಹೆದ್ದಾರಿಗಳಲ್ಲಿ ವಿದ್ಯುತ್ ಕೊರತೆಗಳು ಉಂಟಾಗುವುದು. ಇಂದಿನ ಯಾಂತ್ರಿಕ ಯುಗದಲ್ಲಿ ವಾಹನಗಳ ಪಾತ್ರ ಅಭಿ ಪ್ರಮುಖವಾಗಿದೆ ಹೆದ್ದಾರಿಗಳಲ್ಲಿ ಅತಿ ಹೆಚ್ಚು ವಾಹನಗಳು ವೇಗವಾಗಿ ಚಲಿಸುತ್ತವೆ ವಾಹನಗಳ ಮತ್ತು ಗಾಳಿಯ ವೇಗದಿಂದ ವಿದ್ಯುತ್ತನ್ನು ಉತ್ಪಾದನೆ ಮಾಡಬಹುದು ಇದರಿಂದ ವಿದ್ಯುತ್ ಉತ್ಪಾದನೆ ಯಾಗುತ್ತದೆ	Streetlights do not light up due to power outages on highways.	Power outages occur on highways. In today's mechanical era, vehicles play a very important role. Many vehicles move quickly on highways. Electricity can be generated from the speed of vehicles and air. This can be used to produce electricity.	The problem is that streetlights on highways do not work during power outages. The proposed solution is to generate electricity using the speed of vehicles and air movement on highways to power the streetlights.
6940	"കാർഷികമേഖല അഭിമുഖികരിക്കുന്ന പ്രതിസന്ധിയാണ് കാലാവസ്ഥാമാറ്റം.കിടനാശിനി ഉപയോഗം, മണ്ണിന്റെ ഫലപൂയിഷ്ടത നഷ്ടപ്പെടുന്നു , 
 രാസ വളങ്ങളുടെ ഉപയോഗം ."	എയ്റോപോണിക്സ്	Climate change is a crisis faced by the agricultural sector. The use of pesticides causes soil fertility loss, and there is extensive use of chemical fertilizers.	Aeroponics	The problem is climate change affecting agriculture, along with soil fertility loss due to pesticides and chemical fertilizers. The proposed solution is to use aeroponics, a soilless farming technique.
7451	"സമൂഹത്തിലെ എല്ലാ ഭിന്നശേഷിക്കാർക്കും തൊഴിൽ 
  ഉണ്ടാക്കുന്നതിന് വേണ്ടി 
  സമൂഹത്തിലെ പ്രത്യേക പരിഗണന അർഹിക്കുന്ന കുട്ടികളെ മുഖ്യധാരയിലെത്തിക്കുകയും അവർക്ക സ്വന്തമായി ഒരു തൊഴിൽ ചെയ്ത് ജീവിതമാർഗം കണ്ടെത്തുന്നതിന് വേണ്ടി"	അവർക്കുവേണ്ടി പരിശീലനം ആരംഭിക്കണം	To create employment for all differently-abled people in society, to bring children who deserve special consideration in society into the mainstream, and to help them find a livelihood by doing their own work.	Training should be started for them.	The problem is about providing employment opportunities for differently-abled individuals by integrating children who need special care into the mainstream and helping them find their own livelihood. The solution proposed is to start training programs specifically for these individuals.
7647	കാടിനോടു ചേർന്നുള്ള ജനവാസ മേഖലയിലേക്കുള്ള വന്യജീവികളുടെ കടന്നുകയറ്റം ഇല്ലാതാക്കാൻ ഞങ്ങൾ അവതരിപ്പിക്കുന്ന AI based Alert System ആണ് AI Wild Watcher അഥവാ AIWWA.	"ജനവാസമേഖലയോടു ചേർന്നുള്ള മൃഗങ്ങളുടെ സഞ്ചാരപാതയിൽ സ്ഥാപിച്ചിട്ടുള്ള ക്യാമറയും മറ്റു അനുബന്ധ ഉപകരണങ്ങളും ചേർന്നതാണ് ഈ മാതൃക ( AI Wild Watcher).
 മൃഗങ്ങളുടെ സാന്നിധ്യം ക്യാമറയിൽ പതിഞ്ഞാൽ ആർട്ടിഫിഷ്യൽ ഇന്റലിജൻസ് ഉപയോഗിച്ച മൃഗത്തെ തിരിച്ചറിയുകയും ക്യാമറയോടൊപ്പം തന്നെ സജ്ജീകരിച്ച സ്പീക്കറിലൂടെ ഇവയെ പേടിപ്പിച്ച് തുരത്താൻ അന്യോജമായ ശബ്ദം പുറപ്പെടുവിക്കും. ഇതുപോലെ ആനയുടെ സാന്നിധ്യമാണ് കണ്ടെത്തിയതെങ്കിൽ തേനീച്ചയുടെ മൂളലും കടുവയുടേതാണെങ്കിൽ വെടിയൊച്ചയുമാണ് കേൾക്കുക. കൂടാതെ AIWWA എന്ന മൊബൈൽ ആപ്പ് വഴി ജനങ്ങൾ , ഫോറസ്റ്റ് ഓഫീസർ എന്നിവർക്ക് അലേർട്ട് മെസ്സേജ് ലഭിക്കുന്നതാണ്. ക്യാമറയിൽ നിന്നുള്ള ചിത്രങ്ങളെ AI പ്രൊസസ് ചെയ്യാൻ നമ്മളിവിടെ ലാപ്ടോപ് ആണ് ഉപയോഗിക്കുന്നത്. AI മോഡെൽ നിർമ്മിക്കാൻ Roboflow എന്ന ഓപൺ സോഴ്സ് പ്ലാറ്റഫോർമാണ് ഉപയോഗപ്പെടുത്തിയത്. റെയിൽവേ ട്രാക്കിലേക്ക് വന്യജീവികൾ പ്രവേശിക്കുന്നത് തടയാനും വന്യജീവി സാന്നിധ്യം ലോക്കോ പൈലറ്റിന്റെ ശ്രദ്ധയിൽ പെടുത്താനും AIWWA ഉപയോഗപ്പെടുത്താം. ഒരോ സമയം വന്യജീവികൾക്കും മനുഷ്യർക്കും ഹാനികരമാകാത്ത രീതിയുള്ള പ്രശ്നപരിഹാരമായാണ് ഞങ്ങൾ ഇത് അവതരിപ്പിക്കുന്നത്."	We present an AI-based Alert System called AI Wild Watcher or AIWWA to prevent wild animals from entering residential areas adjacent to forests.	This model (AI Wild Watcher) consists of cameras and other related devices installed on the animal pathways near residential areas. When an animal's presence is captured by the camera, artificial intelligence is used to identify the animal, and a speaker installed with the camera emits an appropriate sound to scare and drive the animal away. For example, if an elephant is detected, the sound of a bee's buzz is played; if a tiger is detected, the sound of gunfire is played. Additionally, an alert message is sent to people and forest officers via the AIWWA mobile app. A laptop is used here to process the images from the camera using AI. The AI model is built using an open-source platform called Roboflow. AIWWA can also be used to prevent wild animals from entering railway tracks and to alert loco pilots about the presence of wildlife. We present this as a harmless solution for both wild animals and humans at all times.	The problem is wild animals entering residential areas near forests, which can be dangerous. The solution is an AI-based alert system called AI Wild Watcher that uses cameras and AI to identify animals and scare them away with specific sounds. It also sends alerts to people and forest officers and can be used to protect railway tracks from wildlife intrusion.
8980	ഈ മെഡിക്കൽ ബാൻഡ് ഉപയോഗിച്ച് ഇത് ധരിച്ചിരിക്കുന്ന ആൾ ഇപ്പോൾ എവിടെയാണ് എന്നുള്ള ലൊക്കേഷൻ മനസ്സിലാക്കാൻ സാധിക്കുന്നു മറവി രോഗമുള്ള ആൾക്കാർ വീട്ടിൽ നിന്ന് പുറത്തേക്ക് പോകുമ്പോൾ വീട്ടുകാർക്ക് ഈ ബാൻഡ് മുഖേന അവരുടെ കറക്റ്റ് ലൊക്കേഷൻ മനസ്സിലാക്കാൻ സാധിക്കുന്നു ഇതു ഫോണിൽ കാണാവുന്നതാണ് അതിനുവേണ്ടി ഇതിൽ ജിപിഎസ് ട്രാക്കറും സിം കാർഡും വരുന്നുണ്ട് സിം കാർഡ് കൊടുത്തിരിക്കുന്നത് എത്ര ദൂരത്ത് പോയാലും എളുപ്പം ട്രാക്ക് ചെയ്യാൻ വേണ്ടിയിട്ടും കൂടിയാണ് ഇത് സ്കൂളിൽ പോകുന്ന കുട്ടികൾക്കും ഉപയോഗിക്കാൻ സാധിക്കുന്നതാണ് സ്കൂളിൽ പോകുന്ന കുട്ടികൾ ഇപ്പോൾ എവിടെ എത്തി എന്ന് മനസ്സിലാക്കാം കൂടാതെ രോഗിക്ക് മരുന്ന് കഴിക്കാൻ സമയമായാൽ ഒരു അലാറം പോലെ ഇത് ഓർമ്മിപ്പിക്കുന്നു അതിനുവേണ്ടി ബ്ലൂടൂത്ത് വഴി ഫോണിൽ കണക്ട് ചെയ്യുക ഇതിന്റെ വെബ്സൈറ്റിൽ കയറി മരുന്നു കഴിക്കേണ്ട സമയം അതിൽ സെറ്റ് ചെയ്യാവുന്നതാണ് രോഗിക്ക് പെട്ടെന്ന് അസുഖം കൂടുകയോ അല്ലെങ്കിൽ വേറെ എന്തെങ്കിലും അടിയന്തര അവസ്ഥ ഉണ്ടാവുകയാണെങ്കിൽ ഇതിൽ ഉപയോഗിച്ചിരിക്കുന്ന സിം കാർഡ് മുഖേന ഇത് ഡോക്ടറെയും വീട്ടുകാരെയും അറിയിക്കുന്നു കൂടാതെ വേറെ കുറെ ഉപയോഗങ്ങളുണ്ട്.	മറവിരോഗം ഉള്ള ആളുകളെ വീട്ടുകാർ പുറത്തേക്ക് വിടാൻ ഭയക്കുന്നു അതിന്റെ കാരണം അന്വേഷിച്ചപ്പോഴാണ് അവരുടെ ഈ രോഗം കാരണ വീട്ടുകാർ ഭയക്കുന്നത് എന്ന് മനസ്സിലാക്കാൻ സാധിച്ചത് അതിനുവേണ്ടി ഒരു പ്രതിവിധി എന്ന രീതിയിൽ ആണ് ഈ മെഡിക്കൽ ബാൻഡ് ഞങ്ങൾ കൊണ്ടുവന്നത് ഇത് ഉപയോഗിച്ച് രോഗികൾ പുറത്തേക്ക് പോകുമ്പോൾ അവർ ഇപ്പോൾ എവിടെയാണെന്ന് ട്രാക്ക് ചെയ്യാൻ വേണ്ടി ജിപിഎസ് ട്രാക്കറും സിം കാർഡും ഉപയോഗിച്ച് നമുക്ക് ഇവരുടെ ലൊക്കേഷൻ മനസ്സിലാക്കാൻ സാധിക്കുന്നു ഇതിൽ സിം കാർഡ് കൊടുത്തിരിക്കുന്നതിന്റെ ഒരു ഉപയോഗം എത്ര ദൂരം പോയാലും അവരുടെ ലൊക്കേഷൻ ട്രാക്ക് ചെയ്യാൻ പറ്റും എന്നതാണ് കൂടാതെ മരുന്ന് കഴിക്കാൻ മറക്കുമ്പോൾ ഒരു അലാറം പോലെ രോഗിയെ ഓർമ്മിപ്പിക്കുന്നു കൂടാതെ രോഗിയുടെ അസുഖം കൂടുകയോ മറ്റു ചെയ്താണ് ഡോക്ടറെയും വീട്ടുകാരെയും നോട്ടിഫിക്കേഷൻ മുഖേന രോഗി വീട്ടിലേക്കുള്ള വഴി മറന്നാൽ ആ ബാങ്കിൽ അമർത്തിക്കഴിഞ്ഞാൽ വീട്ടുകാരുടെ ഫോണിലേക്ക് നോട്ടിഫിക്കേഷൻ നൽകുന്നു സിം കാർഡ് മുഖേനയാണ് ഇതെല്ലാം ചെയ്യുന്നത് കൂടാതെ സെൻസറും ബ്ലൂടൂത്ത് വഴി ഫോണിലേക്ക് കണക്ട് ചെയ്തു മരുന്നു കഴിക്കേണ്ട സമയം രേഖപ്പെടുത്താവുന്നതാണ്.	Using this medical band, it is possible to know the current location of the person wearing it. When people with memory loss go outside the house, their family members can understand their correct location through this band. This can be viewed on the phone, as it includes a GPS tracker and a SIM card. The SIM card is provided so that tracking is easy regardless of how far they go. It can also be used for children going to school to know where they have reached. Additionally, when it is time for the patient to take medicine, it reminds them like an alarm by connecting to the phone via Bluetooth. On its website, the medicine time can be set. If the patient suddenly becomes ill or there is any emergency, the SIM card used in it informs the doctor and family members. There are many other uses as well.	Families are afraid to let people with memory loss go outside. When investigating the reason, it was understood that the disease causes this fear. To address this, we have brought this medical band as a solution. Using this, when patients go outside, we can track their current location with the help of a GPS tracker and SIM card. One use of the SIM card is that no matter how far they go, their location can be tracked. Also, when the patient forgets to take medicine, it reminds them like an alarm. If the patient's condition worsens or any other issue arises, it notifies the doctor and family members through notifications. If the patient forgets the way home and presses the band, a notification is sent to the family members' phones. All this is done through the SIM card. Additionally, sensors connected to the phone via Bluetooth allow recording the medicine time.	The problem is that people with memory loss can wander outside and their families cannot easily track their location or remind them to take medicines. The proposed solution is a medical band equipped with GPS and a SIM card that allows family members to track the patient's location anywhere. It also reminds the patient to take medicines via phone alerts and notifies family and doctors in emergencies. The band can also be used for children going to school to monitor their location.
10826	കൈ കൊണ്ടോ കാല് കൊണ്ടോ പ്രവർത്തിച്ചാൽ മാത്രമേ Dust Bin open ചെയ്യാൻ കഴിയുകയുള്ളു .ഈ പ്രവർത്തനം കുറച്ചു കുടി ലഘൂകരിക്കാൻ ഉള്ള ശ്രമത്തിന്റെ ഫലമായിട്ടാണ് Sensor Easy waste collection എന്ന ആശയത്തിലോട്ട് എത്തിയത് .	"പരിസരത്തു എവിടെയെങ്കിലും എന്തെങ്കിലും വേസ്റ്റ് കിടന്നാൽ അത് എടുത്ത് Waste Bin ലേക്ക് ഇടാൻ പലരും മടി കാണിക്കാറുണ്ട്. ഈ പ്രവണത മാറ്റേണ്ടത് മാലിന്യ മുക്ത കേരളത്തിന് അനിവാര്യമാണ്. ഈ സാഹചര്യത്തിലാണ് ജനങ്ങൾക്ക് കുറച്ച കൂടി എളുപ്പത്തിൽ വേസ്റ്റ്, വേസ്റ്റ്ബിൻ ലേക്ക് തന്നെ നിക്ഷേപിക്കാനുള്ള സംവിധാനത്തെ കുറിച്ച് ചിന്തിക്കുകയും അത് പ്രാവർത്തികമാക്കാൻ ശ്രമിക്കുകയും ചെയ്തത് .
 ഈ അവസരത്തിൽ ഒരു സെൻസർ ദുഷ്ട ബിൻ ആയാൽ കുറച്ച കൂടി എളുപ്പത്തിലും മടികൂടാതെയും വേസ്റ്റ് ,എടുത്ത് വേസ്റ്റ് ബിന്നിൽ ഇടാൻ ജനങ്ങൾക്ക് പ്രേരണയാകുന്നു 
 ഈ ഉപകരണത്തിൽ ഒരു Dust Bin നും PCB യും Connectionനും ഉണ്ടായിരിക്കും .മാലിന്യം അടുത്തേക്ക് കൊണ്ടുവരുമ്പോൾ തന്നെ മൂടി തുറക്കുകയും മാലിന്യ നിക്ഷേപം എളുപ്പത്തിൽ സാധ്യമാക്കുകയും ചെയ്യുന്നു ."	The Dust Bin can only be opened by manually using hands or feet. The idea of Sensor Easy Waste Collection came as an effort to reduce this manual operation a little.	Many people hesitate to pick up waste lying anywhere in the surroundings and put it into the Waste Bin. Changing this behavior is essential for a waste-free Kerala. In this situation, the idea was to create a system that makes it a little easier for people to deposit waste directly into the Waste Bin and to try to implement it practically. This led to the idea of a sensor Dust Bin, which encourages people to bring waste and put it into the bin more easily and without hesitation. This device consists of a Dust Bin, a PCB (Printed Circuit Board), and connections. When waste is brought near, the lid automatically opens, making waste disposal easier.	The problem is that people have to manually open dust bins to throw waste, which discourages some from disposing of trash properly. The proposed solution is a sensor-operated dust bin that automatically opens its lid when waste is brought near, making it easier and more encouraging for people to throw waste into the bin, helping to promote cleanliness.
12441	"നമ്മുടെ നാട്ടിൽ ഒരു പാട് ലോറിക്കർ
 ഒവർ ലോയിമറയുന്നു."	"ഒരു ലോറിയുടെ കാബിനിൽ ഒരു ബാറ്ററി വെച്ച് കറുപ്പ് വയർ നേരെ ബൾബിലേക്ക് ബന്ധിപ്പിക്കും ചുവപ്പ് വയർ സാധനങ്ങൾ നിറക്കുന്നതിന്റെ താഴെ ഒട്ടിക്കും എന്നിട്ട് ഒരു വയറിന്റെ
 ഒരു കഷ്ണം ബൾബിൽ ബന്ധിപ്പിക്കും സാധനങ്ങൾ നിറക്കുമ്പോൾ അത് താഴും അപ്പോൾ വയർ തമ്മിൽ മുട്ടും അപ്പോൾ 
 ലൈറ്റ് കത്തും അപ്പോൾ സാധനങ്ങൾ നിറക്കുന്നവർക്ക് മനസ്സിലാവും"	In our area, many lorry drivers are overloading their vehicles.	Place a battery inside the lorry's cabin and connect the black wire directly to a bulb. Attach the red wire below where the goods are loaded. Then connect a piece of wire to the bulb. When goods are being loaded and they fall, the wires will touch each other, causing the light to turn on. This will alert the people loading the goods.	The problem is that many lorries are overloaded. The proposed solution is to install a simple electrical setup inside the lorry cabin that lights up a bulb when goods fall during loading, alerting the loaders to prevent overloading.
13079	"പരിസ്ഥിതിക ദുരിതങ്ങൾ
 കൂടുന്നതിനാലും പരമ്പരാഗത ഇന്ധനസ്രോതസ്സുകളുടെ അപര്യാപ്തത മൂലവും നമുക്ക് ശുദ്ധമായ ഊർജ്ജസ്രോതസ്സുകളിലേക്ക് കടക്കേണ്ടത് അനിവാര്യമാണ്. 
 കേരളത്തിലെ മത്സ്യബന്ധന മേഖലയിൽ വൈദ്യുതിയുടെ വലിയ രീതിയിലുള്ള ആവശ്യം ഇപ്പോഴും പാരമ്പര്യമായ ഇന്ധനസ്രോതസ്സുകളെ ആശ്രയിച്ചാണ് ഇതിനൊപ്പം ചില വസ്തുക്കൾ പ്രകൃതിങ്ങൾക്കും ജീവജാലങ്ങൾക്കും ഹാനികരമാണ്. 
 കുറഞ്ഞ ചെലവിൽ പരിസ്ഥിതി സൗഹാർദമായ വൈദ്യുതി ഉല്പാദനം നടത്തുവാനും പ്രകൃതിരമ്യങ്ങളെ സംരക്ഷിക്കുവാനും ഇടയാക്കും എന്നതാണ് ഈ പ്രോജക്ടിന്റെ ലക്ഷ്യം."	"പരിസ്ഥിതി സൗഹാർദ്ദപരമായ തൊഴിൽ മേഖലയാണ് ചീനവല ഉപയോഗിച്ച് മത്സ്യങ്ങൾ പിടിക്കുന്നത് ഉപജീവനം നടത്തുന്നത് ചീനാല എന്നും നമ്മൾ വിശേഷിപ്പിക്കുന്നത് യഥാർത്ഥത്തിൽ ചൈനയിൽ നിന്നും എത്തിപ്പെട്ടതായ ചൈന വലയാണ്. 
 തീരദേശ മേഖലയിൽ വസിക്കുന്നതും പരിസ്ഥിതി സൗഹാർദ്ദപരമായി പ്രവർത്തിക്കുന്ന സോളാറിൽ ചീനവലയുടെ സോളാർ ഹൈമാസ്റ്റ് ലൈറ്റും ആണ്. നിലവിൽ സോളാർ പല എന്ന ആശയം 2016 ആയതിനാൽ ഒരു പ്രത്യേകത കൂടി ഈ സോളാർ ചീന വലക്ക് ഉണ്ട് ഏഷ്യയിലെ ആദ്യത്തെ സോളാർ ആണ് സൃഷ്ടിക്കാൻ പെട്ടിട്ടുള്ളത് സാധാരണ വലിയ ചീനവല വലിക്കുന്നതിനായി മൂന്നു മുതൽ നാലു പേരുടെ ബലം വേണ്ടിവരുന്നു എന്നാൽ സോളാർ വന്നത് കൂടെ ഒരു സ്വിച്ചിന്റെ കൺട്രോളിലൂടെ വല ഉയർത്തുന്നതിനും താഴ്ത്തുന്നതിനും സഹായകരമായി തീരുന്നു."	Environmental disasters are increasing, and due to the insufficiency of traditional fuel sources, it is essential for us to move towards clean energy sources. In Kerala's fishing sector, there is a large demand for electricity, which still relies on traditional fuel sources. Along with this, some materials are harmful to nature and living beings. The goal of this project is to produce environmentally friendly electricity at a low cost and to help protect natural beauty.	The environmentally friendly livelihood is fishing using Chinese nets, which we call 'Chinal,' originally a Chinese net brought from China. In the coastal area, the solar high-mast light for the Chinese net is also environmentally friendly and solar-powered. Since the idea of solar power came in 2016, this solar Chinese net has a special feature: it is the first solar-powered one in Asia. Usually, fishing with a large Chinese net requires the strength of three to four people, but with solar power, it helps to raise and lower the net through a switch control.	The problem is the increasing environmental issues and reliance on traditional fuels in Kerala's fishing industry, which harms nature. The solution is to use solar-powered Chinese fishing nets that reduce manual labor and produce clean energy, making fishing more environmentally friendly and efficient.
111636	Every person has a quest to travel but peoples with lung disease like asthma can't travel out without oxygen cylinder our idea can solve their problem .	"Peoples with lung disease like asthma can't travel with our taking oxygen during last stage . But they always like to travel doctors would advise then that not to travel anywhere without oxygen cylinder but some people obey the doctors words but others wint obey this idea is for those peoples.
 Every common man carry a single bottle of water and asmathic patients also carry a bottle of water with them they also take oxygen cylinder with them but is bulky and very heavy to carry than a bottle. We all know that electrolysis is process which is used to separate oxygen and hydrogen from water we can apply this method for the patients. First we have to place this equipment with oxygen mask we can use this in case of emergency situations. One little of water container 11.11 percentage hydrogen and 88.89percentage oxygen when we turn on the switch the cathode and anode seperate the oxygen and hydrogen and provide oxygen for the patients this can save them until they reach the hospital."	Every person has a desire to travel, but people with lung diseases like asthma cannot travel without carrying an oxygen cylinder. Our idea can solve this problem for them.	People with lung diseases like asthma cannot travel without taking oxygen during the last stage of their illness. They always want to travel, but doctors advise them not to go anywhere without an oxygen cylinder. Some people follow the doctor's advice, but others do not. This idea is for those people. Every common person carries a single bottle of water, and asthmatic patients also carry a bottle of water with them. They also carry an oxygen cylinder, but it is bulky and very heavy compared to a bottle. We know that electrolysis is a process used to separate oxygen and hydrogen from water. We can apply this method for the patients. First, we have to place this equipment with an oxygen mask. We can use this in emergency situations. One small water container contains 11.11% hydrogen and 88.89% oxygen. When we turn on the switch, the cathode and anode separate the oxygen and hydrogen and provide oxygen for the patients. This can save them until they reach the hospital.	The problem is that people with lung diseases like asthma cannot travel easily because they need to carry heavy oxygen cylinders. The proposed solution is a portable device that uses electrolysis to separate oxygen from water, providing oxygen to patients in emergencies. This device is small and can be attached to an oxygen mask, making it easier for patients to travel without carrying bulky cylinders.
74963	DIFFICULTY FACED BY HARITHAKARMASENA VOLUNTEERS WHILE SEGGREGATING PLASTICWASTES ,RISKS WHILE DEALING WITH HEAP OF DIFFERENT KINDS OF PLASTICS	HarithaBot: AI-powered plastic sorting system for Haritha Karma Sena. Rapidly identifies/categorizes plastics by type, size, upcycling potential. Enhances efficiency, safety, data-driven decision making. Supports plastic-free Kerala mission. Join forces for a cleaner, greener future	Difficulty faced by Haritha Karma Sena volunteers while segregating plastic wastes, and risks involved in handling heaps of different kinds of plastics.	HarithaBot: An AI-powered plastic sorting system for Haritha Karma Sena. It rapidly identifies and categorizes plastics by type, size, and upcycling potential. This enhances efficiency, safety, and enables data-driven decision making. It supports the plastic-free Kerala mission. Join forces for a cleaner, greener future.	Volunteers of Haritha Karma Sena face challenges and risks when sorting various plastic wastes. The proposed solution is HarithaBot, an AI-based system that quickly sorts plastics by type and size, improving safety and efficiency, and aiding the mission for a plastic-free Kerala.
11120	"There should be a scientific and technological revolution in the agricultural sector. India is an agriculture based country. The common man still follows the old methods. These methods are labor intensive, manpower intensive and time consuming.
 Farmers usually apply Natural and Artificial fertilizers to crops by hands. This Natural fertilizer application tool with curd bucket is a tool that I have made to be useful for common farmers with the intention of reducing this."	"Take half inch diameter PVC pipe of one meter length and 22cm length 3/4 inch diameter PVC pipe and cut them into triangular shape with a length of 4cm at a distance of 10 cm from their ends.22cm length 3/4 diameter PVC pipe should be cut a distance of 4cm from the bottom of one side,so that a 4cm length 2 inch nail can be moved.Half inch diameter 22 cm length of piece of stick should be fixed in 22cm length half inch diameter PVC pipe up to the triangular shape hole on one end.
 Then one meter half inch diameter PVC pipe should be converted into 22cm length 3/4 inch diameter PVC pipe.2 inch nail should be installed at the bottom of this and this nail should be fixed in a 4cm length cutting made at a distance of 10 cm from the bottom of the 22cm length 3/4 Inch PVC pipe.Tie it to the nail with a strong Nylon string and tie the second end to one meter half inch diameter PVC pipe.
 One'meter length half inch diameter PVC pipe should be fixed at the second end of T coupling."	There should be a scientific and technological revolution in the agricultural sector. India is an agriculture-based country. The common people still use old methods. These methods require a lot of labor, manpower, and time. Farmers usually apply natural and artificial fertilizers to crops by hand. This natural fertilizer application tool with a curd bucket is a tool I have made to help common farmers by reducing this effort.	Take a half-inch diameter PVC pipe of one meter length and a 22 cm length 3/4 inch diameter PVC pipe. Cut them into a triangular shape with a length of 4 cm at a distance of 10 cm from their ends. The 22 cm length 3/4 inch diameter PVC pipe should be cut 4 cm from the bottom on one side so that a 4 cm length, 2-inch nail can be inserted. Fix a 22 cm length half-inch diameter piece of stick inside the 22 cm length half-inch diameter PVC pipe up to the triangular hole on one end. Then, connect the one-meter half-inch diameter PVC pipe to the 22 cm length 3/4 inch diameter PVC pipe. Install a 2-inch nail at the bottom of this, and fix this nail into the 4 cm cut made 10 cm from the bottom of the 22 cm length 3/4 inch PVC pipe. Tie it to the nail with a strong nylon string and tie the other end to the one-meter half-inch diameter PVC pipe. Finally, fix the one-meter length half-inch diameter PVC pipe at the second end of a T coupling.	The student identifies that Indian farmers still use old, labor-intensive methods to apply fertilizers by hand. To help reduce effort and time, they have created a tool made from PVC pipes and nails designed to apply natural fertilizers more efficiently, making the process easier for common farmers.
36916	Our problem is firstly I give you a situation that if you were a principal or class teacher you want to know about a particular student than you contact the class teacher if the teacher is taking lecture in any class than the class disturb because the teacher go and check the attendance register that's why we make a device with the help of RFID in which through the RFID card when the student enter in the class room he/she put the card infront of RFID reader and after that the attendance of that student send to the class teacher or principal through the Google sheet this is our final idea💡	We have made this solution that if we do not know about any particular student then we will have to see the attendance register but in our project it is not the case as every student will enter the school and will have an RFID card which we will need to read as RFID reader. Our child's attendance will be checked or this attendance will reach the class teacher or principal through Google Sheet. Our future plan is that if the child's attendance is checked, we will message parents. Will go near which will also ensure the safety of the students.	Our problem is this: Suppose you are a principal or class teacher and you want to know about a particular student. Then you contact the class teacher. But if the teacher is taking a lecture in any class, the class gets disturbed because the teacher has to go and check the attendance register. That is why we made a device using RFID. When a student enters the classroom, he or she puts the RFID card in front of the RFID reader, and then the attendance of that student is sent to the class teacher or principal through Google Sheets. This is our final idea.	We have created this solution because normally, if we do not know about any particular student, we have to look at the attendance register. But in our project, this is not necessary because every student will enter the school with an RFID card, which we will read using an RFID reader. The child's attendance will be recorded, and this attendance will reach the class teacher or principal through Google Sheets. Our future plan is that when the child's attendance is recorded, we will send a message to the parents. This will also help ensure the safety of the students.	The students identified the problem of teachers having to leave class to check attendance registers, which disturbs the class. Their solution is an RFID-based system where students scan their RFID cards upon entering the classroom, and attendance is automatically sent to teachers and principals via Google Sheets. They also plan to notify parents by message to enhance student safety.
26668	"Problem Statement
 
 The rapid adoption of electric vehicles (EVs) is crucial for reducing carbon emissions and combating climate change. However, a significant challenge hindering EV growth is the limited range and time-consuming charging process. Current charging infrastructure, such as charging stations, requires vehicles to stop for extended periods, leading to inconvenience, range anxiety, and inefficient use of time, especially during long-distance travel. Additionally, the increasing demand for charging stations places stress on urban planning and energy grids. In developing countries like India, where EV adoption is still in its infancy, the lack of efficient and scalable charging infrastructure further discourages users. There is an urgent need for a solution that enables seamless and continuous charging without disrupting travel, reduces dependency on large battery sizes, and integrates renewable energy to promote sustainable transportation. Wireless charging lanes offer a revo"	"Solution: Wireless Charging Lanes for Electric Vehicles
 
 Our solution to the problem of limited and inefficient EV charging infrastructure is the implementation of wireless charging lanes on highways and key routes. These lanes will allow electric vehicles (EVs) to charge dynamically while on the move, eliminating the need to stop for charging stations.
 
 How It Works
 
 1. Inductive Charging Technology:
 The road will be embedded with inductive coils that generate a magnetic field when powered. These coils will be placed under the surface of the road at regular intervals, creating a consistent charging field.
 
 
 2. Receiver Coils in EVs:
 Electric vehicles will be equipped with receiver coils installed in the undercarriage. These coils will capture the magnetic energy from the road's inductive coils. The captured energy will then be converted into electricity to charge the vehicle's battery while it moves.
 
 
 3. Smart System Activation:
 The system will use sensors to detect when an EV is in"	"Problem Statement

The rapid adoption of electric vehicles (EVs) is crucial for reducing carbon emissions and combating climate change. However, a major challenge slowing down EV growth is their limited driving range and the long time needed for charging. Current charging infrastructure, like charging stations, requires vehicles to stop for long periods, causing inconvenience, range anxiety, and inefficient use of time, especially during long trips. Also, the growing demand for charging stations puts pressure on city planning and energy supply systems. In developing countries like India, where EV use is still new, the lack of efficient and scalable charging infrastructure discourages users. There is an urgent need for a solution that allows seamless and continuous charging without interrupting travel, reduces dependence on large batteries, and uses renewable energy to support sustainable transportation. Wireless charging lanes offer a revolutionary approach to this problem."	"Solution: Wireless Charging Lanes for Electric Vehicles

Our solution to the problem of limited and inefficient EV charging infrastructure is to implement wireless charging lanes on highways and important routes. These lanes will let electric vehicles (EVs) charge dynamically while moving, removing the need to stop at charging stations.

How It Works

1. Inductive Charging Technology:
The road will have inductive coils embedded beneath the surface that generate a magnetic field when powered. These coils will be placed at regular intervals to create a continuous charging field.

2. Receiver Coils in EVs:
Electric vehicles will have receiver coils installed under their chassis. These coils will capture magnetic energy from the road's inductive coils. The captured energy will be converted into electricity to charge the vehicle's battery while it is moving.

3. Smart System Activation:
The system will use sensors to detect when an EV is in..."	The problem is that electric vehicles face limited range and long charging times, which causes inconvenience and slows adoption, especially in countries like India with insufficient charging infrastructure. The proposed solution is to create wireless charging lanes on highways that use inductive coils embedded in the road to charge EVs dynamically while they move, eliminating the need to stop for charging and promoting continuous travel.
73597	"In households, gas stoves are often used for boiling milk. However, the process requires constant attention to avoid two common issues:
 
 1. Milk spilling over unknowingly when it boils completely.
 2. Unnecessary fuel consumption if the flame is not turned off in time.
 
 This can lead to wastage of resources, additional cleaning efforts and the risk of accidents in the kitchen.
 
 The lack of an efficient solution to monitor the spilling over and stop the gas supply automatically once the milk started to overflow highlights the need for a device that ensures safety, saves gas and prevents milk from spilling due to over boiling.
 
 An ""AUTOMATED MILK FROTHING STOPPER MACHINE"" could address this problem by detecting the milk that reach the top of the boiling pot and stopping the gas supply automatically providing a hassle-free and resource efficient solution."	"An ""AUTOMATED MILK FROTHING STOPPER MACHINE"" is a device which will sense the condition of boiling milk before spilling and alert with the help of a siren and at the same time it will switch off the gas stove automatically and save the LPG and milk from spilling. 
 This machine consist of mainly three parts
 1. Control Unit (It contain all necessary circuit with properly program Arduino/chip)
 2. Sensor Unit (It contain one Laser sensor and one LDR sensor programmed with Arduino/chip)
 3. Mechanical Unit ( It contain one Servo Motor to work as OFF/ON mechanical device )
 Working:
 First, Laser sensor and LDR should be aligned just above the top of the pot used for boiling milk. 
 Then the Control Unit to be powered ON and the gas stove should be turned ON for boiling milk. 
 As the frothed milk reach the top of the boiling pot, sensors will detect it and make an alarm using buzzer and will rotate the servo motor that is connected to the Gas Regulator knob and OFF the regulator mechanically."	"In households, gas stoves are often used for boiling milk. However, the process requires constant attention to avoid two common issues:

1. Milk spilling over unknowingly when it boils completely.
2. Unnecessary fuel consumption if the flame is not turned off in time.

This can lead to wastage of resources, additional cleaning efforts, and the risk of accidents in the kitchen.

The lack of an efficient solution to monitor the spilling over and stop the gas supply automatically once the milk starts to overflow highlights the need for a device that ensures safety, saves gas, and prevents milk from spilling due to over boiling.

An ""AUTOMATED MILK FROTHING STOPPER MACHINE"" could address this problem by detecting the milk that reaches the top of the boiling pot and stopping the gas supply automatically, providing a hassle-free and resource-efficient solution."	"An ""AUTOMATED MILK FROTHING STOPPER MACHINE"" is a device that will sense the condition of boiling milk before it spills and alert with the help of a siren. At the same time, it will switch off the gas stove automatically to save LPG and prevent milk from spilling.

This machine mainly consists of three parts:
1. Control Unit (contains all necessary circuits with a properly programmed Arduino/chip)
2. Sensor Unit (contains one Laser sensor and one LDR sensor programmed with Arduino/chip)
3. Mechanical Unit (contains one Servo Motor to work as an OFF/ON mechanical device)

Working:
First, the Laser sensor and LDR should be aligned just above the top of the pot used for boiling milk.
Then, the Control Unit should be powered ON and the gas stove turned ON for boiling milk.
As the frothed milk reaches the top of the boiling pot, the sensors will detect it and trigger an alarm using a buzzer. At the same time, the servo motor connected to the Gas Regulator knob will rotate and mechanically turn OFF the regulator."	The problem is that boiling milk on a gas stove often spills over if not watched carefully, wasting milk and gas and causing mess or accidents. The student proposes an Automated Milk Frothing Stopper Machine that uses sensors to detect when milk is about to overflow, sounds an alarm, and automatically turns off the gas stove to prevent spilling and save fuel.
36768	The number of crime rates and security guard deaths has significantly increased. The money for hiring is also expensive and there are always human errors. There is also a high number of unrecorded cases because witnesses are killed.	The Protechtobot provides a safe distance for the security guard to monitor the required area under the guard's protection area. The Protechtobot is controlled by a phone and moves through a Bluetooth device. Its 360-degree rotatable head covers all blind spots that a normal person can’t see. The Protechtobot is controlled by an Esp32 and has a resolution scale of 1600x900.	The number of crimes and deaths of security guards has significantly increased. Hiring security guards is expensive, and human errors often occur. Many cases go unrecorded because witnesses are killed.	The Protechtobot allows the security guard to monitor the protected area from a safe distance. It is controlled via a phone through a Bluetooth device. Its head can rotate 360 degrees, covering all blind spots that a normal person cannot see. The Protechtobot is controlled by an Esp32 and has a resolution of 1600x900.	The problem is the rising crime rates and security guard deaths, along with costly hiring and unrecorded cases due to witness deaths. The proposed solution is the Protechtobot, a remotely controlled robot with a 360-degree camera that helps security guards monitor areas safely and effectively.
9917	ఈటీవల విజయవాడలో వరదలు విజయవాడలో వచ్చినప్పుడు డ్రోన్ ద్వార ఫుడ్ అండ్ మెడిసిన్స్ ను అపార్ట్ మెంట్ లో వారికి అందించారు అదేవిదమ్గ్ మా చుట్టుపక్కల సహాయం చేయడనికి డ్రోన్ మా సొంతం గా గా సిద్ధం చేసాం	ఈటివల విజయవాడ వరదలలో అపార్ట్ మెంట్ లో ఉన్నవారికి ఫుడ్ మెడిసిన్ అందించడం లో డ్రోన్ యెంతో సహాయపదం2గంజాయి వంటి మరక ద్రవ్యాలు ఎక్కడ అమ్ముతున్నారో తెలుసు కోవడములో. ఎవి చూసి మా టీమ్ డ్రోన్ ఐడియా ను డెవలప్ చేసింది. డ్రోన్ components assemble చేసాము. కార్యక్రమం రసము. GPS పనిచే సాఫ్ట్‌వేర్ ప్రోగ్రామ్ వ్రాసము	Recently, during the floods in Vijayawada, food and medicines were delivered to people in apartments using drones. Similarly, to help those around us, we prepared our own drone.	During the recent Vijayawada floods, drones were very helpful in delivering food and medicines to people in apartments. We also learned where substances like marijuana are being sold. Seeing this, our team developed the drone idea. We assembled the drone components, prepared the program, and wrote software with GPS functionality.	The problem is how to deliver food and medicines to people in apartments during floods. The team created their own drone, inspired by recent flood relief efforts, assembling the parts and programming it with GPS to help deliver supplies and also to track locations of certain substances.
18930	పదార్థలు,:2 ప్లాస్టిక్ బాటిల్ని తీసుకోవాలి. 2వేరు వేరు కొలతలలో తీసుకోవాలి. ఈ బిటిల్సను చాకోతో మధ్య భాగంలో కట్ చేయాలి. ఇలా కట్ చేసిన బాటిల్లను. చిన్నసైజు బాటిలపైన పెద్దసైజు బాటిలును బోర్లించాలి. (పెద్ద సైజు బాటిల్ అంచులను ఒక ఇంచు పొడవుతో లోపలికి మాలచిపెట్టాలి.)తర్వాత కింద ఉన్న బాటిల్లో కలుషితమైన నీటినిపోయే విధంగా పైప్లైన్ ఏర్పాటుచేయాలి. పైన ఉన్న బాటిల్లోకి భాషపీభవనం ద్వారా నీరు చేరుతుంది. ఈ విధంగా సండిస్టల్ వాటర్ ను మనం పొందవచ్చును.	పదార్థలు,:2 ప్లాస్టిక్ బాటిల్ని తీసుకోవాలి. 2వేరు వేరు కొలతలలో తీసుకోవాలి. ఈ బిటిల్సను చాకోతో మధ్య భాగంలో కట్ చేయాలి. ఇలా కట్ చేసిన బాటిల్లను. చిన్నసైజు బాటిలపైన పెద్దసైజు బాటిలును బోర్లించాలి. (పెద్ద సైజు బాటిల్ అంచులను ఒక ఇంచు పొడవుతో లోపలికి మాలచిపెట్టాలి.)తర్వాత కింద ఉన్న బాటిల్లో కలుషితమైన నీటినిపోయే విధంగా పైప్లైన్ ఏర్పాటుచేయాలి. పైన ఉన్న బాటిల్లోకి భాషపీభవనం ద్వారా నీరు చేరుతుంది. ఈ విధంగా సండిస్టల్ వాటర్ ను మనం పొందవచ్చును.	Materials: Take 2 plastic bottles. Take them in two different sizes. Cut these bottles in the middle with a knife. Take the cut bottles and insert the bigger size bottle into the smaller size bottle by drilling. (Bend the edges of the bigger bottle inward by one inch.) Then, arrange a pipeline in the lower bottle to let polluted water drain out. Water will reach the upper bottle through filtration. In this way, we can get sand-filtered water.	Materials: Take 2 plastic bottles. Take them in two different sizes. Cut these bottles in the middle with a knife. Take the cut bottles and insert the bigger size bottle into the smaller size bottle by drilling. (Bend the edges of the bigger bottle inward by one inch.) Then, arrange a pipeline in the lower bottle to let polluted water drain out. Water will reach the upper bottle through filtration. In this way, we can get sand-filtered water.	The problem is about filtering polluted water to get clean water. The solution uses two plastic bottles of different sizes, cut and assembled so that polluted water drains out from the lower bottle and clean water is collected in the upper bottle through filtration. This simple device provides sand-filtered water.
20594	కలలో పెరుగుతున్న గుర్రపు డెక్కన్ నుంచి మనకు ఉపయోగకరమైన వస్తువులను తయారు చేసుకోవడం	కాలవలలో చెరువులలో పెరుగుతున్న గుర్రపుడే కన్న సేకరించి గుర్రపు యొక్క నుంచి వివిధ రకాల వస్తువులను తయారు చేసుకోవచ్చును అవి మనకు ఆర్థికంగా ఒక వనరుగా ఉపయోగపడతాయి మరియు కాలువలో పూడికతీతను కూడా తీసివేసినట్లు అవుతుంది	Making useful products for us from the water hyacinth (gurrapu) growing in canals in the Deccan region.	By collecting the water hyacinth growing in canals and ponds, various types of products can be made from it. These products can serve as an economic resource for us, and at the same time, it helps to remove the blockage in the canals.	The student identifies the problem of water hyacinth overgrowth in canals in the Deccan region. Their solution is to harvest this plant and create useful products from it, which can provide economic benefits and also clear canal blockages.
23004	ఉమెన్ సేఫ్టీ హ్యాండ్ బ్యాండ్ అనేది వాళ్లు ఎక్కడికైనా కొత్త ప్రదేశాలకు వెళ్లేటప్పుడు ఆ హ్యాండ్ బ్యాడ్ ని ఆన్ చేసుకుంటే అప్పుడు వాళ్లను ఎవరైనా ఇబ్బంది పెట్టడం లేదా అనుసరించినప్పుడు అది ఆన్ అయి ఉంటది కాబట్టి ఆ లోకేషన్ మీ ఫ్యామిలీ మెంబర్స్ కు అండ్ పోలీసెస్ కు ట్రాన్స్ఫర్ అవుతుంది వాళ్లకు అప్పుడు ఎవరైనా ఇబ్బంది పెడితే దాన్ని షేక్ చేస్తే అది వాళ్ళను సేవ్ చేయగలదు	ఉమెన్ సేఫ్టీ హ్యాండ్ బ్యాండ్ అనేది వాళ్ళు ఎక్కడికైనా కొత్త ప్రదేశాలకు వెళ్లేటప్పుడు వాళ్లు ఎవరైనా ఇబ్బంది పెట్టడం లేదు అనుసరించినప్పుడు అది ఆన్ అయి ఉంటాది కాబట్టి ఆ లొకేషన్ మీ ఫ్యామిలీ మెంబర్స్ అండ్ పోలీస్ కి ట్రాన్స్ఫర్ అవుతుంది వాళ్ళకి అప్పుడు ఎవరైనా ఇబ్బంది పెడితే ఆ బ్యాండ్ ను షేక్ చేస్తే అది వాళ్లను సేవ్ చేయగలదు	The Women Safety Hand Band is a device that women can turn on when they go to new places. If someone troubles or follows them, the band will be on and the location will be transferred to their family members and the police. If someone causes trouble, shaking the band can help save them.	The Women Safety Hand Band is a device that women can turn on when they go to new places. If someone troubles or follows them, the band will be on and the location will be transferred to their family members and the police. If someone causes trouble, shaking the band can help save them.	The student proposes a Women Safety Hand Band that women can activate when visiting new places. If they face any trouble or are followed, the band sends their location to family and police. Shaking the band in danger can alert others and help save them.
28023	మా ఊరి లో అందరూ చెరువు నీటినే తాగుతారు.కానీ చెరువు నీరు శుభ్రం గా లేనందున ఎక్కువమంది రోగాల బారిన పడుతున్నారు.	"చెరువు చుట్టుపక్కల బాగు చేసి, చెరువు లో చెత్త వేయకుండా చూడటం 
 చెరువు దగ్గర dust bin ఏర్పాటు చేస్తాము
 పిచ్చి మొక్కలు చెరువు లో పెరగ కుండా తీసి వేస్తాము."	In our village, everyone drinks water from the pond. But since the pond water is not clean, many people are falling ill.	We will clean the area around the pond and ensure that no garbage is thrown into it. We will set up a dustbin near the pond. We will remove the weeds growing in the pond so they do not spread.	The problem is that people in the village drink unclean pond water, causing many illnesses. The solution is to clean the pond surroundings, prevent garbage disposal into the pond by placing a dustbin nearby, and remove weeds from the pond to keep the water clean.
40557	వాడే పడేసిన పాల ప్యాకెట్లు వృధాగా పడి ఉండడం	పాల ప్యాకెట్లను కత్తిరించి పూలమాలగా కుట్టడం	Used and discarded milk packets are wasted and lying around.	Cut the milk packets and weave them into flower garlands.	The problem is that used milk packets are wasted and discarded. The proposed solution is to cut these packets and weave them into flower garlands, thus recycling the waste creatively.
42575	ఆరోగ్యకరమైన ఆహారపు అలవాట్లు లేకపోవడం, హానికరమైన ఆహారపు అలవాట్లు ఉండడం, జీవనశైలి సరిగా లేకపోవడం	"ఆరోగ్యకరమైన జీవనశైలి ని తెలియజేయడం ఆరోగ్య ఆహారపు అలవాట్లను ప్రోత్సహించడం. 
 ఆరోగ్య వైకుంఠపాళీ ఆట ద్వారా విద్యార్థులు ఆరోగ్యమైన జీవనశైలి తెలుసుకుంటారు ఈ ఆట ద్వారా రోగనిరోధక శక్తి సమయపాలన శరీర శ్రద్ధ అనే విషయాలు నేర్చుకుంటారు"	Lack of healthy eating habits, presence of harmful eating habits, and improper lifestyle.	Promoting awareness of a healthy lifestyle and encouraging healthy eating habits. Through the Aarogya Vaikunthapali game, students learn about healthy living. This game teaches topics like immunity, time management, and body care.	The problem is unhealthy eating habits and improper lifestyle among students. The solution is to educate them about healthy living and encourage good eating habits through an educational game called Aarogya Vaikunthapali, which teaches immunity, time management, and body care.
282	"- हॉस्पिटल गीच जगह पर होते हैं|
 - शारीरिक रूप से कमजोर किसी की मदद के बिना अस्पताल में जा नहीं सकते हैं|
 - अस्पताल के आसपास बहुत ज्यादा गंदगी होती है|
 - इमरजेंसी दर्दी को तात्कालिक सारवार नहीं मिलती है|
 - अस्पताल में बिजली न होने पर अस्पताल के साधन बंद हो जाते हैं|"	हमने इस समस्या का समाधान करने के लिए यह प्रोजेक्ट बनाया है जिसमें हमने इमरजेंसी दर्दी को जल्दी से सारवार मिले इसलिए इमरजेंसी दरवाजा बनाया है| इमरजेंसी दरवाजे के पास एक साउंड डिटेक्टर लगाया है| साउंड डिटेक्टर आर्डिनो यूनो को उत्तर देगा, आर्डिनो यूनो एलईडी स्क्रीन को सिग्नल देगा और एलईडी स्क्रीन पर इमरजेंसी पेशेंट लिखा हुआ आएगा| जिस हॉस्पिटल के अंदर के स्टाफ अलर्ट हो जाएंगे और वह इमरजेंसी डोर के पास आकर दर्दी को जल्द से जल्द इमरजेंसी हॉल में लेकर जाएंगे और दर्दी को सारी इमरजेंसी सुविधा मिलेगी और दर्द की जान बच जाएगी| इमरजेंसी गेट के पास एक कीपैड लगाया हुआ है जिससे अनजान इंसान परमिशन के बिना हॉस्पिटल के अंदर नहीं जा सकता|अस्पताल में दर्दी के साथ आए हुए इंसान को रिसेप्शनिस्ट के पास अपना आईडी दिखाना पड़ेगा इसके बाद रिसेप्शनिस्ट A पासवर्ड को प्रेस करेगी और वह दरवाजा खुल जाएगा और वह इंसान अंदर जा सकेगा|हमने इस अस्पताल में एक सोलर भी लगाया है पूरा हॉस्पिटल दिन में सोलर से चलेगा और रात में बची हुई यूनिट से और LDR से चलेगा| अस्पताल के आसपास ज्यादातर वृक्ष लगाएंगे जिससे प्रदूषण कम होगा|	"- Hospitals are located in dirty places.
- Physically weak people cannot go to the hospital without help.
- There is a lot of dirtiness around the hospital.
- Emergency patients do not get immediate treatment.
- When there is no electricity in the hospital, hospital facilities stop working."	To solve this problem, we have made this project in which we created an emergency door so that emergency patients can get treatment quickly. A sound detector is installed near the emergency door. The sound detector sends a signal to the Arduino Uno, which signals an LED screen to display 'Emergency Patient'. The hospital staff inside will be alerted and will come to the emergency door to take the patient to the emergency hall as soon as possible, where the patient will receive all emergency facilities and their life can be saved. A keypad is installed near the emergency gate so that unknown people cannot enter the hospital without permission. The person accompanying the patient must show their ID to the receptionist, who will then press a password to open the door and allow the person inside. We have also installed solar power in the hospital so that the entire hospital runs on solar energy during the day and uses the remaining units and LDR at night. We will plant more trees around the hospital to reduce pollution.	The problem is that hospitals are often in dirty places, physically weak patients cannot reach them easily, emergency patients do not get quick treatment, and electricity outages stop hospital services. The solution is an emergency door with a sound detector and alert system to quickly notify staff, controlled access via keypad and ID verification, solar power to keep the hospital running, and planting trees around to reduce pollution.
1821	"किसानों को अनाज निकालते समय कट्टे भरने
 के लिए मजदूरों को अलग से भुगतान करना पड़ता है आज के आधुनिक युग में कोई मजदूर 
 भी नहीं मिलते हैं और वे शारीरिक रूप से कमजोर और मानसिक रूप से तनाव में रहते हैं कट्टे उठाने जैसा कठिन कार्य नहीं करना चाहते लेकिन उनकी मजबूरी है कि उन्हें ऐसा कार्य अपने परिवार को पालने के लिए करना पड़ता हैं। मजदूरों द्वारा काटे बढ़ाने पर अनाज का जमीन पर बिखरने का डर रहता है।"	हमारी टीम ने इस समस्या को सुलझाने के लिए एक ऐसा उपकरण ढूंढा है जिसमें अनाज की कटाई के साथ-साथ है उसमें खाली कटे डालने पर कट्टे भी पैक होकर आते हैं जिससे हमारे गरीब मजदूरों को कट्टे भरने की जरूरत नहीं है ।और हमारे किसानों को कट्टे भरने के लिए अलग से मजदूरी देने की भी जरूरत नहीं है जिससे हमें 1 दिन की मजदूरी बचा सकते हैं।	Farmers have to pay laborers separately to fill sacks while harvesting grain. In today's modern age, laborers are hard to find, and they are physically weak and mentally stressed. They do not want to do hard work like lifting sacks, but they are forced to do such work to support their families. When laborers fill the sacks, there is a risk of grain spilling on the ground.	Our team has found a device that solves this problem by packing the grain into sacks automatically while harvesting. When empty sacks are placed in the machine, the sacks get filled and packed, so the poor laborers do not need to fill the sacks manually. Also, farmers do not need to pay extra wages for filling sacks, which can save the cost of one day's labor.	The problem is that farmers must pay laborers to fill grain sacks during harvest, but laborers are scarce and unwilling to do heavy work. The proposed solution is a device that automatically fills and packs sacks during harvesting, reducing labor needs and saving farmers money on wages.
2040	हर क्षेत्र में निर्माण कार्य चलता रहता है इसलिए आए दिन भवनो निर्माण होता रहता हैं ज्यादातर भवनो का निर्माण आरसीसी के द्वारा होता है और इन आरसीसी भवनोमें ईट का बहुत ज्यादा मात्रा में प्रयोग होता है ईट उठाने वाले मजदूर के हाथों में छाले हो जाते हैं और बहुत सी समस्याएं उत्पन्न हो जाती है इसलिए ईट कैरी करने के लिए आसान उपाय करना जरूरी है	"मजदूर वर्ग को इस राहत देने के लिए। उनके हाथों की समस्याओं को कम करने के लिए और एक बार में अधिक कार्य करने के लिए।
 हम लोहे की प्लेटो द्वारा एक ईंट उठाने का उपकरण तैयार करेंगे और उसके एक सिरे पर हैंडल लगा देंगे जिससे हम ईटों को आसानी से उठा सके। ईट के आकार का उपकरण तैयार करेंगे जिसमें एक साथ पांच छह ईट उठा सके।
 इससे निर्माण कार्य में लगे हुए व्यक्तियों को आसानी हो सके"	Construction work is ongoing in every field, so buildings are being constructed every day. Most buildings are constructed using RCC (Reinforced Cement Concrete), and a large amount of bricks are used in these RCC buildings. The laborers who carry bricks develop blisters on their hands and face many problems. Therefore, it is necessary to find an easy way to carry bricks.	To provide relief to the labor class, reduce the problems with their hands, and enable them to work more at once, we will prepare a tool made of iron plates for lifting bricks. We will attach a handle to one end so that bricks can be lifted easily. The tool will be made in the shape of bricks and will be able to lift five to six bricks at a time. This will make it easier for people involved in construction work.	The problem is that laborers carrying bricks during construction develop blisters and face difficulties. The proposed solution is to create an iron plate tool with a handle that can lift multiple bricks at once, making brick carrying easier and reducing hand injuries for laborers.
8093	ट्रेन में चढ़ते उतरते समय कई बार दुर्घटनाएं हो जाती हैं तथा खासकर बुजुर्ग दिव्यांग व बच्चों को बहुत परेशानी होती है पता रेलगाड़ी के प्लेटफार्म पर रुकने के उपरांत हर कोच के एक दरवाजे पर जहां एक बजर के साथ इंडिकेटर लगा हो एक स्लोप निकले जिसे प्लेटफार्म और ट्रेन के मध्य स्थित अंतराल खत्म हो जाए और बुजुर्ग दिव्यांग व बच्चों को उतारने में आसानी हो एवं होने वाली दुर्घटनाओं से बचा जा सके साथ ही भारी सामान को उतारने में भी आसानी होगी	रेलगाड़ी के प्लेटफार्म पर रुकने के उपरांत हर कोच के एक दरवाजे पर जहां एक बजर के साथ इंडिकेटर लगा हो एक स्लोप निकले जिसे प्लेटफार्म और ट्रेन के मध्य स्थित अंतराल खत्म हो जाए	Many accidents happen while boarding and alighting from trains, and especially elderly, disabled, and children face a lot of difficulties. It is proposed that after the train stops at the platform, a slope should come out at one door of each coach where there is an indicator with a buzzer. This slope would eliminate the gap between the platform and the train, making it easier for elderly, disabled, and children to get down and preventing accidents. It will also help in unloading heavy luggage easily.	After the train stops at the platform, a slope will come out at one door of each coach where there is an indicator with a buzzer. This slope will eliminate the gap between the platform and the train.	The problem is that many accidents occur while boarding or alighting trains, especially affecting elderly, disabled, and children due to the gap between the train and platform. The solution is to install a slope that extends from one door of each coach after the train stops, closing the gap and making it safer and easier to get on and off the train.
8592	"बारिस , धुप ,रात्रि के समय काम करने वाले लोगो को काम करने में आने वाली समस्या के कारण 
 यह छाता सुविधाजनक होगा"	"छाते में पंखा ,बल्ब ,सोलर प्लेट लगी रहेगी जिससे पंखा ,बल्ब सोर उर्जा से चार्ज होगा !
 छोटे व्यापारी ओर मजदूर वर्ग के लोग जो अपना स्वयं का काम करते हे , ओर अलग अलग जगह पर काम करने जाते हे !
 उन लोगो के यह अधिक सुविधाजनक हे !
  बारिश के समय में यह छाता पानी से बचाता हे ,
  गर्मी के समय में पंखा गर्मी से राहत देगा इसमें सोलर प्लेट से उर्जा प्राप्त कर संचालित होगा 
  रात्रि के समय ये बल्ब रोशनी देता है 
  इसमे सेंसर लगा होता है , जिससे पंखा .बल्ब जरुरत के समय ओटोमेटिक ओन हो जाता है"	People who work during rain, sunshine, and at night face difficulties while working. This umbrella will be convenient for them.	The umbrella will have a fan, bulb, and solar panel attached, so the fan and bulb will be charged by solar energy! Small traders and laborers who work independently and go to different places for work will find this very convenient! During rain, this umbrella protects from water. In hot weather, the fan will provide relief from heat and will run on energy obtained from the solar panel. At night, the bulb provides light. It has a sensor that automatically turns the fan and bulb on when needed.	The problem is that people working in rain, heat, or at night face difficulties. The solution is an umbrella equipped with a solar-powered fan and light, which protects from rain, cools in heat, and provides light at night, automatically turning on when needed, making it useful for small traders and laborers working outdoors.
11344	हम सभी यह जानते हैं कि यात्रियों में निरक्षरों की संख्या भी रहती है जो रेलगाड़ी के डिब्बों पर लिखे गए सूचनाओं को नहीं पढ़ सकते हैं एवं वैसे किसी भी डिब्बे में अनावश्यक अज्ञानतावश चढ़ जाते हैं जैसे महिला के लिए आरक्षित डिब्बे ए सी डिब्बा , आरक्षित डिब्बा आदि वह अज्ञानता वश चढ़ जाने एवं पकड़े जाने पर दंडित होते हैं इसलिए हमारे मन में यह विचार आया है कि क्योंकि क्यों ना संबंधित डिब्बे के चित्रों के माध्यम से सभी उसे डब्बे की स्थिति स्थिति को स्पष्ट कर दिया जाता है ताकि निरक्षर व्यक्ति भी बिना किसी परेशानी के साथ कुशल यात्रा कर सके	हमारे मन में यह विचार आया है कि क्योंकि क्यों ना संबंधित डिब्बे के चित्रों के माध्यम से सभी उसे डब्बे की स्थिति स्थिति को स्पष्ट कर दिया जाता है ताकि निरक्षर व्यक्ति भी बिना किसी परेशानी के साथ कुशल यात्रा कर सके	We all know that among passengers, there are illiterate people who cannot read the information written on the train compartments and unknowingly board compartments where they are not supposed to, such as ladies-only compartments, AC compartments, reserved compartments, etc. Due to this ignorance, when they board such compartments and get caught, they are punished. Therefore, we thought that why not use pictures on the respective compartments to clearly indicate their purpose so that illiterate people can travel comfortably without any trouble.	We thought that why not use pictures on the respective compartments to clearly indicate their purpose so that illiterate people can travel comfortably without any trouble.	The problem is that illiterate passengers cannot read the signs on train compartments and may unknowingly board restricted compartments, leading to punishment. The proposed solution is to use pictures on the compartments to clearly show their purpose, helping illiterate passengers travel easily and without problems.
11656	ढलानों या असमान इलाकों के लिए अनुकूलित नहीं है जिस से ओवर हीटिंग और इंजन क्षति होती है	हम एक नवीन झुकाव उत्तरदायी शीतलन प्रणाली का प्रस्ताव करते है जो वाहन के कोण और इलाके के अनुकूल होती हैं जो सभी परिस्थितियों में कुशल शीतलन सुनिश्चित करती है	It is not suitable for slopes or uneven terrains, which causes overheating and engine damage.	We propose an innovative tilt-responsive cooling system that adapts to the vehicle's angle and terrain, ensuring efficient cooling in all conditions.	The problem is that current systems are not suitable for slopes or uneven terrains, leading to overheating and engine damage. The proposed solution is a new tilt-responsive cooling system that adjusts according to the vehicle's angle and terrain to provide efficient cooling in all situations.
12173	"धरती पर सभी मनुष्य को जानवरों को जीवित रहने के लिए पानी की आवश्यकता है पर आजकल हम लोग पानी को बहुत ज्यादा पानी का दुरुपयोग कर रहे हैं जिससे सभी जानवर और मनुष्य को पानी उपलब्ध नहीं हो पता है तथा उन्हें बहुत गंदे पानी का उपयोग भी करना पड़ता है।सभी मनुष्यों जानवरों को जीवित रहने के लिए पीने के पानी की आवश्यकता है जिस प्रकार से आजकल हमारा विकास हो रहा है औद्योगीकरण हो रहा है जनसंख्या बढ़ रही है।
 उद्योग में बहुत पानी का इस्तेमाल होता है। कई जगह पर लोगों को पीने के लिए शुद्ध पानी भी उपलब्ध नहीं है कई स्थानों पर पानी बहुत गहराई में है और कई जगह अपनी जमीन के अंदर बहुत कम है वहां लोगों को बहुत दूर से पानी लाना पड़ रहा है।"	", हम लोगों को पानी की इस समस्या से बचने के लिए बारिश के मौसम में बारिश का जो पानी जमीन पर गिरता है उसको हमारे घर में इकट्ठा करना चाहिए।
 बारिश के मौसम में बरसात का पानी जो हमारे छत पर गिरता है हमारे छत पर पाइप फिट करेंगे और पाइप को आंगन में बने कुंड या टांके में लगा देगे। 
 अब ध्यान देने वाली बात यह है कि हम उस पाईप में एक तो छत की तरफ वाले मुंह पर महीन छलनी का देगे उसे पाईप में ही लगा देगे ताकि छत का मोटा कचरा जैसे तिनके, कंकर पत्थर पाईप में ना आ सके।
 अब एक महीन छलनी टांके में जाने वाले पाईप के मुंह पर और लगाएंगे ताकि थोड़ी महीन कचरा भी पाईप में छनकर रह जाए और टांके में शूद्ध पानी जा सके।
 अब इस पानी का उपयोग हम खुद के पीने के पानी में, पशुओं को पिलाने में तथा खेत में भी कर सकते हैं।
 टांके में मोटर लगा सकते हैं जो बिजली से चले ताकि टांके से आसानी से पानी निकाला जा सके और इस पानी का उपयोग कर सके हम।
 मोटर को एक अलग पाईप से जोड़कर खेतो में पानी दे सकते हैंl
 इस प्रसार हम पानी को व्यर्थ होने से बचा स्केट हैं। और बारिश के पानी का सदुपयोग कर सकते हैं।"	All humans and animals on Earth need water to survive, but nowadays we are wasting a lot of water, which causes water to be unavailable for many humans and animals. They also have to use very dirty water. All humans and animals need drinking water to live. As our development is happening, industrialization is increasing, and the population is growing, industries use a lot of water. In many places, people do not even have access to clean drinking water. In some areas, water is very deep underground, and in others, there is very little water under the land, so people have to bring water from very far away.	To avoid this water problem, we should collect the rainwater that falls on the ground during the rainy season at our homes. The rainwater that falls on our roof during the rainy season can be collected by fitting pipes on the roof and connecting the pipes to a tank or reservoir built in the courtyard. Now, it is important to put a fine sieve at the pipe's opening on the roof side to prevent large debris like straw and stones from entering the pipe. Another fine sieve should be placed at the pipe's opening going into the tank to filter out smaller debris so that clean water goes into the tank. We can use this water for our own drinking, for giving to animals, and also for watering the fields. A motor can be installed on the tank, which runs on electricity, so that water can be easily drawn from the tank and used. The motor can be connected with a separate pipe to supply water to the fields. In this way, we can save water from being wasted and make good use of rainwater.	The problem is that humans and animals are facing water shortages due to overuse and pollution, and many places lack clean drinking water. The proposed solution is to collect rainwater from rooftops using pipes and filters to remove debris, store it in tanks, and use it for drinking, watering animals, and irrigation. This method helps conserve water and makes good use of rainwater.
13702	जल प्रदूषण के प्रभावों में कई समस्याएं होती हैं। गंदा पानी पीने से लोग बीमार हो सकते हैं, जैसे पेट की बीमारियां और त्वचा संक्रमण। जल प्रदूषण से नदी, तालाब और झीलों में रहने वाले जीव-जंतु भी मरने लगते हैं। मछलियों और अन्य जलीय जीवों की संख्या घट जाती है, जिससे पर्यावरण को नुकसान होता है। पेड़-पौधे भी गंदे पानी से प्रभावित होते हैं और ठीक से नहीं बढ़ पाते। पानी का प्रदूषण हमारे आस-पास की प्रकृति और हमारी सेहत दोनों के लिए खतरनाक होता है, इसलिए पानी को साफ और सुरक्षित रखना जरूरी है।	"जल शुद्धिकरण यंत्र
 
 उद्देश्य:
 साधारण और पर्यावरण के अनुकूल जल शुद्धिकरण प्रणाली बनाना, जो आसानी से उपलब्ध सामग्रियों से तैयार की जा सके और जल निस्पंदन के सिद्धांतों को प्रदर्शित करे।
 
 आवश्यक सामग्री:
 
 • प्लास्टिक की बोतल (आधी कटी हुई)
 • कॉफी फिल्टर या सूती कपड़ा
 • रेत
 • कंकड़
 • सक्रिय चारकोल
 • छोटे पत्थर
 • गंदा या मटमैला पानी
 • रबर बैंड या टेप
 • कैंची
 
 जल शुद्धिकरण यंत्र बनाने के चरण:
 
 1.फिल्टर का आधार तैयार करें: प्लास्टिक की बोतल को आधा काटें। बोतल का ऊपरी हिस्सा फ़नल के रूप में इस्तेमाल करें।
 2.फिल्टर परत लगाएं: बोतल के मुंह पर कॉफी फिल्टर या सूती कपड़ा लगाएं और इसे रबर बैंड या टेप से बाँध दें।
 3. परतें जोड़ें:
 •सबसे नीचे सक्रिय चारकोल की परत लगाएं (यह वैकल्पिक है लेकिन बेहतर शुद्धिकरण के लिए उपयोगी है)।
 •चारकोल के ऊपर बारीक रेत की परत डालें।
 •रेत के ऊपर कंकड़ की परत रखें।
 •सबसे ऊपर छोटे पत्थरों की परत डालें।"	There are many problems caused by the effects of water pollution. Drinking dirty water can make people sick, causing illnesses like stomach diseases and skin infections. Water pollution also causes animals living in rivers, ponds, and lakes to die. The number of fish and other aquatic creatures decreases, which harms the environment. Trees and plants are also affected by dirty water and do not grow properly. Water pollution is dangerous for both the nature around us and our health, so it is important to keep water clean and safe.	"Water Purification Device

Objective:
To create a simple and environmentally friendly water purification system that can be made from easily available materials and demonstrates the principles of water filtration.

Required Materials:

• Plastic bottle (cut in half)
• Coffee filter or cotton cloth
• Sand
• Pebbles
• Activated charcoal
• Small stones
• Dirty or muddy water
• Rubber band or tape
• Scissors

Steps to make the water purification device:

1. Prepare the base of the filter: Cut the plastic bottle in half. Use the upper part of the bottle as a funnel.
2. Place the filter layer: Put the coffee filter or cotton cloth over the mouth of the bottle and secure it with a rubber band or tape.
3. Add layers:
 • Place a layer of activated charcoal at the bottom (optional but useful for better purification).
 • Add a layer of fine sand over the charcoal.
 • Put a layer of pebbles over the sand.
 • Place a layer of small stones at the top."	The problem is that water pollution causes health issues and harms aquatic life and plants. The student proposes a simple water purification device made from a plastic bottle and layers of activated charcoal, sand, pebbles, and stones to filter dirty water and make it cleaner and safer to use.
16893	पल्स सेंसर एक हार्डवेयर डिवाइस है जिसका उपयोग हृदय गति को मापने के लिए किया जा सकता है। जब इसे Arduino माइक्रोकंट्रोलर के साथ जोड़ा जाता है, तो हम हृदय गति मॉनिटर बना सकते हैं। इस सेंसर का उपयोग करना और संचालित करना काफी आसान है। सेंसर के ऊपर अपनी उंगली रखें तो ये दिल की धड़कन को महसूस करेगा ।	"इस प्रोजैक्ट का बनाने का मुख्य उद्देश्य healthcare monitoring Wearable मे रूप है। इस प्रोजेक्टर को बनाने के लिए हमने कुछ कॉम्पोनेंट्स प्रयोग किए गए हैं
 
 1 Arduino Uno for coding and controller
 
 2 0.96 oiled display for values show
 
 3 Pulse rate sensor for values count
 
 4 battery for power supply
 
 5 jumper wire for connections
 
 पल्स सेंसर एक हार्डवेयर डिवाइस है जिसका उपयोग हृदय गति को मापने के लिए किया जा सकता है। जब इसे Arduino माइक्रोकंट्रोलर के साथ जोड़ा जाता है, तो हम हृदय गति मॉनिटर बना सकते हैं। इस सेंसर का उपयोग करना और संचालित करना काफी आसान है। सेंसर के ऊपर अपनी उंगली रखें तो ये दिल की धड़कन को महसूस करेगा ।
 
 हृदय पल्स सेंसर कैसे काम करता है?
 
 जब आपकी उंगली सेंसर के करीब होती है, तो सेंसर पर मौजूद हरी रोशनी आपकी उंगली के सिरे पर पड़ती है, और रोशनी सेंसर की ओर भी परावर्तित होती है। फिर, यह हरी रोशनी रक्त के हीमोग्लोबिन में अवशोषित हो जाती है। साथ ही, जैसे-जैसे हमारे शरीर में रक्त की मात्रा लगातार पंप होती रहती है, तो रक्त में हीमोग्लोबिन की मात्रा भी बढ़ती या घटती है। इसलिए, परा"	A pulse sensor is a hardware device that can be used to measure heart rate. When connected with an Arduino microcontroller, we can make a heart rate monitor. This sensor is quite easy to use and operate. Place your finger on the sensor, and it will detect the heartbeat.	"The main purpose of making this project is to create a healthcare monitoring wearable device. To build this project, we used some components:

1. Arduino Uno for coding and control
2. 0.96-inch OLED display to show values
3. Pulse rate sensor to count values
4. Battery for power supply
5. Jumper wires for connections

A pulse sensor is a hardware device used to measure heart rate. When connected with an Arduino microcontroller, we can make a heart rate monitor. This sensor is quite easy to use and operate. Place your finger on the sensor, and it will detect the heartbeat.

How does the heart pulse sensor work?

When your finger is near the sensor, the green light on the sensor falls on the tip of your finger, and the light is also reflected back to the sensor. Then, this green light is absorbed by the hemoglobin in the blood. Also, as the amount of blood in our body keeps pumping continuously, the amount of hemoglobin in the blood also increases or decreases. Therefore, the para"	The student identifies the problem of measuring heart rate and proposes using a pulse sensor connected to an Arduino microcontroller to create a heart rate monitor. The solution involves building a wearable healthcare monitoring device using an Arduino Uno, a pulse sensor, an OLED display, battery, and jumper wires. The pulse sensor works by shining green light on the finger and detecting changes in light absorption due to blood flow, allowing it to measure heartbeats.
17229	सब्जियों व फलों के छिलकों का सड़ना उनका सही से निस्तारण न होना व उनके सड़ने से अनेक रोगों का होना	"*सब्जियों के छिलके से हैंडमेड पेपर तैयार करना*
 *निर्माण विधि*- सब्जियों के छिलके विशेषकर आलू के छिलकों को मध्यम आंच पर रखकर उबाल लेंगे। छिलके इस प्रकार पानी में उबला जाए कि वह ना तो कच्चे रहे और ना ही ज्यादा गले। यदि छिलके ज्यादा गल जाएंगे तो पेपर नहीं बन पाएगा। अब छनने की सहायता से छिलकों से पानी अलग कर लिया जाएगा। इन छिलकों को समतल जगह जैसे मेंज, सेल्फ आदि पर फैला कर उस पर प्लास्टिक की शीट या पन्नी बिछा देंगे। प्लास्टिक शीट पर पर 3 -4 ईंटे या वजन रख देंगे। तीन-चार दिन बाद वजन हटाने पर हैंडमेड पेपर दिखेगा। जोकि छिलके से बना है। हम इस पेपर का उपयोग क्राफ्ट में कर सकते हैं। अलग-अलग सब्जी आलू प्याज के छिलके से अलग-अलग क्राफ्ट पेपर बना सकते हैं या कई सब्जियों के छिलके को साथ में मिलाकर एक हैंडमेड पेपर बना सकते हैं।
 *उपयोग*- क्राफ्ट वर्क और ग्रीटिंग कार्ड बनाने में"	The rotting of vegetable and fruit peels is due to their improper disposal, and this rotting causes many diseases.	"*Making handmade paper from vegetable peels*
*Method of preparation* - Vegetable peels, especially potato peels, are boiled on medium heat. The peels should be boiled in water so that they are neither raw nor overcooked. If the peels are overcooked, paper cannot be made. Then, using a strainer, the water is separated from the peels. These peels are spread on a flat surface like a table or shelf, and a plastic sheet or foil is placed over them. On the plastic sheet, 3-4 bricks or weights are placed. After three to four days, when the weights are removed, handmade paper made from the peels will be visible. This paper can be used in craft work. Different craft papers can be made from different vegetable peels like potato, onion, or by mixing peels of various vegetables together to make one handmade paper.
*Usage* - For craft work and making greeting cards."	The problem is that vegetable and fruit peels rot due to improper disposal and cause diseases. The solution is to boil the peels properly and then dry them under weights to create handmade paper. This paper can be used for crafts and greeting cards, providing an eco-friendly way to reuse vegetable waste.
17268	"**फिटनेस और स्पोर्ट्स:**
 
 फिटनेस और स्पोर्ट्स दोनों ही शारीरिक और मानसिक स्वास्थ्य को बनाए रखने के महत्वपूर्ण पहलू हैं। ये दोनों एक दूसरे से जुड़े हुए हैं, क्योंकि फिटनेस शारीरिक ताकत, सहनशक्ति और लचीलापन बढ़ाता है, जबकि स्पोर्ट्स मनोरंजन के साथ-साथ शारीरिक कौशल और टीमवर्क को भी बढ़ावा देते हैं।
 
 ### फिटनेस के बारे में जानकारी:
 फिटनेस का मतलब है शारीरिक रूप से अच्छा स्वास्थ्य और शरीर को मजबूत बनाए रखना। यह नियमित व्यायाम, संतुलित आहार और पर्याप्त आराम से संभव होता है। फिटनेस के मुख्य पहलू हैं:
 1. **कार्डियोवस्कुलर फिटनेस (Cardiovascular Fitness):** दिल और फेफड़ों के स्वास्थ्य को बनाए रखने के लिए व्यायाम।
 2. **मांसपेशियों की ताकत (Muscular Strength):** शरीर की मांसपेशियों को मजबूत करना।
 3. **लचीलापन (Flexibility):** शरीर के विभिन्न हिस्सों की लचीलापन और गतिशीलता।
 4. **सहनशक्ति (Endurance):** लंबे समय तक शारीरिक कार्य करने की क्षमता।
 5. **शरीरिक संतुलन (Body Composition):** शरीर में वसा और मांसपेशियों का संतुलन।
 
 ### स्पोर्ट्स के बारे में जानकारी:
 स्पोर्ट्स शारीरिक गतिविधियों और खेलों के"	"### समस्या: फिटनेस और स्पोर्ट्स से जुड़ी समस्याएं, जैसे चोटें, मानसिक दबाव, समय की कमी और संसाधनों की कमी, टीम के प्रदर्शन और व्यक्तिगत स्वास्थ्य को प्रभावित कर रही हैं।
 
 ### समाधान: **समूह या टीम के लिए एक समग्र फिटनेस और खेल प्रबंधन योजना तैयार करना** 
 
 यह समाधान टीम के प्रत्येक सदस्य के शारीरिक और मानसिक स्वास्थ्य को सुधारने के लिए एक संगठित और व्यक्तिगत दृष्टिकोण अपनाएगा। 
 
 #### **यह कैसे काम करेगा?**
 
 1. **व्यक्तिगत फिटनेस योजनाएं:** 
  - प्रत्येक सदस्य की शारीरिक स्थिति, स्वास्थ्य और क्षमता को ध्यान में रखते हुए व्यक्तिगत फिटनेस योजनाएं बनाई जाएंगी। इसमें किसी सदस्य को चोट, थकावट या मानसिक दबाव से निपटने के लिए विशेष निर्देश शामिल होंगे।
  - उदाहरण के लिए, यदि किसी खिलाड़ी को जोड़ों का दर्द है, तो उसे हल्के व्यायाम, स्ट्रेचिंग और उचित आराम के साथ एक प्लान मिलेगा।
 
 2. **संचार और मानसिक स्वास्थ्य पर ध्यान:** 
  - मानसिक दबाव को कम करने के लिए, टीम के साथ नियमित मानसिक स्वास्थ्य सेशन आयोजित किए जाएंगे। इससे खिलाड़ियों को मानसिक दबाव, चिंता और बर्नआउट से उबरने में मदद मिलेगी।"	"Fitness and Sports:

Both fitness and sports are important aspects of maintaining physical and mental health. They are interconnected because fitness increases physical strength, endurance, and flexibility, while sports promote physical skills and teamwork along with entertainment.

Information about fitness:
Fitness means good physical health and keeping the body strong. This is possible through regular exercise, a balanced diet, and adequate rest. The main aspects of fitness are:
1. Cardiovascular Fitness: Exercises to maintain heart and lung health.
2. Muscular Strength: Strengthening the body's muscles.
3. Flexibility: Flexibility and mobility of different parts of the body.
4. Endurance: The ability to perform physical work for a long time.
5. Body Composition: The balance of fat and muscles in the body.

Information about sports:
Sports are physical activities and games..."	"Problem: Issues related to fitness and sports, such as injuries, mental pressure, lack of time, and lack of resources, are affecting team performance and individual health.

Solution: Preparing a comprehensive fitness and sports management plan for the group or team.

This solution will adopt an organized and personalized approach to improve the physical and mental health of each team member.

How it will work:

1. Individual fitness plans:
- Personalized fitness plans will be made considering each member's physical condition, health, and capacity. These will include special instructions for members dealing with injuries, fatigue, or mental stress.
- For example, if a player has joint pain, they will get a plan with light exercises, stretching, and proper rest.

2. Communication and focus on mental health:
- To reduce mental pressure, regular mental health sessions will be held with the team. This will help players recover from mental stress, anxiety, and burnout."	The student identifies problems in fitness and sports such as injuries, mental stress, and lack of resources affecting team and individual health. They propose a comprehensive fitness and sports management plan that includes personalized fitness routines and regular mental health sessions to improve both physical and mental well-being of team members.
17759	दूषित जल एक बहुत बड़ी समस्या है	वाटर प्यूरीफायर का उपयोग करें	Polluted water is a very big problem.	Use a water purifier.	The problem is that polluted water is a major issue. The proposed solution is to use a water purifier to clean the water.
4948	எங்கள் ஊரில் ஒரு முதியவர் தனியாக ஒரு வீட்டில் தங்கி இருக்கிறார் அவரின் உறவினர்கள் அனைவரும் வேறு ஊரில் உள்ளனர் அவதை பராமரிக்க ஒரு வேலையால் வந்து செல்வா முதியவர் தனியாக வீட்டில் நாள் முழுதும் இருப்பார் ஒருமுறை முதியவர் கழிவறையில் கால் வழுதி விழுந்து விட்டார் மறுநாள் வேலையால் வந்து பார்க்கும்போது அவர் இறந்துவிட்டார் இது எனக்கு மிக வேதனையாக இருந்தது அவர் விழுந்ததை தெரியப்படுத்த ஏதாவது ஒரு கருவி இருந்திருந்தால் அவரை காப்பாற்றி இருக்கலாம் என தோன்றியது எனவே தான் இப்படி எது எச்சரிக்கை மணி அடிக்கும் கருவியை கண்டுபிடிக்க வேண்டும் என்ற எண்ணம் எனக்கு தோன்றியது இது தனியாக பிரயாணம் செய்யும் மக்களுக்கும் மிகவும் உதவியாக இருக்கும் கைகடிகாரத்தில் பொருத்தம் சென்ஸார் ஆனதால் இதற்கு அதிக விலை இருக்காது சாதாரண மக்களும் வாங்க முடியும்	தனியாக வாழும் முதியவர்கள் மற்றும் பெண்களுக்கு இது பயன்படுகிறது எச்சரிக்கை மணியின் ஒளி கேட்டு அக்கம் பக்கத்தில் உள்ளவர்கள் அவர்களை காப்பாற்றி மருத்துவமனைக்கு கொண்டு செல்ல உதவியாக இருக்கும்	In our village, there is an elderly person living alone in a house. All his relatives live in another village. A worker comes occasionally to take care of him. The elderly person stays alone at home the whole day. Once, he slipped and fell in the bathroom. The next day, when the worker came to check, he found that the elderly person had died. This was very painful for me. I thought if there had been some device to alert about his fall, he could have been saved. Therefore, I thought of inventing a device that rings an alarm. This would also be very helpful for people who travel alone. Since it uses a sensor attached to a wristwatch, it will not be expensive and ordinary people can afford it.	This device is useful for elderly people and women living alone. When the alarm rings, the light and sound will alert nearby people, who can then help and take the person to the hospital.	The student noticed that an elderly person living alone in their village died after falling unnoticed. To prevent such incidents, they propose a wristwatch sensor device that detects falls and sounds an alarm to alert nearby people, enabling timely help and medical assistance.
4961	வேளாண்மை நிலங்களுக்கு தண்ணீர் செலுத்த மின்சார மோட்டார் அல்லது எந்திர மோட்டார் பயன்படுத்த முடியாத நிலைகள்	மிதிவண்டி நீர் மோட்டார் பயன்படுத்தி விவசாய நிலங்களுக்கு அருகில் இருக்கும் நீர் தேக்கங்களிலிருந்து விவசாயத்திற்கு தேவையான நீரை செலுத்த முடியும்.நிலையாக பொருத்தப்பட்டிருக்கும் மிதுவண்டியை நாம் மிதிக்கும் பொழுது பின் சக்கரத்திலிருந்து மாற்றப்பட்டிருக்கும்இணைப்பின் மூலம் நீர்த்தேகங்களில் இருந்து நீர் குழாய் வழியாக நமக்கு தேவையான இடங்களுக்கு செல்லும்இதற்கு மின்சாரமும் மற்ற எரிபொருளோ அவசியம் இருக்காது இதை காலை நேரங்களில் உடற்பயிற்சியாக கூட பயன்படுத்த முடியும்.இதன் மூலம் மின்சாரம் இல்லாத இடங்களிலும்எரிபொருள் மோட்டர் கொண்டு செல்லாத இடங்களிலும் இதனை எளிதாக பயன்படுத்த முடியும்இது மிதிவண்டி மற்றும் குழாய்கள் மட்டுமே போதும் என்பதால் இதனை பிரித்து எடுத்துச் செல்வதும் எளிதானது	There are lands where electric motors or mechanical motors cannot be used to supply water to agricultural fields.	By using a bicycle water motor, water required for farming can be drawn from nearby water tanks to the agricultural fields. When we pedal the bicycle fixed in place, through a connection changed from the rear wheel, water flows through pipes from the water tanks to the needed places. This does not require electricity or any other fuel. It can also be used as exercise in the morning. This can be easily used in places without electricity and where fuel motors cannot be used. Since it only requires a bicycle and pipes, it is easy to dismantle and carry.	The problem is that some agricultural lands cannot use electric or mechanical motors to pump water. The proposed solution is a bicycle-powered water pump that uses pedaling to draw water from nearby tanks through pipes without electricity or fuel, making it suitable for remote areas and also providing exercise.
7324	குப்பைகளை கைகளால் எடுக்காமல் vaccum கிளீனர் மூலம் எடுப்பது	தூசிகளை கைகளால் எடுக்காமல் இயந்திரத்தின் மூலம் எடுத்தல்	Collecting garbage using a vacuum cleaner instead of picking it up by hand.	Using a machine to collect dust instead of picking it up by hand.	The student identifies the problem of manually picking up garbage and dust by hand. Their solution is to use a vacuum cleaner or machine to collect the waste, avoiding direct hand contact.
12934	"மழைகாலங்களில் வீட்டின் முன் தண்ணீர் தேங்கி இருக்கிறது. வீட்டின் முன் உள்ள வாகனங்கள் தண்ணீரில் மூழ்கிறது. தாழ்வான பகுதி உள்ள வீடுகளில் மழைநீர் உள்ளே புகுந்து சிறியவர்கள் பெரியோர்கள் குழந்தைகள் 
 பாதிக்கப்படுகிறார்கள்.
 
 வீட்டினுள் தண்ணீர் புகுவதால் மின்சாரப்பொருட்கள் பாதிப்படைகிறது. மின்சார கம்பிகளில் மின் கசிவு ஏற்படுகிறது."	"மழைக்காலங்களில் வீட்டிற்கு வெளியே தண்ணீர் சூழ்ந்துள்ளதை அறிய வீட்டிற்கு உள்ளே அலாரம் பொருத்தப்படுகிறது. வீட்டுக்கு வெளியே தண்ணீர் ஒரு அடி இருந்தால் ஒரு அலாரம் அடிக்கும். 
 இரண்டு அடி இருந்தால் இரண்டு அலாரம் அடிக்கும். மூன்று அடி இருந்தால் மூன்று அலாரம் அடிக்கும்.
 
 தாழ்வான பகுதியில் வசிக்கும் மக்களுக்கு இது உதவுகிறது. 
 
 இந்த கருவி வீட்டின் முன் பகுதி சுவரில் பொருத்தப்பட்டு, அதனுடன் மின்கம்பி மூலமாக வீட்டின் உள்பகுதியில் அலாரம் பொருத்தப்படுகிறது.
 
 இதற்குத் தேவையான பொருட்கள்:
 
 Thin wires, battery, light, current transmitter, battery adaptor, screws, speak noice or sound transmitter, thin copper plates (3*3cm), taps
 மேலே உள்ள பொருட்களை பயன்படுத்தி தாழ்வான பகுதியில் வீடுகளின் சுவர்களில் பொருத்தி வீட்டின் முன் தண்ணீர் தேங்கி இருந்தால் வீட்டுக்குள் இருக்கும் sound transmitter எச்சரிக்கை அலாரம் அடிக்கும். உடனே வீட்டில் இருக்கிறவர்கள் வெளியே வந்து தண்ணீர் தேங்கி இருப்பதை அறிந்து கொள்ளலாம்.
 இந்தக் கருவி இரவு நேரங்களில் வீட்டில் அயர்ந்து தூங்கிக் கொண்டிருக்கும் பொழுது பெரிதும் உதவியாக இருக்கும்."	"During the rainy season, water accumulates in front of the house. Vehicles parked in front of the house get submerged in water. In houses located in low-lying areas, rainwater enters inside, affecting children, adults, and elders.

Because water enters the house, electrical appliances get damaged. Electric wires experience leakage."	"An alarm is installed inside the house to detect water accumulation outside during the rainy season. If water outside reaches one foot, one alarm sounds. If it reaches two feet, two alarms sound. If it reaches three feet, three alarms sound.

This helps people living in low-lying areas.

This device is fixed on the front wall of the house, connected via electric wires to an alarm inside the house.

Materials needed:

Thin wires, battery, light, current transmitter, battery adaptor, screws, sound transmitter, thin copper plates (3*3 cm), taps.

Using the above materials, the device is installed on the walls of houses in low-lying areas. When water accumulates in front of the house, the sound transmitter inside the house produces a warning alarm. People inside can immediately come out and know about the water accumulation.

This device is very helpful during nights when people are tired and asleep inside the house."	The problem is that rainwater collects in front of houses, submerging vehicles and entering homes in low areas, damaging electrical appliances and affecting residents. The proposed solution is an alarm system installed on the outside wall that detects water levels and sounds alarms inside the house to warn occupants about water accumulation, helping them respond quickly especially during the night.
14226	தீடீர் என்று வரும் மழை பற்றி அறிதல். மேகமே இல்லாமல் மழை பொலிவு அறிய உதவுவது.	"மழை எச்சரிக்கை ஒலிப்பான்
 மழை எச்சரிக்கை கொடுக்கும்.
 மழையினால் ஏற்படும் அச்சம் குறைக்க. மனிதர்கள் மற்றும் விலங்குகள் பாதுகாப்பு."	Understanding sudden rain that comes without warning. Helping to know about rain even when there are no clouds visible.	"Rain warning speaker
Gives rain warnings.
Reduces fear caused by rain. Protects humans and animals."	The problem is about sudden rain that comes without visible clouds, making it hard to predict. The solution is a rain warning speaker that alerts people about rain in advance, reducing fear and helping to protect humans and animals.
22040	ஒருமுறை மட்டுமே பயன்படுத்தப்படும் பிளாஸ்டிக் வீணாகிறது இதனை வைத்து பிளாஸ்டிக் கூழ்ம சாலை உருவாக்க முடியும்.	"பிளாஸ்டிக் அதிகமாக பயன்படுத்தப்படுவதை கண்டேன். அதை எப்படி கணிசமாக குறைப்பது என்று நான் யோசித்துக் கொண்டே இருந்தேன் அப்போதுதான் பிளாஸ்டிக் கூழ்ம சாலை பற்றிய யோசனை எனக்கு வந்தது. இந்த யோசனையின் மூலம் தாறு ஜெல்லி ஆகிய சாலை போடும் கனிமங்களின் செலவு குறைகிறது.
  ஒருமுறை மட்டுமே பயன்படுத்தப்படும் பிளாஸ்டிக்குகள் மீள் சுழற்சிக்கு உட்படுத்தப்பட்டு கூழ்மமாக மாறி தானாக தெருவில் கொட்டப்படுகிற.
  அவை குளிர்ந்த உடன் புதிய தார் சாலையாக மாறிவிடுகிறது. இதுவே பிளாஸ்டிக்கூழ்ம சாலை ஆகும். இது எப்படி வேலை செய்கிறது என்பது எனக்கு நன்றாகவே தெரியும்.
  சில ஊர்களில் சாலை இல்லாமல் இருக்கிறது. சாலை இல்லாமல் இருக்கும் ஊர்களில் இந்த பிளாஸ்டிக் கூழ்ம சாலையானது மிகவும் பயனுள்ளதாக இருக்கிறது. ஒருமுறை மட்டுமே பயன்படுத்தப்படும் பிளாஸ்டிக் பைகள் மீள் சுழற்சிக்கு உட்படுத்தப்பட்டு அதிலிருந்து கிடைக்கக்கூடிய கூழ்மமானது சாலையாக மாறுகிறது. பிளாஸ்டிக் பயன்படுத்தப்படும் இடங்களில் பிளாஸ்டிக் பைகளை குறைப்பதற்கு இந்த பிளாஸ்டிக் கூழ்ம சாலைகள் கணிசமாக பயன்படுத்தப்படுகிறது."	Single-use plastic is wasted. Using this, it is possible to create plastic aggregate roads.	I noticed that plastic is used excessively. I was thinking about how to significantly reduce it, and then I came up with the idea of plastic aggregate roads. Through this idea, the cost of materials like tar and jelly used in road construction decreases. Single-use plastics are recycled and turned into aggregates that are automatically spread on the street. Once cooled, they become new tar roads. This is what a plastic aggregate road is. I understand well how it works. Some villages do not have roads. In villages without roads, this plastic aggregate road is very useful. Single-use plastic bags are recycled, and the aggregates obtained from them become roads. These plastic aggregate roads are widely used to reduce the use of plastic bags where plastic is commonly used.	The student identifies the problem of waste from single-use plastics and proposes recycling them into aggregates for road construction. This method reduces the cost of traditional road materials and provides a useful solution for villages lacking proper roads by converting recycled plastic into durable road surfaces.
23160	பொதுஇடங்களில் குப்பைகள் சாளைகளிள் இருப்பதால் மக்கள் மிகவும் அவதிபடுகிறாற்கள்	மக்கள் பிளாஸ்டிக் களை பயன்படுத்துவதை குறைத்தால் இந்த பிரச்சனைகளுக்கு தீர்வு கிடைக்கும்	In public places, garbage is found in drains, which makes people very worried.	If people reduce the use of plastics, this problem can be solved.	The problem is that garbage, especially plastic waste, clogs drains in public areas causing concern among people. The proposed solution is to reduce plastic usage to prevent this issue.
27723	"இந்தியப் பொருளாதாரத்தின் முதுகெலும்பு விவசாயிகள். இந்திய மக்கள்தொகையில் பாதிக்கும் மேற்பட்டோர் விவசாயத்தை வருமான ஆதாரமாக நம்பியுள்ளனர். விவசாயிகள் உணவு, தீவனம் மற்றும் பிற மூலப்பொருட்களை தொழில்களுக்கான மூலப்பொருளாக வழங்குவதன் மூலம் நாட்டைப் பாதுகாப்பானதாக்குவது மட்டுமல்லாமல், பெரும்பான்மையான இந்திய மக்களின் வாழ்வாதாரமாகவும் செயல்படுகிறார்கள். துரதிர்ஷ்டவசமாக, விவசாயிகள் முழு மக்களுக்கும் உணவளித்தாலும், அவர்கள் சில நேரங்களில் இரவு உணவை சாப்பிடாமல் தூங்குகிறார்கள். விவசாயிகள் தேசத்தின் ஆன்மா. இந்தியாவில் வேலை செய்பவர்களில் கிட்டத்தட்ட மூன்றில் இரண்டு பங்கு மக்களுக்கு விவசாயம் மட்டுமே வாழ்வாதாரம். 
 விவசாயிகள், அனைவருக்கும் தேவையான பயிர்கள், பருப்பு வகைகள் மற்றும் காய்கறிகளை உற்பத்தி செய்கின்றனர். அவர்கள் மிகவும் கடினமாக உழைக்கிறார்கள், அதனால்தான் ஒவ்வொரு நாளும் நமது தட்டில் உணவு கிடைக்கிறது . எனவே, நாம் உணவு உண்ணும்பொது , அந்த விவசாயிக்கு நன்றி சொல்ல வேண்டும்.
 அவ்வாறு விவசாயிகளுக்கு நன்றி செலுத்தும் வகையில் கண்டுபிடிக்கப் பட்டதே “THE LOAD BEARING TOOL OF THE HILL PEOPLE “ ஆகும்."	"THE LOAD BEARING TOOLS
 10 விதங்களில் விவசாயிகளுக்கு பயன்படும் வகையில் இந்த ப்ராஜெக்ட் வடிவமைக்கப்பட்டுள்ளது.
  1. எளிய முறையில் வடிவமைக்கப்பட்ட சுமை தூக்கி
  2.FAN
  3.TORCH LIGHT
  4. TOOLS BAG ( KNIFE, MAMATTY, கயிறு)
  5. WATCH
  6. WATER BOTTLE
  7.TROLLEY MODEL
  8.CUTTING TOOLS
  9. RAIN COAT
  10.FIRST AID BOX 
 விவசாயம் தொடர்பான பல்வேறு பிரச்சனைகளையும் சவால்களையும் கொல்லிமலை விவசாயிகள் எதிர்கொள்கின்றனர். அவற்றில் செங்குத்தான ஒத்தையடி மலைப்பாதைகளில் அறுவடை செய்யப்பட்ட பலா ,மிளகு ,அன்னாசி மற்றும் விவசாய பொருட்களை தலைசுமையாக கொண்டு செல்ல சிரமப்படுகிறார்கள். அவர்களின் சிரமத்தை போக்குவதற்காக மிக மிக குறைந்த விலையில் புதுமையான முறையில் சுமைகளை மலைப்பாதைகள் தூக்கிவர கண்டுபிடிக்கப்பட்டது .“THE LOAD BEARING TOOL OF THE HILL PEOPLE “ . எங்கள் பகுதியில் வசிக்கும் 10க்கும் மேற்பட்ட விவசாயிகளுக்கு இதை செய்து கொடுத்து அவர்களின் சுமைகளை குறைத்துள்ளேன் இதன் மூலம் பல விவசாயிகளின் பாராட்டையும் பெற்றுள்ளேன்.இதில் இன்னும் பல புதுமைகளை புகுத்தி பல விவசாயிகளின் சுமைகளை குறைக்க பாடுபடுவேன்."	"Farmers are the backbone of the Indian economy. More than half of India's population depends on farming as their source of income. Farmers not only protect the nation by supplying food, spices, and other raw materials for industries, but they also serve as the livelihood for the majority of Indian people. Unfortunately, even though farmers provide food for everyone, sometimes they go to sleep without eating dinner. Farmers are the soul of the nation. Nearly two out of three workers in India depend solely on farming for their livelihood.

Farmers produce essential crops, pulses, and vegetables needed by everyone. They work very hard, which is why we get food on our plates every day. Therefore, when we eat food, we should thank the farmers.

To express gratitude to farmers, the invention called “THE LOAD BEARING TOOL OF THE HILL PEOPLE” has been created."	"THE LOAD BEARING TOOLS
This project is designed to help farmers in 10 different ways:
1. A simply designed load carrier
2. Fan
3. Torch light
4. Tools bag (including knife, sickle (mamamty), rope)
5. Watch
6. Water bottle
7. Trolley model
8. Cutting tools
9. Raincoat
10. First aid box

Hill farmers face many problems and challenges related to farming. Among them, carrying harvested crops like cardamom, pepper, pineapple, and other farming products on steep mountain paths is difficult. To ease their burden, a new, very low-cost method to carry loads on mountain paths was invented called “THE LOAD BEARING TOOL OF THE HILL PEOPLE.” I have made this for more than 10 farmers in my area and reduced their load. I have received much appreciation from many farmers. I plan to include more innovations in this tool and continue working to reduce the burdens of many farmers."	Farmers in India form the backbone of the economy but often face hardships, including carrying heavy loads on difficult mountain paths. The student invented “THE LOAD BEARING TOOL OF THE HILL PEOPLE,” a multi-purpose tool designed to help hill farmers carry their loads more easily and includes useful items like a fan, torch, and first aid box. This invention aims to reduce farmers' physical burdens and improve their daily work life.
28682	"கரும்புத் தோகையை கம்போஸ்ட் எருவாக மாற்றி நிலத்தில் இடுவதினால் இவற்றில் உள்ள தழைச்சத்து, மணிச்சத்து, கந்தகச் சத்து மற்றும் பல நுண்ணூட்டச் சத்துக்கள் பயிர்களின் வளர்ச்சியில் முக்கியப் பங்கு வகுக்கின்றன.
 கரும்புத் தோகையைத் தீயிட்டு எரிப்பதினால் ஏற்படும் விளைவுகள் :
 
 1. நன்மை தரக்கூடிய நுண்கிருமிகள், பூஞ்சாணம், மற்றும் மண்புழுக்கள் இறந்துவிடுகின்றன.
 
 2. கரும்புத்தோகை எரியும்பொழுது வெளியாகும் வெப்பத்தின் (600-800) சென்டிகிரேட்) அந்த இடத்திலுள்ள பல கரும்புத் தூர்கள் மடிந்து விடுவதால் மறுதாம்புப் பயிரின், பயிர் எண்ணிக்கை குறைந்து மகசூல் பாதிக்கப்படுகின்றன.
 
 3. கரும்புத் தோகையிலுள்ள தழைச்சத்து, கந்தகச் சத்து மற்றும் கரிமப் பொருள்கள் எரிந்து வீணாகிவிடுகின்றன.
 
 4. கரும்புத் தோகை எரிப்பதனால் வெளியாகும் புகையினால் சுற்றுப்புறச் சூழல் பாதிக்கப்படுகின்றன."	"கரும்புத் தோகை கம்போஸ்ட் எருவாகிட உழவியல் தொழில் நுட்பங்கள்
 
 கரும்புத் தோகையை கம்போஸ்ட் எருவாக மாற்றி நிலத்தில் இடுவதினால் இவற்றில் உள்ள தழைச்சத்து, மணிச்சத்து, கந்தகச் சத்து மற்றும் பல நுண்ணூட்டச் சத்துக்கள் பயிர்களின் வளர்ச்சியில் முக்கியப் பங்கு வகுக்கின்றன.
 
 கரும்புத் தோகையைத் தீயிட்டு எரிப்பதினால் ஏற்படும் விளைவுகள் :
 
 1. நன்மை தரக்கூடிய நுண்கிருமிகள், பூஞ்சாணம், மற்றும் மண்புழுக்கள் இறந்துவிடுகின்றன.
 
 2. கரும்புத்தோகை எரியும்பொழுது வெளியாகும் வெப்பத்தின் (600-800) சென்டிகிரேட்) அந்த இடத்திலுள்ள பல கரும்புத் தூர்கள் மடிந்து விடுவதால் மறுதாம்புப் பயிரின், பயிர் எண்ணிக்கை குறைந்து மகசூல் பாதிக்கப்படுகின்றன.
 
 3. கரும்புத் தோகையிலுள்ள தழைச்சத்து, கந்தகச் சத்து மற்றும் கரிமப் பொருள்கள் எரிந்து வீணாகிவிடுகின்றன.
 
 4. கரும்புத் தோகை எரிப்பதனால் வெளியாகும் புகையினால் சுற்றுப்புறச் சூழல் பாதிக்கப்படுகின்றன.
 
 இவ்வாறு பண்ணைக் கழிவுகளை பயனுள்ளவாறு பயன் படுத்தினால் உரச்செலவை சிக்கனம் செய்யலாம். அத்துடன் மண்வளத்தை மேம்படுத்தி அதிக மகசூல் பெறலாம்."	"When sugarcane trash is converted into compost manure and applied to the soil, the nutrients like nitrogen, phosphorus, potassium, and many micronutrients present in it play an important role in the growth of crops.

The effects of burning sugarcane trash are:

1. Beneficial microorganisms, fungi, and earthworms die.

2. The heat released during burning (600-800 degrees Celsius) causes many sugarcane buds in that area to get damaged, reducing the number of ratoon crops and affecting the yield.

3. The nitrogen, potassium, and organic matter in the sugarcane trash get burnt and wasted.

4. The smoke released from burning sugarcane trash harms the surrounding environment."	"Agricultural techniques to convert sugarcane trash into compost manure

When sugarcane trash is converted into compost manure and applied to the soil, the nutrients like nitrogen, phosphorus, potassium, and many micronutrients present in it play an important role in the growth of crops.

The effects of burning sugarcane trash are:

1. Beneficial microorganisms, fungi, and earthworms die.

2. The heat released during burning (600-800 degrees Celsius) causes many sugarcane buds in that area to get damaged, reducing the number of ratoon crops and affecting the yield.

3. The nitrogen, potassium, and organic matter in the sugarcane trash get burnt and wasted.

4. The smoke released from burning sugarcane trash harms the surrounding environment.

By using farm waste like this beneficially, fertilizer costs can be reduced. Additionally, soil fertility can be improved to get higher yields."	The problem is that burning sugarcane trash causes loss of important nutrients, kills beneficial soil organisms, damages future crops, and pollutes the environment. The proposed solution is to convert sugarcane trash into compost manure and apply it to the soil, which preserves nutrients, improves soil health, reduces fertilizer costs, and increases crop yields.
29015	"இந்தியப் பொருளாதாரத்தின் முதுகெலும்பு விவசாயிகள். இந்திய மக்கள்தொகையில் பாதிக்கும் மேற்பட்டோர் விவசாயத்தை வருமான ஆதாரமாக நம்பியுள்ளனர். விவசாயிகள் உணவு, தீவனம் மற்றும் பிற மூலப்பொருட்களை தொழில்களுக்கான மூலப்பொருளாக வழங்குவதன் மூலம் நாட்டைப் பாதுகாப்பானதாக்குவது மட்டுமல்லாமல், பெரும்பான்மையான இந்திய மக்களின் வாழ்வாதாரமாகவும் செயல்படுகிறார்கள். துரதிர்ஷ்டவசமாக, விவசாயிகள் முழு மக்களுக்கும் உணவளித்தாலும், அவர்கள் சில நேரங்களில் இரவு உணவை சாப்பிடாமல் தூங்குகிறார்கள். 
 விவசாயிகள் தேசத்தின் ஆன்மா. இந்தியாவில் வேலை செய்பவர்களில் கிட்டத்தட்ட மூன்றில் இரண்டு பங்கு மக்களுக்கு விவசாயம் மட்டுமே வாழ்வாதாரம். விவசாயிகள், அனைவருக்கும் தேவையான பயிர்கள், பருப்பு வகைகள் மற்றும் காய்கறிகளை உற்பத்தி செய்கின்றனர். அவர்கள் மிகவும் கடினமாக உழைக்கிறார்கள், அதனால்தான் ஒவ்வொரு நாளும் நமது தட்டில் உணவு கிடைக்கிறது . எனவே, நாம் உணவு உண்ணும்பொது , அந்த விவசாயிக்கு நன்றி சொல்ல வேண்டும்.
 அவ்வாறு விவசாயிகளுக்கு நன்றி செலுத்தும் வகையில் கண்டுபிடிக்கப் பட்டதே “A PINEAPPLE CUTTING TOOL TO HELP PINEAPPLE ஆகும்"	"அன்னாசி பழ விவசாயிகளுக்கு உதவும் அன்னாசி பழம் வெட்டும் கருவி(மூன்று விதமான பயன்களை கொண்டது) .
 3 விதங்களில் விவசாயிகளுக்கு பயன்படும் வகையில் இந்த ப்ராஜெக்ட் வடிவமைக்கப்பட்டுள்ளது.
 
 1.எளிய முறையில் வடிவமைக்கப்பட்ட அன்னாசி வெட்டும் கருவி 
  2. FAN
  3. TORCH LIGHT
  
  எங்கள் பகுதியில் வசிக்கும் 10க்கும் மேற்பட்ட விவசாயிகளுக்கு இதை செய்து கொடுத்து அவர்களின் சுமைகளை குறைத்துள்ளேன் இதன் மூலம் பல விவசாயிகளின் பாராட்டையும் பெற்றுள்ளேன்.இதில் இன்னும் பல புதுமைகளை புகுத்தி பல விவசாயிகளின் சுமைகளை குறைக்க பாடுபடுவேன்."	"Farmers are the backbone of the Indian economy. More than half of India's population depends on agriculture as their source of income. Farmers not only protect the country by providing food, spices, and other raw materials for industries but also serve as the livelihood for the majority of Indian people. Unfortunately, even though farmers provide food for everyone, sometimes they go to sleep without having dinner.
Farmers are the soul of the nation. Nearly two out of three working people in India depend solely on agriculture for their livelihood. Farmers produce all the necessary crops, pulses, and vegetables. They work very hard, which is why we get food on our plates every day. Therefore, when we eat food, we should thank the farmers.
To express gratitude to farmers, the invention called ""A PINEAPPLE CUTTING TOOL TO HELP PINEAPPLE"" was created."	"A pineapple cutting tool to help pineapple farmers (with three different uses).
This project is designed in three ways to help farmers:

1. A simply designed pineapple cutting tool
2. A fan
3. A torch light

I have made this tool for more than 10 farmers living in my area to reduce their burdens, and I have received appreciation from many farmers. I will continue to add more innovations to this tool to further reduce the burdens of many farmers."	The problem is that farmers, who are the backbone of India's economy and provide food for everyone, often work very hard and sometimes even skip meals themselves. To help pineapple farmers, the student invented a multi-purpose tool that includes a pineapple cutter, a fan, and a torch light to make their work easier. This tool has been given to local farmers and appreciated, with plans to improve it further.
29278	வணக்கம். சில மாதங்களுக்கு முன்பு ஒரு சிறுமி ஆழ்துளைக்கிணறில் தவறி விழுந்து உயிரிழந்தது என் மனதை மிகவும் பாதித்தது. அரசு பல்வேறு விதமான கட்டுப்பாடுகளை விதித்தாலும் ஒரு சிலரின் அலட்சியத்தால், கைவிடப்பட்ட ஆழ்துளைக்கிணற்றில் விழுந்து உயிரிழக்கும் குழந்தைகளின் எண்ணிக்கை அதிகரித்துக் கொண்டே இருக்கிறது. என்னதான் அறிவியல் கண்டுபிடிப்புகள் வளர்ந்து கொண்டே இருந்தாலும், இது போன்ற அலட்சியத்தால் ஏற்படும் உயிரிழப்புகள் சமுதாயத்தில் மிகப்பெரிய பாதிப்பை ஏற்படுத்தி விடுகிறது	"வணக்கம். சில மாதங்களுக்கு முன்பு ஒரு சிறுமி ஆழ்துளைக்கிணறில் தவறி விழுந்து உயிரிழந்தது என் மனதை மிகவும் பாதித்தது. அரசு பல்வேறு விதமான கட்டுப்பாடுகளை விதித்தாலும் ஒரு சிலரின் அலட்சியத்தால், கைவிடப்பட்ட ஆழ்துளைக்கிணற்றில் விழுந்து உயிரிழக்கும் குழந்தைகளின் எண்ணிக்கை அதிகரித்துக் கொண்டே இருக்கிறது. என்னதான் அறிவியல் கண்டுபிடிப்புகள் வளர்ந்து கொண்டே இருந்தாலும், இது போன்ற அலட்சியத்தால் ஏற்படும் உயிரிழப்புகள் சமுதாயத்தில் மிகப்பெரிய பாதிப்பை ஏற்படுத்தி விடுகிறது. இதற்கு தீர்வு காணும் வகையில் என்னுடைய இந்த"" AUTOMATIC WARN SYSTEM ABOUT UNCOVERED DEEP BOREWELL ""ப்ராஜெக்ட் உதவும். இந்த கருவியை ஒவ்வொரு பயன்பாட்டில் உள்ள மற்றும் பயன்பாட்டில் இல்லாத ஆழ்துளை கிணறுகளில் பொருத்தி வைக்க வேண்டும். அவ்வாறு வைக்கும் பொழுது இதன் அருகில் யார் சென்றாலும் உடனடியாக ஒலி எழுப்பி, இவ்விடத்தில் ஒரு ஆழ்துளை கிணறு உள்ளது என்ற குரல் ஒலிப்பான் மூலம் எச்சரிக்கை செய்யும். இதனால் குழந்தைகள் இதன் அருகில் செல்வதை தடுத்து அவர்களின் உயிரைக் காப்பாற்ற முடியும் என்பதே இந்த கண்டுபிடிப்பின் நோக்கமாகும்."	Hello. A few months ago, a little girl accidentally fell into a deep borewell and died. This deeply affected me. Even though the government has imposed various restrictions, due to the negligence of some people, the number of children falling into abandoned deep borewells and dying is increasing. No matter how much scientific discoveries advance, such negligence causing loss of life creates a very big impact on society.	"Hello. A few months ago, a little girl accidentally fell into a deep borewell and died. This deeply affected me. Even though the government has imposed various restrictions, due to the negligence of some people, the number of children falling into abandoned deep borewells and dying is increasing. No matter how much scientific discoveries advance, such negligence causing loss of life creates a very big impact on society. To find a solution for this, my project ""AUTOMATIC WARN SYSTEM ABOUT UNCOVERED DEEP BOREWELL"" will help. This device should be installed in every borewell, whether in use or abandoned. When installed, whenever anyone approaches it, it will immediately produce a sound and give a warning through a voice speaker saying that there is a deep borewell here. Because of this, children will be prevented from going near it, and their lives can be saved. This is the purpose of this invention."	The problem is that children are falling into uncovered deep borewells and dying due to negligence, despite government rules. The student proposes an automatic warning system that detects when someone approaches a borewell and sounds an alarm with a voice warning, preventing accidents and saving children's lives.
33284	தற்போது பல்வேறு இடங்களில் வீடுகளுக்குள் பாம்பு புகுந்து அவை கடித்து உயிர் இழப்புகள் ஏற்படுவதாக செய்திகள் வருகின்றன	பாம்புகள் வீட்டிற்குள் நுழைந்தால் வீட்டினில் பொருத்தப்பட்ட உயிரி உணரி கருவி (Bio Sensor)மூலம் எச்சரிக்கை ஒலி எழுப்பப்பட்டு முன்னெச்சரிக்கை நடவடிக்கையினை நாம் மேற்கொண்டு அவைகளிடமிருந்து நாம் தப்பிக்க இயலும்	Currently, there are news reports of snakes entering houses in various places, biting people, and causing deaths.	If snakes enter the house, a bio sensor device installed inside the house will emit a warning sound. We can take precautionary measures based on this alert and protect ourselves from them.	The problem is that snakes are entering homes and causing fatal bites. The proposed solution is to install a bio sensor device inside houses that detects snakes and sounds an alarm, allowing people to take precautions and stay safe.
33445	"கடல் ஆமைக்கு கடலில் முட்டை போட தெரியாது
 கடற்கரையில் மட்டுமே வந்து முட்டை போட்டு குஞ்சு பொறிக்கும்
 டர்டுல் கடலுக்கு செல்ல தெரியாது"	"வீட்டு எலக்ட்ரானிக்ஸ். வெற்றிட கிளீனர்கள் மற்றும் புல்வெளி அறுக்கும் இயந்திரங்கள் மனித தலையீடு இல்லாமல் கடல் ஆமைக்கு கடலில் முட்டை போட தெரியாது
 கடற்கரையில் மட்டுமே வந்து முட்டை போட்டு குஞ்சு பொறிக்கும்
 டர்டுல் கடலுக்கு செல்ல தெரியாது
 இதுவரை மனிதர்கள் மட்டுமே எடுத்து சென்று கடலில் விடுகின்றனர்
 இது போன்ற ரோபாட்டை கடற்கரையில் செய்து விட்டால் அது rescue செய்து கடலில் விட்டுவிடும்
 கடல் ஆமைக்கு கடலில் முட்டை போட தெரியாது
 கடற்கரையில் மட்டுமே வந்து முட்டை போட்டு குஞ்சு பொறிக்கும்
 டர்டுல் கடலுக்கு செல்ல தெரியாது
 இதுவரை மனிதர்கள் தானாகவே பணிகளைச் செய்யும் வகையில் திட்டமிடப்படலாம்.
 வீட்டு கண்காணிப்பு. இதில் குறிப்பிட்ட வகையான ரோபோக்கள் அடங்கும், அவை வீட்டு ஆற்றல் பயன்பாட்டைக் கண்காணிக்கலாம் அல்லது Amazon Astro போன்ற வீட்டுப் பாதுகாப்பு கண்காணிப்பு சேவைகளை வழங்கலாம்.
 செயற்கை நுண்ணறிவு (AI). ரோபாட்டிக்ஸ் AI மற்றும் < இல் பரவலாகப் பயன்படுத்தப்படுகிறது. ஒரு i=4>இயந்திர கற்றல் (ML) செயல்முறைகள், குறிப்பாக பொருள் அங்கீகாரம், இயற்கை மொழி செயலாக்கம், முன்கணிப்பு பராமரிப்பு மற்றும் செயல்முறை தானியங்கு."	Sea turtles do not know how to lay eggs in the sea. They only come to the shore to lay eggs and hatch their young. The turtles do not know how to go back to the sea.	Using home electronics, vacuum cleaners, and field detection machines without human intervention, sea turtles can be helped to lay eggs in the sea. Currently, turtles only come to the shore to lay eggs and hatch their young, and they do not know how to return to the sea. So far, only humans have taken the eggs and placed them in the sea. If such robots are made on the shore, they can rescue and release the turtles into the sea. Sea turtles do not know how to lay eggs in the sea; they only come to the shore to lay eggs and hatch their young, and they do not know how to return to the sea. Until now, humans have planned these activities manually. Home monitoring includes specific types of robots that can monitor home energy usage or provide home security monitoring services like Amazon Astro. Artificial intelligence (AI) is widely used in robotics, including machine learning (ML) processes such as object recognition, natural language processing, predictive maintenance, and process automation.	The problem is that sea turtles only lay eggs on the shore and do not know how to lay eggs in the sea or return to it. The proposed solution is to use robots and electronic devices, combined with AI and machine learning, to assist turtles by rescuing and releasing them into the sea without human intervention, improving their egg-laying and hatching process.
2037	"ವಸತಿ ಮತ್ತು ವಾಣಿಜ್ಯ ಸೆಟ್ಟಿಂಗ್‌ಗಳಲ್ಲಿ ಭದ್ರತಾ ಕಾಳಜಿಗಳು ಹೆಚ್ಚಾದಂತೆ, ಲಾಕ್‌ಗಳು, ಅಲಾರಂಗಳು ಮತ್ತು ಕ್ಯಾಮೆರಾಗಳಂತಹ ಸಾಂಪ್ರದಾಯಿಕ ಭದ್ರತಾ ವ್ಯವಸ್ಥೆಗಳು ಒಳನುಗ್ಗುವಿಕೆಗಳ ವಿರುದ್ಧ ಸಾಕಷ್ಟು ರಕ್ಷಣೆಯನ್ನು ಒದಗಿಸುವುದಿಲ್ಲ. ಅಸ್ತಿತ್ವದಲ್ಲಿರುವ ವ್ಯವಸ್ಥೆಗಳು ಸಾಮಾನ್ಯವಾಗಿ ನಿಷ್ಕ್ರಿಯ ಕ್ರಮಗಳನ್ನು ಅವಲಂಬಿಸಿವೆ, ಇದು ಪರಿಣಾಮಕಾರಿಯಾಗಿ ಅನಧಿಕೃತ ಪ್ರವೇಶವನ್ನು ತಡೆಯುವುದಿಲ್ಲ ಅಥವಾ ನೈಜ ಸಮಯದಲ್ಲಿ ಆಸ್ತಿ ಮಾಲೀಕರನ್ನು ಎಚ್ಚರಿಸುವುದಿಲ್ಲ. ಈ ಯೋಜನೆಯು ಲೇಸರ್ ಸೆಕ್ಯುರಿಟಿ ಅಲಾರ್ಮ್ ಸಿಸ್ಟಮ್ ಅನ್ನು ಅಭಿವೃದ್ಧಿಪಡಿಸುವ ಗುರಿಯನ್ನು ಹೊಂದಿದೆ, ಇದು ಸುರಕ್ಷತೆಯನ್ನು ಹೆಚ್ಚಿಸಲು ಲೇಸರ್ ಕಿರಣಗಳನ್ನು ಸಕ್ರಿಯ ಕಣ್ಗಾವಲು ವಿಧಾನವಾಗಿ ಬಳಸಿಕೊಳ್ಳುತ್ತದೆ.
 
  ಲೇಸರ್ ಸೆಕ್ಯುರಿಟಿ ಅಲಾರ್ಮ್ ಸಿಸ್ಟಮ್ ಸುರಕ್ಷಿತ ಪ್ರದೇಶದ ಪರಿಧಿಯ ಸುತ್ತಲೂ ಲೇಸರ್ ಕಿರಣಗಳ ಗ್ರಿಡ್ ಅನ್ನು ಸ್ಥಾಪಿಸುವ ಮೂಲಕ ಕಾರ್ಯನಿರ್ವಹಿಸುತ್ತದೆ. ಒಳನುಗ್ಗುವವರು ಈ ಕಿರಣಗಳನ್ನು ಅಡ್ಡಿಪಡಿಸಿದಾಗ, ಸಿಸ್ಟಮ್ ಶ್ರವ್ಯ ಎಚ್ಚರಿಕೆಯನ್ನು ಪ್ರಚೋದಿಸುತ್ತದೆ ಮತ್ತು ಆಸ್ತಿ ಮಾಲೀಕರ ಮೊಬೈಲ್ ಸಾಧನಕ್ಕೆ ಅಧಿಸೂಚನೆಯನ್ನು ಕಳುಹಿಸುತ್ತದೆ. ಈ ಯೋಜನೆಯ ಉದ್ದೇಶಗಳು ಸೇರಿವೆ:
 
  ವಿವಿಧ ಪ್ರವೇಶ ಬಿಂದುಗಳನ್ನು ಪರಿಣಾಮಕಾರಿಯಾಗಿ ಕವರ್ ಮಾಡಲು ಸಮರ್ಥ ಮತ್ತು ವಿಶ್ವಾಸಾರ್ಹ ಲೇಸರ್ ಕಿರಣದ ಸಂರಚನೆಯನ್ನು ವಿನ್ಯಾಸಗೊಳಿಸುವುದು."	ಲೇಸರ್ ಹೋಮ್ ಸೆಕ್ಯುರಿಟಿ ಅಲಾರ್ಮ್ ಸಿಸ್ಟಮ್ ಒಂದು ಪ್ರದೇಶದಾದ್ಯಂತ ನಿರ್ದೇಶಿಸಲಾದ ಲೇಸರ್ ಕಿರಣವನ್ನು ಬಳಸುತ್ತದೆ, ಸಂವೇದಕವು ಯಾವುದೇ ಕಿರಣದ ಅಡಚಣೆಗಳನ್ನು ಪತ್ತೆ ಮಾಡುತ್ತದೆ. ಕಿರಣವು ಮುರಿದುಹೋದಾಗ, ಸಿಸ್ಟಮ್ ಎಚ್ಚರಿಕೆಯನ್ನು ಪ್ರಚೋದಿಸುತ್ತದೆ, ಸಂಭಾವ್ಯ ಒಳನುಗ್ಗುವಿಕೆಗೆ ಮನೆಮಾಲೀಕರು ಅಥವಾ ಭದ್ರತಾ ಸಿಬ್ಬಂದಿಯನ್ನು ಎಚ್ಚರಿಸುತ್ತದೆ. ಈ ಪರಿಹಾರವು ತ್ವರಿತ, ವೆಚ್ಚ-ಪರಿಣಾಮಕಾರಿ ಒಳನುಗ್ಗುವಿಕೆಯನ್ನು ಪತ್ತೆಹಚ್ಚುವ ಮೂಲಕ ಮನೆಮಾಲೀಕರು, ವ್ಯವಹಾರಗಳು ಮತ್ತು ಆಸ್ತಿ ನಿರ್ವಾಹಕರಿಗೆ ಪ್ರಯೋಜನವನ್ನು ನೀಡುತ್ತದೆ. ಇದು ನಿರ್ದಿಷ್ಟ ಪ್ರವೇಶ ಬಿಂದುಗಳು ಅಥವಾ ದೊಡ್ಡ ಪರಿಧಿಗಳಿಗೆ ಗ್ರಾಹಕೀಯಗೊಳಿಸಬಹುದಾದ ವ್ಯಾಪ್ತಿಯನ್ನು ನೀಡುತ್ತದೆ. ಒಟ್ಟಾರೆಯಾಗಿ, ಭದ್ರತೆಯನ್ನು ಹೆಚ್ಚಿಸಲು ಮತ್ತು ಅನಧಿಕೃತ ಪ್ರವೇಶವನ್ನು ತಡೆಯಲು ಇದು ಪ್ರಾಯೋಗಿಕ, ವಿಶ್ವಾಸಾರ್ಹ ಮಾರ್ಗವಾಗಿದೆ.	"As security concerns increase in residential and commercial settings, traditional security systems like locks, alarms, and cameras do not provide sufficient protection against intrusions. Existing systems generally rely on passive measures, which do not effectively prevent unauthorized access or alert property owners in real time. This project aims to develop a laser security alarm system that uses laser beams as an active surveillance method to enhance security.

The laser security alarm system works by establishing a grid of laser beams around the perimeter of a secure area. When intruders interrupt these beams, the system triggers an audible alarm and sends a notification to the property owner's mobile device. The objectives of this project include:

Designing an efficient and reliable laser beam configuration to effectively cover multiple access points."	The Laser Home Security Alarm System uses a directed laser beam across an area, and a sensor detects any interruption to the beam. When the beam is broken, the system triggers an alarm, alerting homeowners or security personnel of a possible intrusion. This solution benefits homeowners, businesses, and property managers by providing fast, cost-effective intrusion detection. It offers customizable coverage for specific access points or large perimeters. Overall, it is a practical and reliable way to enhance security and prevent unauthorized access.	The student identifies that traditional security systems are often passive and insufficient against intrusions. They propose a laser security alarm system that creates a laser beam grid around a property. When the beam is interrupted, the system sounds an alarm and notifies the owner via mobile. This solution offers fast, reliable, and customizable intrusion detection for homes and businesses.
20909	ನಮ್ಮ ತಂದೆಯವರು ಹೊಲದಲ್ಲಿ ಮಣ್ಣಿನ ಹಸಿವನ್ನು ತಿಳಿಯದೆ ನೀರನ್ನು ಬಿಡುವುದರಿಂದ ಭೂಮಿ ಜೌಗು ಆಗುತ್ತಿದೆ ಇದರಿಂದ ಇಳುವರಿ ಕುಂಠಿತವಾಗಿದೆ	"ಮಣ್ಣಿನ ತೇವಾಂಶ ಆಧಾರಿತ ನೀರಾವರಿ ವ್ಯವಸ್ಥೆಯಲ್ಲಿ ಮಣ್ಣಿನ ಸಂವೇದಕವು ಮಣ್ಣಿನಲ್ಲಿರುವ ತೇಮಾಂಶದ ಮಟ್ಟವನ್ನು ಅಳೆಯುತ್ತದೆ ಮಣ್ಣಿನ ತೇವಾಂಶವು ಒಂದು ನಿರ್ದಿಷ್ಟ ಮಿತಿಗಿಂತ ಕಡಿಮೆಯಾದಾಗ ಸಂವೇದಕವೂ ರಿಲೇ ಬೋರ್ಡ್ ಸಂಕೇತವನ್ನು ಕಳಿಸುತ್ತದೆ, ರಿಲೇ ಬೋರ್ಡ್ ಗಟ್ಟಿಯಾಗಿ ನೀರಾವರಿ ವ್ಯವಸ್ಥೆಯನ್ನು ಮಾಡಿಕೊಡುತ್ತದೆ ಮಣ್ಣಿನ ತೇವಾಂಶವು ಅಪೇಕ್ಷಿತ ಮೊತ್ತವನ್ನು ತಲುಪುವರೆಗೆ ಈ ಪ್ರಕ್ರಿಯೆಯು ಮುಂದುವರಿಯುತ್ತದೆ ಆ ಸಮಯದಲ್ಲಿ ಬೋರ್ಡ್ ವಿದ್ಯುತ್ ಸರಬರಾಜು ಕಡಿತುಗೊಳಿಸುತ್ತದೆ ನೀರಾವರಿ ನಿಲ್ಲಿಸುತ್ತದೆ ಈ ಸ್ವಯಂ ಚಾಲಿತ ವ್ಯವಸ್ಥೆಯು ನೈಜ ಸಮಯದ ತೇವಾಂಶದ ಪರಿಸ್ಥಿತಿಗಳ ಆಧಾರದ ಮೇಲೆ ಅಗತ್ಯವಿದ್ದಾಗ ಮಾತ್ರ ಮಾಡುವ ಮೂಲಕ ನೀರಿನ ಬಳಕೆಯನ್ನು ಖಚಿತಪಡಿಸುತ್ತದೆ 
 1 ಜಲ ಸಂರಕ್ಷಣೆ 
 2 ವೆಚ್ಚ ಉಳಿತಾಯ"	Our father waters the field without knowing the soil's moisture level, causing the soil to become barren. This has resulted in reduced crop yield.	In the moisture-based irrigation system, a soil sensor measures the moisture level in the soil. When the soil moisture falls below a certain limit, the sensor sends a signal to the relay board. The relay board then activates the irrigation system. This process continues until the soil moisture reaches the desired level. At that time, the board cuts off the power supply and stops irrigation. This automatic system ensures water is used only when needed based on real-time soil moisture conditions, leading to 1) water conservation and 2) cost savings.	The problem is that watering fields without checking soil moisture causes soil degradation and lower crop yields. The proposed solution is an automatic irrigation system that uses soil moisture sensors to water crops only when needed, saving water and reducing costs.
22395	ಡ್ರಿಪ್ ಪೈಪ್ ನಿರ್ವಹಣೆಯನ್ನು ಸುಲಭಗೊಳಿಸುವುದು ಮತ್ತು ದಕ್ಷತೆ ಹೆಚ್ಚಿಸುವುದು	"ರೈತರೊಂದಿಗೆ ನೇರ ಸಂಪರ್ಕಹೊಂದಿ ಜಮೀನಿಗೆ ಭೇಟಿ ನೀಡಿ ಹನಿ ನೀರಾವರಿ(Dip irrigation) ಬಗ್ಗೆ ಮಾಹಿತಿ ಪಡೆಯಲಾಯಿತು. ಹಾಗು ಅಲ್ಲಿನ ಬೆಳೆಗಳಿಗೆ ನೀರಿನ ವ್ಯವಸ್ಥೆ ಅದರಲ್ಲಿನ ಸಮಸ್ಯೆಗಳನ್ನು ಅರಿಯಲಾಯಿತು. ಡ್ರಿಪ್ ಪೈಪ್ ಗಳ ಕುರಿತು ಮಾಹಿತಿ ಸಂಗ್ರಹಣೆ ಮಾಡಲಾಯಿತು. ಮಾರುಕಟ್ಟೆಯಲ್ಲಿ ಸಿಗುವ ವಿವಿದ ರೀತಿಯ ಪೈಪ್ ಗಳ ಮತ್ತು ಅದರ ಬೆಲೆ ಹಾಗು ಪ್ರಸ್ತುತ ಇರುವ ನಾವಿನ್ಯತೆಗಳ ಕುರಿತು ಮಾಹಿತಿ ಸಂಗ್ರಹಿಸಲಾಯಿತು.
 ಪ್ರಸ್ತುತ ಡ್ರಿಪ್ ಪೈಪ್ ಗಳ ನಿರ್ವಹಣೆ ಗೆ ಯಾವುದೇ ರೀತಿಯ ಸೌಲಭ್ಯಗಳು ಕಂಡುಬಂದಿರುವುದಿಲ್ಲ. ರೈತರು ಅವುಗಳನ್ನು ಜಮೀನಿನಲ್ಲೆ ಬಿಡುವುದು ಅಥವ ಇತರ ಮರ ಗಿಡಗಳ್ಲಲಿ ನೇತು ಹಾಕುವುದು ಕಂಡು ಬಂದಿರುತ್ತದೆ"	Facilitating the maintenance of drip pipes and increasing efficiency.	Direct contact was made with farmers and visits to the fields were conducted to gather information about drip irrigation. The water supply system for the crops there and its problems were understood. Information about drip pipes was collected. Information was gathered about various types of pipes available in the market, their prices, and the current innovations. Currently, there are no facilities found for the maintenance of drip pipes. It was observed that farmers leave them on the fields or tie them to other trees.	The problem is that maintaining drip irrigation pipes is difficult and inefficient. The solution involved talking directly to farmers to understand the issues and gathering information about available pipes and innovations. It was found that there are no proper maintenance facilities, and farmers often leave the pipes in the fields or tie them to other plants, indicating a need for better maintenance solutions.
23461	ಮಕ್ಕಳಲ್ಲಿ ವ್ಯಾಯಾಮದ ಕೊರತೆ , ವಿದ್ಯುತ್ ಶಕ್ತಿಯ ಅಭಾವ	"ಫಿಟ್ನೆಸ್ ಜನರೇಟರ್ ಯಂತ್ರವು ಸುಲಭವಾಗಿ ಪೆಡಲ್ಗಳ ಸಹಾಯದಿಂದ ಕಾರ್ಯನಿರ್ವಹಿಸಿ ವಿದ್ಯುತ್ ಉತ್ಪಾದಿಸಿ ಬೇಟರಿಗಳಲ್ಲಿ ಸಂಗ್ರಹಿಸಿಡಬಹುದಾಗಿದೆ. ಈ ಉಪಕರಣದಿಂದ ಉತ್ಪತ್ತಿಯಾಗುವ ಚಲನ ಶಕ್ತಿಯನ್ನು ವಿದ್ಯುತ್ ಯಾಗಿ ಪರಿವರ್ತಿಸಲಾಗುತ್ತದೆ ಮತ್ತು ಬೇಟರಿಗಳಲ್ಲಿ ಸಂಗ್ರಹಿಸಿಡಬಹುದಾಗಿದೆ.
 * ಶಾಲಾ ಮಕ್ಕಳಲ್ಲಿ ಆರೋಗ್ಯ ಸಮಸ್ಯೆ ಬಗೆಹರಿಸಬಹುದು 
 *ಬಾಡಿ ಮಾಸ್ ಇಂಡೆಕ್ಸ್ ಪ್ರಾಯಕ್ಕನುಗುಣವಾಗಿ ಈ ಯಂತ್ರದ ಉಪಯೋಗದಿಂದ ಪರಿಪೂರ್ಣಗೊಳ್ಳಬಹುದು 
 *ಶಾರೀರಿಕ ಅನಾರೋಗ್ಯದಿಂದ ಕಲಿಕೆಯಲ್ಲಿ ಹಿಂದಿರುವುದು ಕಡಿಮೆಯಾಗಬಹುದು 
 * ಆರೋಗ್ಯವಂತ ಜನಾಂಗ ರಾಷ್ಟ್ರದ ಸಂಪತ್ತು"	Lack of exercise among children and shortage of electrical power.	"The fitness generator machine works easily with the help of pedals to produce electricity, which can be stored in batteries. The kinetic energy generated by this device is converted into electrical energy and stored in batteries.
* It can solve health problems among school children.
* The machine's use can help achieve fitness according to body mass index.
* It can reduce the lag in learning caused by physical illness.
* Healthy population is the wealth of the nation."	The problem is that children lack exercise and there is a shortage of electrical power. The proposed solution is a fitness generator machine powered by pedaling, which generates electricity stored in batteries. This device promotes children's health, helps maintain fitness based on body mass index, reduces health-related learning delays, and contributes to a healthy population benefiting the nation.
40989	ಪ್ಲಾಸ್ಟಿಕ್ ಬಾಟಲಿಗಳು ಹಾಗೂ ಹಳೆಯ ಬಟ್ಟೆ- ಬರೆಗಳು ಪರಿಸರಕ್ಕೆ ಮಾರಕವಾಗುತ್ತಿವೆ. ಅವುಗಳ ಮರು ಬಳಕೆ ಮತ್ತು ಪರಿಣಾಮಕಾರಿ ನಿರ್ವಹಣೆಯ ಮೂಲಕ ಮಾತ್ರ ಪರಿಸರ ಸಂರಕ್ಷಣೆ ಸಾಧ್ಯ.	"ಒಮ್ಮೆ ಬಳಸಿದ ಪ್ಲಾಸ್ಟಿಕ್ ಬಾಟಲಿಗಳನ್ನು ಎಸೆಯುವ ಬದಲು ಅವುಗಳನ್ನು ಸಂಗ್ರಹಿಸಿ ಅದರ ಮುಚ್ಚಳಕ್ಕೆ ಸಣ್ಣ ತೂತು ಮಾಡಿ ನೀರು ನಿಧಾನವಾಗಿ ಬಿಂದು-ಬಿಂದಾಗಿ ಗಿಡದ ಬುಡಕ್ಕೆ ಬೀಳುವಂತೆ ಬಾಟಲಿಯನ್ನು ತಲೆಕೆಳಗಾಗಿ ಮಾಡಿ ಕಟ್ಟಬೇಕು. ಹನಿ ನೀರಾವರಿ ವ್ಯವಸ್ಥೆಯಾದುದರಿಂದ ಇಲ್ಲಿ ನೀರು ವ್ಯರ್ಥವಾಗಿ ಹೋಗುವುದಿಲ್ಲ. ಬುಡವು ಯಾವಾಗಲೂ ತೇವ ಭರಿತವಾಗಿರಲೂ ಇದು ಸಹಾಯಕ. ಪ್ರತಿನಿತ್ಯ ನೀರುಣಿಸುವ ಕೆಲಸವೂ ಇಲ್ಲ. ಇದರಿಂದಾಗಿ ನಮಗೆ ಸಮಯವೂ ಲಾಭ. 
  ಬೇಸಗೆ ಕಾಲದ ಬಿಸಿಲಿಗೆ ಬಾಟಲಿಯ ನೀರು ಬಿಸಿಯಾಗುವ ಸಾಧ್ಯತೆ ಇದೆ. ಇದಕ್ಕಾಗಿ ಮನೆಯಲ್ಲಿ ಸಂಗ್ರಹವಾಗುವ ಉಪಯೋಗ ಶೂನ್ಯವಾದ ಬಟ್ಟೆಬರೆಗಳನ್ನು ಸಂಗ್ರಹಿಸಿ ಇಂತಹ ಪ್ಲಾಸ್ಟಿಕ್ ಬಾಟಲಿಗಳ ಮೇಲೆ ದಪ್ಪಕ್ಕೆ ಸುತ್ತಿಟ್ಟರೆ ನೀರು ಬಿಸಿ ಆಗುವ ಸಾಧ್ಯತೆ ಇಲ್ಲ.
  ಶಾಲೆಯಲ್ಲಿ ಹೆಚ್ಚಾಗಿ ಸಂಗ್ರಹವಾಗುವ ಜೈವ ತ್ಯಾಜ್ಯಗಳಾದ ಬಾಳೆಹಣ್ಣಿನ ಸಿಪ್ಪೆ, ಮೊಟ್ಟೆಯ ಚಿಪ್ಪು,ತರಕಾರಿ ಹಾಗೂ ಹಣ್ಣುಗಳ ತ್ಯಾಜ್ಯಗಳು ಇತ್ಯಾದಿಗಳನ್ನು ಸಹ ಇದೇ ಗಿಡಗಳ ಬುಡಗಳಿಗೆ ಹಾಕುವುದರಿಂದ ಗಿಡಗಳ ಬೆಳವಣಿಗೆಗೂ ಸಹಾಯಕವಾಗುತ್ತದೆ.
  ಹೀಗೆ ಉಪಯೋಗ ಶೂನ್ಯವೆಂದು ಭಾವಿಸಿ ಇಂತಹ ಜೈವ ಹಾಗೂ ಅಜೈವ ಮಾಲಿನ್ಯಗಳನ್ನು ಪರಿಸರಕ್ಕೆ ಎಸೆಯದೆ ಪರಿಣಾಮಕಾರಿಯಾಗಿ ಇಂತಹ ಕಾರ್ಯಗಳಿಗೆ ಬಳಸುವುದರಿಂದ ಅವುಗಳ ಮರುಬಳಕೆ ಮಾಡಿದಂತಾಗಿ ನಮ್ಮ ಪರಿಸರವನ್ನು ಒಂದು ಹಂತದವರೆಗೆ ಮಾಲಿನ್ಯ ಮುಕ್ತಗೊಳಿಸಬಹುದು ."	Plastic bottles and old clothes are harmful to the environment. Only through their reuse and effective management can environmental protection be achieved.	"Instead of throwing away used plastic bottles, collect them and make a small hole in their caps. Tilt the bottle upside down and tie it so that water drips slowly drop by drop to the base of the plant. Since this is a drip irrigation system, water is not wasted. The plant base remains moist all the time. There is no need to water the plants daily, which saves time.

During summer, water in the bottle may get hot. To prevent this, collect unused old clothes at home and wrap them thickly around such plastic bottles to stop the water from heating.

Also, organic waste commonly collected in school, such as banana stems, eggshells, vegetable and fruit waste, etc., can be placed at the base of the plants, which helps plant growth.

By effectively using such organic and inorganic waste, which is otherwise considered useless and thrown into the environment, for these purposes, we can recycle them and reduce pollution in our environment to some extent."	The problem is that plastic bottles and old clothes harm the environment if not managed properly. The student proposes reusing plastic bottles as drip irrigation devices by making small holes in their caps and placing them upside down near plant bases to save water and time. Wrapping the bottles with old clothes prevents water from heating in summer. Additionally, using organic waste like banana stems and vegetable scraps as fertilizer helps plant growth, reducing environmental pollution through effective reuse.
42712	ರಾತ್ರಿ ಹೊತ್ತಿನಲ್ಲಿ ರೋಡ್ ಹಂಪನಲ್ಲಿನ ಅಪಘಾತಗಳು ಮತ್ತು ತಿರುವುಗಳಲ್ಲಿನ ಅಪಘಾತಗಳನ್ನು ತಡೆಯಲು ನಾವು ಈ ಮಾದರಿಯನ್ನು ತಯಾರಿಸಿದ್ದೇವೆ	"ರಸ್ತೆ ಸುರಕ್ಷತಾ ಮಾದರಿಯನ್ನು ತಯಾರಿಸಲು ಬಳಸಿದ ಉಪಕರಣಗಳು ಎಲ್ ಡಿ ಆರ್ ಸೆನ್ಸಾರ್ ಎಲ್ಇಡಿ ಬಲ್ಬುಗಳು ಸರ್ಕ್ಯೂಟ್ ಬೋರ್ಡ್ ಇತರೆ ವಸ್ತುಗಳನ್ನು ಬಳಸಿದ್ದೇವೆ
  ಈ ರಸ್ತೆ ಸುರಕ್ಷತಾ ಮಾದರಿಯೂ ಹೇಗೆ ಕಾರ್ಯನಿರ್ವಹಿಸುತ್ತದೆ ಎಂದರೆ ಇಲ್ಲಿ (ಎಲ್ ಡಿ ಆರ್) ಲೈಟ್ ಎಮಿಟಿಂಗ್ ಡಯೊಡ್ ಸೆನ್ಸಾರ್ ಈ ಸೆನ್ಸಾರ್ನ ಮೇಲೆ ಯಾವುದೇ ರೀತಿ ಬೆಳಕು ಬಿದ್ದಾಗ ಇದು ಸೆನ್ಸ್ ಮಾಡುತ್ತದೆ ಇದನ್ನು ರಸ್ತೆ ಪಕ್ಕದಲ್ಲಿ ರಸ್ತೆ ತಿರುಗುಗಳು ಇದ್ದಲ್ಲಿ ಇದನ್ನು ಬಳಸುವುದರಿಂದ ಇದು ಸೆನ್ಸ್ ಮಾಡಿ ಆ ಮಾಹಿತಿಯನ್ನು ಕಳುಹಿಸುತ್ತದೆ ಆವಾಗ ಅದು ಆ ರೋಡ್ ಹಂಪ್ನಲ್ಲಿರುವ ಎಲ್ಇಡಿ ಲೈಟ್ ಆನ್ ಆಗುವಂತೆ ಮಾಡುತ್ತದೆ ಅವಾಗ ಚಾಲಕನಿಗೆ ಇಲ್ಲಿ ಹಂಪ್ ಇರುವುದು ಸ್ಪಷ್ಟವಾಗಿ ಗೋಚರವಾಗುತ್ತದೆ ಇಲ್ಲವಾದರೆ ರಾತ್ರಿ ಸಮಯದಲ್ಲಿ ಹಂಪಗಳು ಸರಿಯಾಗಿ ಗೋಚರವಾಗುವುದಿಲ್ಲ ಮತ್ತು ರಸ್ತೆ ತಿರುವುಗಳು ಗೋಚರವಾಗುವುದಿಲ್ಲ ಆದ್ದರಿಂದ ಇದು ರಸ್ತೆ ತಿರು ಮತ್ತು ಹಂಪುಗಳಿಂದ ಸುರಕ್ಷಿತವಾಗಿ ನಾವು ಗಾಡಿ ಗಳನ್ನು ತಿಳಿಸಬಹುದಾಗಿದೆ ."	We have created this model to prevent accidents on road humps and at turns during nighttime.	The tools used to create the road safety model include LDR sensors, LED bulbs, circuit boards, and other materials. This road safety model works as follows: Here, the LDR (Light Dependent Resistor) sensor detects any kind of light falling on it. When placed near road turns, it senses the light and sends that information, which causes the LED lights on the road humps to turn on. This makes the humps clearly visible to drivers. Otherwise, at night, the humps and road turns are not clearly visible. Therefore, this helps us safely alert vehicles about road turns and humps.	The student identifies that accidents often happen at night on road humps and turns because they are not visible. Their solution is a model using LDR sensors and LED lights that detect light and illuminate road humps at night, making them clearly visible to drivers and thus preventing accidents.
42990	ಶಹರದಲ್ಲಿ ತ್ಯಾಜ್ಯ ನಿರ್ವಹಣೆ ಒಂದು ಬಹುದೊಡ್ಡ ಸಮಸ್ಯೆಯಾಗಿದೆ ದೊಡ್ಡ ಶಹರಗಳಲ್ಲಿ ತ್ಯಾಜ್ಯಗಳನ್ನು ಬೇರ್ಪಡಿಸುವುದು ದೊಡ್ಡ ಸಮಸ್ಯೆಯಾಗಿದೆ	ಈ ಮಾದರಿಯನ್ನು ತಯಾರಿಸಲು ಬಳಸಿದ ಉಪಕರಣಗಳು ಐ ಆರ್ ಸೆನ್ಸಾರ್ ರಿಲೇ ಮಾಡ್ಯೂಲ್ ಡಿಸಿ ಮೋಟಾರ್ ಟಚ್ ಸೆನ್ಸಾರ್ ಜಿ ಪಿ ಎಸ್ ಮುಂತಾದವುಗಳು ಈ ಮಾದರಿಯೂ ಹೇಗೆ ಕಾರ್ಯನಿರ್ವಹಿಸುತ್ತದೆ ಎಂದರೆ ಶಹರದ ಯಾವುದೇ ಕಸದ ಡಬ್ಬಿ ತುಂಬಿದಾಗ ಅದು ನಗರಸಭೆಗೆ ಸ್ವಯಂ ಚಾಲಿತವಾಗಿ ಯಾವ ಪ್ರದೇಶದಲ್ಲಿ ಯಾವ ತ್ಯಾಜ್ಯದ ಸಂದೇಶ ಕಳುಹಿಸುತ್ತದೆ ನಂತರ ನಗರಸಭೆ ಸಿಬ್ಬಂದಿಗಳು ಆ ಸಂದೇಶವನ್ನು ಸ್ವಯಂ ಚಾಲಿತ ವಾಹನಕ್ಕೆ ಕಳುಹಿಸಿದಾಗ ನೇರವಾಗಿ ಜಿಪಿಎಸ್ ಸಿಸ್ಟಮ್ ಮುಖಾಂತರ ಯಾವ ಕಸದ ತೂ ಡಬ್ಬಿ ತುಂಬಿದೆ ಎಂದು ತಿಳಿದುಕೊಂಡು ಅದೇ ಡಬ್ಬಿಯ ಮುಂದೆ ಬಂದು ನಿಲ್ಲುತ್ತದೆ ಅವಾಗ ಅದರಲ್ಲಿರುವ ಸೆನ್ಸರ್ ವರ್ಕ್ ಮಾಡಿ ಆ ಡಬ್ಬಿಯ ಬಾಗಿಲು ತೆಗೆದುಕೊಳ್ಳುತ್ತದೆ ಇದರಿಂದ ಆ ವಾಹನ ಕಸವನ್ನು ತುಂಬಿಕೊಂಡು ಹೋಗುತ್ತದೆ ಇದರಿಂದ ಆಗುವ ಉಪಯೋಗವೇನೆಂದರೆ ಈ ಸಾಧನವನ್ನು ಬಳಸಿ ನಮ್ಮ ಪರಿಸರ ಸ್ವಚ್ಛ ಮತ್ತು ಸುಂದರವಾಗಿ ಇಟ್ಟುಕೊಳ್ಳಬಹುದು ಮತ್ತು ಪರಿಸರ ಮಾಲಿನ್ಯದಿಂದ ಉಂಟಾಗುವ ರೋಗಗಳನ್ನು ನಿಯಂತ್ರಿಸಬಹುದು ನಿರುಪಯುಕ್ತ ವಸ್ತುಗಳಿಂದ ಉಂಟಾಗುವ ವಾಸನೆಯಿಂದ ಜನರು ಮುಕ್ತಿ ಪಡೆಯಬಹುದು ಈ ರೀತಿಯಾಗಿ ನಿರುಪಯುಕ್ತ ವಸ್ತುಗಳನ್ನು ನಾವು ವಿಲೇವಾರಿ ಈ ರೀತಿಯಾಗಿ ನಿರುಪಯುಕ್ತ ವಸ್ತುಗಳನ್ನು ನಾವು ವಿಲೇವಾರಿ ಮಾಡಿದರೆ ಆರೋಗ್ಯಯುಕ್ತ ಸಮಾಜವನ್ನು ಕಟ್ಟಬಹುದು ಇದರಿಂದ ಸಮಾಜದ ಆರೋಗ್ಯದ ಮೇಲೆ ಕೆಟ್ಟ ಪರಿಣಾಮ ಬೀಳುವುದನ್ನು ತಡೆಯಬಹುದು	Waste management is a big problem in cities. In large cities, segregating waste is a major challenge.	The tools used to create this model include IR sensors, relay modules, DC motors, touch sensors, GPS, and others. This model works as follows: when any garbage bin in the city is full, it automatically sends a message to the municipal corporation indicating the area and type of waste. Then, when the municipal staff sends this message to an autonomous vehicle, the vehicle uses the GPS system to identify which garbage bin is full and comes directly to that bin. At that time, the sensors work to open the lid of that bin, allowing the vehicle to collect the waste. The benefits of this device are that by using it, we can keep our environment clean and beautiful, control diseases caused by environmental pollution, and free people from the bad smell caused by useless waste. By disposing of useless materials in this way, we can build a healthy society and prevent negative effects on public health.	The problem is that waste management and segregation in large cities is difficult. The proposed solution is an automated system where full garbage bins send alerts to municipal authorities, who then dispatch autonomous vehicles equipped with sensors and GPS to collect the waste efficiently. This system aims to keep the environment clean, reduce pollution-related diseases, and improve public health by managing waste better.
51515	ಭಾರತದಲ್ಲಿ ಸೇತುವೆಗಳ ಸ್ಥಿತಿಯನ್ನು ಹಲವಾರು ಅವಶ್ಯಕತೆಗಳು ಮತ್ತು ಸವಾಲುಗಳು ಪ್ರಭಾವಿತ ಮಾಡುತ್ತಿವೆ. ಸೇತುವೆ ನಾಶವು ಹೆಚ್ಚಾಗುತ್ತಿರುವ ಸಮಸ್ಯೆಗಳಲ್ಲಿ ಒಂದಾಗಿದೆ. ಅನೇಕ ಸೇತುವೆಗಳು ದುರ್ಬಲವಾದ ಗುಣಮಟ್ಟದ ನಿರ್ಮಾಣ, ನಿರ್ವಹಣೆಯ ಕೊರತೆ, ಮತ್ತು ತಂತ್ರಜ್ಞಾನದಲ್ಲಿನ ಅವಗಾಹನೆಗಳಿಂದ ಕುಸಿಯುತ್ತಿವೆ. 1977 ರಿಂದ 2017 ರವರೆಗೆ ಸುಮಾರು 2000 ಕ್ಕೂ ಹೆಚ್ಚು ಸೇತುವೆಗಳು ಕುಸಿತಗೊಂಡಿರುವುದಾಗಿ ವರದಿಗಳು ಸೂಚಿಸುತ್ತಿವೆ.	"ಸ್ಮಾರ್ಟ್ ಸೇತುವೆ ಹೇಗೆ ಕಾರ್ಯನಿರ್ವಹಿಸುತ್ತದೆ?
 ಸೆನ್ಸಾರ್‌ಗಳು: ಸೇತುವೆಯ ಮೇಲೆ ಹಲವಾರು ಸೆನ್ಸಾರ್‌ಗಳು ಅಳವಡಿಸಲಾಗುತ್ತವೆ, ಉದಾಹರಣೆಗೆ, ತೂಕ, ಕಂಪನ, ಉಷ್ಣತೆ, ಮತ್ತು ದಪ್ಪತನವನ್ನು ಅಳೆಯುವ ಸೆನ್ಸಾರ್‌ಗಳು. ಈ ಸೆನ್ಸಾರ್‌ಗಳು ಸೇತುವೆ ಮೇಲೆ ಅನೇಕ ಜಾರಿ, ಬೂದು ಅಥವಾ ತುಂಡುಗಳ ಸಮಸ್ಯೆಗಳನ್ನು ಪತ್ತೆಹಚ್ಚಲು ಸಹಾಯ ಮಾಡುತ್ತವೆ.
 ಭದ್ರತಾ ಎಚ್ಚರಿಕೆಗಳು: ಡೇಟಾ ಆಧಾರಿತ ನಿರ್ವಹಣೆಯು ಸೇತುವೆಗಳಲ್ಲಿ ಯಾವುದೇ ಅಪರೂಪದ ಘಟನೆಗಳು ಸಂಭವಿಸಿದಾಗ ತಕ್ಷಣ ಎಚ್ಚರಿಕೆಯನ್ನು ಜಾರಿಗೆ ತಂದೇ ತಜ್ಞರಿಗೆ ಮಾಹಿತಿ ನೀಡುತ್ತದೆ. ಇದರಿಂದ, ಅಗತ್ಯವಿದ್ದರೆ ಸಮಯೋಚಿತ ದುರಸ್ತಿ ಅಥವಾ ಬದಲಾವಣೆಗಳನ್ನು ಕೈಗೊಳ್ಳಬಹುದು."	In India, the condition of bridges is affected by many necessities and challenges. Bridge collapse is one of the increasing problems. Many bridges are collapsing due to poor construction quality, lack of maintenance, and lack of awareness in technology. Reports indicate that more than 2000 bridges have collapsed between 1977 and 2017.	"How does a smart bridge work?
Sensors: Multiple sensors are installed on the bridge, for example, sensors that measure weight, vibration, temperature, and thickness. These sensors help detect various cracks, dust, or fragment problems on the bridge.
Safety Alerts: Data-driven maintenance immediately triggers alerts and informs experts when any unusual incidents occur on the bridges. This allows timely repairs or replacements to be carried out if necessary."	The problem is that many bridges in India are collapsing due to poor construction, lack of maintenance, and technological neglect. The proposed solution is a smart bridge system that uses sensors to monitor weight, vibration, temperature, and thickness, detecting issues early and sending alerts for timely repairs to prevent collapse.
61995	ಆದ್ದರಿಂದ ಅದು ಬ್ಯಾಕ್ಟೀರಿಯಾದಿಂದ ಉಂಟಾಗುತ್ತದೆ, ಮತ್ತು ಹೆಚ್ಚಾಗಿ, ನಿಮ್ಮ ಬಟ್ಟೆಗಳನ್ನು ಒದ್ದೆಯಾಗಿ ಅಥವಾ ತೇವವಾಗಿ ದೀರ್ಘಕಾಲ ಬಿಟ್ಟರೆ, ಅದು ಸ್ವಲ್ಪಮಟ್ಟಿಗೆ ವಾಸನೆಯನ್ನು ಅನುಭವಿಸುವ ಅವಕಾಶವನ್ನು ನೀಡುತ್ತದೆ. ನೀವು ಅವುಗಳನ್ನು ಮತ್ತೆ ತೊಳೆಯಲು ಬಯಸಬಹುದು. 3 ಜುಲೈ 2024	"ಮಳೆ- ರಕ್ಷಿತ ಬಟ್ಟೆ ಒಗೆಯುವ ಯೋಜನೆಯು ಮಳೆಯಿಂದ ಬಟ್ಟೆಗಳನ್ನು ಸ್ವಯಂಚಾಲಿತವಾಗಿ ರಕ್ಷಿಸಲು ಯಂತ್ರಾಂಶ ಮತ್ತು ಸಾಫ್ಟ್‌ವೇರ್ ಸಂಯೋಜನೆಯನ್ನು ಬಳಸುತ್ತದೆ:
 
 ಯಂತ್ರಾಂಶ
 
 ಮಳೆ ಹನಿ ಸಂವೇದಕವು ಮಳೆಯನ್ನು ಪತ್ತೆ ಮಾಡುತ್ತದೆ ಮತ್ತು ಆರ್ಡುನೊ ಬೋರ್ಡ್‌ಗೆ ಸಂಕೇತವನ್ನು ಕಳುಹಿಸುತ್ತದೆ. Arduino ಬೋರ್ಡ್ ನಂತರ ಸರ್ವೋ ಮೋಟಾರ್ ಅನ್ನು ಸಕ್ರಿಯಗೊಳಿಸುತ್ತದೆ. ಇ
 
 ಸಾಫ್ಟ್ವೇರ್
 
 ಚಲಿಸುವ ಟ್ರೇ ಅನ್ನು ನಿಯಂತ್ರಿಸಲು ಮೈಕ್ರೋಕಂಟ್ರೋಲರ್ ಆಧಾರಿತ ಸಂವೇದಕ ಘಟಕ ಮತ್ತು ಕೀಲ್ ಸಾಫ್ಟ್‌ವೇರ್ ಅನ್ನು ಬಳಸಲಾಗುತ್ತದೆ.
 
 ಯಾಂತ್ರಿಕ ವ್ಯವಸ್ಥೆ
 
 ಸರ್ವೋ ಮೋಟಾರ್ ಅನ್ನು ಯಾಂತ್ರಿಕ ವ್ಯವಸ್ಥೆಗೆ ಸಂಪರ್ಕಿಸಲಾಗಿದೆ, ಉದಾಹರಣೆಗೆ ಸ್ಲೈಡಿಂಗ್ ಯಾಂತ್ರಿಕ ವ್ಯವಸ್ಥೆ ಅಥವಾ ಛತ್ರಿ-"	Because it is caused by bacteria, and mostly, if you leave your clothes damp or wet for a long time, it gives a chance for a slight smell to develop. You may want to wash them again.	"The rain-protected clothes drying project uses a combination of hardware and software to automatically protect clothes from rain:

Hardware

A rain drop sensor detects rain and sends a signal to the Arduino board. The Arduino board then activates the servo motor.

Software

A microcontroller-based sensor unit and Keil software are used to control the moving tray.

Mechanical system

The servo motor is connected to a mechanical system, for example, a sliding mechanical system or an umbrella-"	The problem is that clothes left wet or damp for a long time develop a bacterial smell, making it necessary to wash them again. The proposed solution is a rain-protected clothes drying system that uses sensors to detect rain and automatically activate a mechanical system via an Arduino-controlled servo motor to protect clothes from rain.
62038	ಡೈರಿಯಿಂದ ಹೊರ ಬರುತ್ತಿರುವ ತ್ಯಾಜ್ಯದ ನೀರು ಶಾಲೆಯ ಎದುರು ಇರುವ ಚರಂಡಿಯಲ್ಲಿ ಹರಿದು ಹೋಗುತ್ತಿರುವುದರಿಂದ ಅದು ಒಂದೇ ಕಡೆ ನಿಂತು ಸೊಳ್ಳೆ ಹಾಗೂ ಕ್ರಿಮಿ ಕೀಟಗಳಿಗೆ ಆವಾಸಸ್ಥಾನವಾಗಿದೆ.	ಈ ಡೈರಿ ನೀರನ್ನು ಸುಮ್ಮನೆ ಚರಂಡಿಗೆ ಹರಿ ಬಿಡುವುದರ ಬದಲು ಅದನ್ನು ಪೈಪ್ಲೈನ್ ಮೂಲಕ ಪಕ್ಕದಲ್ಲಿರುವ ತೆಂಗಿನ ತೋಟಕ್ಕೆ ಬಿಡುವುದರಿಂದ ತೆಂಗಿನ ತೋಟಕ್ಕೂ ಕೂಡ ನೀರು ಸಿಕ್ಕಂತಾಗುತ್ತದೆ. ಮತ್ತು ಚರಂಡಿಯನ್ನು ಮುಚ್ಚುವುದರಿಂದ ಚರಂಡಿಗೆ ಇತರ ಕಸ ಕಡ್ಡಿಗಳು ಗಿಡಗಂಟಿಗಳು ಬೆಳೆದು ನೀರು ನಿಂತಲ್ಲಿ ನಿಲ್ಲುವುದರಿಂದ ಉಂಟಾಗುತ್ತಿರುವ ಸೊಳ್ಳೆ ಉತ್ಪತ್ತಿಗಳನ್ನು ಹಾಗೂ ಕ್ರಿಮಿ ಕೀಟಗಳ ಉತ್ಪತ್ತಿಗಳನ್ನು ತಡೆಯಬಹುದು. ಈ ಕಾರ್ಯಕ್ಕೆ ಊರಿನ ಗ್ರಾಮಸ್ಥರು ಮತ್ತು ಡೈರಿ ಮಾಲೀಕರು ಕ್ರಮ ಕೈಗೊಳ್ಳಬೇಕಾಗಿದೆ.	The waste water coming out from the dairy flows into the drain in front of the school, causing the water to stagnate in one place and become a habitat for mosquitoes and parasitic insects.	Instead of letting this dairy water flow directly into the drain, it can be diverted through a pipeline to the nearby coconut grove, which will provide water to the coconut trees as well. Additionally, by covering the drain, it will prevent other waste like sticks and plant stems from growing in the drain and stop water from stagnating. This will help prevent the breeding of mosquitoes and parasitic insects. The villagers and dairy owners should take action to implement this solution.	The problem is that dairy waste water flows into a school drain, causing stagnant water that breeds mosquitoes and insects. The proposed solution is to redirect the water through a pipeline to a nearby coconut grove for irrigation and to cover the drain to prevent waste accumulation and water stagnation, thereby reducing mosquito breeding. Community members and dairy owners need to work together to carry out this plan.
62056	ಮನೆಯಲ್ಲಿ ಆಕಸ್ಮಿತವಾಗಿ ಎಲ್ಪಿಜಿ ಸಿಲಿಂಡರ್ ನಿಂದ ಗ್ಯಾಸ್ ಬಿಡುಗಡೆಯಾಗಿ ಅದಕ್ಕೆ ಬೆಂಕಿ ತಗಲಿ ಮನೆಗೆ ಬೆಂಕಿ ಹಚ್ಚುತ್ತದೆ ಇದರಿಂದ ಮನೆಯಲ್ಲಿದ್ದ ಧಾನ್ಯಗಳು ಕಾಗದ ಪತ್ರಗಳು ಸುಟ್ಟು ಬಸ್ಮವಾಗುತ್ತೆ	ಅನಿಲ ಸಂವೇದಕವು ಅನಿಲದ ಯಾವುದೇ ಅಸಹಜ ಸಾಂದ್ರತೆಗಳಿಗಾಗಿ ಸುತ್ತಮುತ್ತಲಿನ ಗಾಳಿಯನ್ನು ನಿರಂತರವಾಗಿ ಮೇಲ್ವಿಚಾರಣೆ ಮಾಡುತ್ತದೆ. ಸಂವೇದಕವು ಅನಿಲ ಸೋರಿಕೆ ಅಥವಾ ಪೂರ್ವನಿರ್ಧರಿತ ಮಿತಿ ಮೀರಿದ ಅನಿಲ ಮಟ್ಟದಲ್ಲಿ ಹೆಚ್ಚಳವನ್ನು ಪತ್ತೆ ಮಾಡಿದರೆ, ಅದು ರಿಲೇ ಪವ‌ರ್ ಬೋರ್ಡ್‌ಗೆ ಸಂಕೇತವನ್ನು ಕಳುಹಿಸುತ್ತದೆ. ರಿಲೇ ಪವ‌ರ್ ಬೋರ್ಡ್, ಸಿಗ್ನಲ್ ಸ್ವೀಕರಿಸಿದ ನಂತರ, ಬಜರ್ ಅನ್ನು ಸಕ್ರಿಯಗೊಳಿಸುತ್ತದೆ.ಬಜರ್ ದೊಡ್ಡ ಶಬ್ದವನ್ನು ಹೊರಸೂಸುತ್ತದೆ, ಸಂಭಾವ್ಯ ಅನಿಲ ಸೋರಿಕೆಯ ಬಗ್ಗೆ ಸುತ್ತಮುತ್ತಲಿನ ವ್ಯಕ್ತಿಗಳನ್ನು ಎಚ್ಚರಿಸುತ್ತದೆ. ಹೆಚ್ಚುವರಿಯಾಗಿ, ಅಧಿಸೂಚನೆಗಳನ್ನು ಕಳುಹಿಸುವುದು ಅಥವಾ ಗ್ಯಾಸ್ ಕವಾಟಗಳನ್ನು ಮುಚ್ಚುವಂತಹ ಸುರಕ್ಷತಾ ಕ್ರಮಗಳನ್ನು ಸಕ್ರಿಯಗೊಳಿಸುವಂತಹ ಇತರ ಪ್ರತಿಕ್ರಿಯೆಗಳನ್ನು ಪ್ರಚೋದಿಸಲು ವ್ಯವಸ್ಥೆಯನ್ನು ವಿನ್ಯಾಸಗೊಳಿಸಬಹುದು. ಮೂಲಭೂತವಾಗಿ, ಗ್ಯಾಸ್ ಲೀಕೇಜ್ ಅಲರ್ಟ್ ಸಿಸ್ಟಮ್ ಪ್ರತಿಕ್ರಿಯಾಶೀಲ ಮತ್ತು ಶ್ರವ್ಯ ಎಚ್ಚರಿಕೆ ವ್ಯವಸ್ಥೆಯನ್ನು ರಚಿಸಲು ಈ ಘಟಕಗಳನ್ನು ಸಂಯೋಜಿಸುತ್ತದೆ, ಗ್ಯಾಸ್ ಸೋರಿಕೆಯ ಸಂದರ್ಭದಲ್ಲಿ ತ್ವರಿತ ಪತ್ತೆ ಮತ್ತು ಎಚ್ಚರಿಕೆಯನ್ನು ಖಾತ್ರಿಪಡಿಸುತ್ತದೆ, ಹೀಗಾಗಿ ಸುರಕ್ಷತೆಯನ್ನು ಹೆಚ್ಚಿಸುತ್ತದೆ ಮತ್ತು ಸಂಭಾವ್ಯ ಅಪಾಯಗಳನ್ನು ತಡೆಯುತ್ತದೆ.	Suddenly, gas leaks from the LPG cylinder in the house, and if it catches fire, it causes a fire in the house. Because of this, the grains and paper documents in the house burn and turn to ashes.	A gas sensor continuously monitors the surrounding air for any abnormal concentrations of gas. If the sensor detects a gas leak or an increase in gas level beyond a preset limit, it sends a signal to the relay power board. After receiving the signal, the relay power board activates a buzzer. The buzzer emits a loud sound to alert the people around about the possible gas leak. Additionally, the system can be designed to trigger other responses such as sending notifications or activating safety measures like closing gas valves. Essentially, the gas leakage alert system integrates these components to create a responsive and audible warning system, ensuring quick detection and alert during a gas leak, thereby enhancing safety and preventing potential hazards.	The problem is sudden LPG gas leaks at home that can cause fires and damage property. The proposed solution is a gas leak alert system that detects abnormal gas levels, sounds a loud buzzer to warn people, and can trigger safety actions like closing gas valves to prevent accidents.
69166	ಕೃಷಿ ಚಟುವಟಿಕೆಗಳಲ್ಲಿ ಹೆಚ್ಚಿನ ಪ್ರಮಾಣದ ನೀರನ್ನು ಬಳಕೆ ಮಾಡುತ್ತಿರುವುದರಿಂದ ನೀರು ಪೋಲಾಗುತ್ತಿದೆ.ಮಣ್ಣಿನಲ್ಲಿ ನೀರಿನ ತೇವಾಂಶವಿದ್ದಾಗಲೂ ರೈತರು ಬೆಳೆಗಳಿಗೆ ನೀರನ್ನು ಹಾಯ್ಸುತ್ತಿರುವುದು	Soil sensor ಉಪಯೋಗಿಸಿಕೊಂಡು ಮಣ್ಣಿನಲ್ಲಿರುವ ತೇವಾಂಶದ ಪ್ರಮಾಣವನ್ನು ಪತ್ತೆ ಹಚ್ಚುವುದಾಗಿದೆ. ಮಣ್ಣಿನಲ್ಲಿ ತೇವಾಂಶದ ಪ್ರಮಾಣ ಕಡಿಮೆಯಾದಾಗ ನೀರು ಮೋಟಾರ್ ಸಹಾಯದಿಂದ ಬೆಳೆಗಳಿಗೆ ಒದಗಿಸುವುದಾಗಿದೆ. ಒಂದು ವೇಳೆ ಮಣ್ಣಿನಲ್ಲಿ ತೇವಾಂಶದ ಪ್ರಮಾಣ ಅಧಿಕವಾಗಿದ್ದಾಗ ಮೋಟಾರ್ ತನ್ನಷ್ಟಕ್ಕೆ ತಾನೇ ಬಂದ್ ಆಗುವುದರಿಂದ ನೀರನ್ನು ಉಳಿಸಬಹುದಾಗಿದೆ	Due to the use of large amounts of water in agricultural activities, water is being wasted. Even when there is moisture in the soil, farmers are still irrigating the crops unnecessarily.	By using a soil sensor to detect the amount of moisture present in the soil. When the soil moisture level is low, water will be supplied to the crops with the help of a motor. If the soil moisture level is high, the motor will automatically turn off, thus saving water.	The problem is that farmers waste water by irrigating crops even when the soil already has moisture. The proposed solution uses a soil sensor to measure moisture and controls a motor to supply water only when needed, which helps save water.
84220	"* ತೆನೆಗಳಲ್ಲಿನ ಕಾಳುಗಳನ್ನು ಪಕ್ಷಿಗಳಿಂದ ರಕ್ಷಿಸುವುದು.
  * ಹಕ್ಕಿಗಳನ್ನು ಓಡಿಸಲು ಆಳುಗಳನ್ನು ಹಚ್ಚುವುದು ತಪ್ಪಿಸುವುದು.
  * ಯಾವುದೇ ಇಂಧನ ಬಳಕೆ ಮಾಡದೆ ಶಬ್ದವನ್ನು ಉಂಟುಮಾಡುವುದು.
  * ಅತೀ ಕಡಿಮೆ ಖರ್ಚಿನಲ್ಲಿ ಸಾಧನ ತಯಾರಿಸಿ ಹೊಲಗಳಲ್ಲಿ ಅಳವಡಿಸಿ ಹಕ್ಕಿಗಳನ್ನು ಓಡಿಸುವುದು.
  * ಬಿಸಿಲಲ್ಲಿ ಒಣಗಿಸಲು ಹಾಕಿದ ಕಾಳು ಮತ್ತು ಇತರೆ ವಸ್ತುಗಳನ್ನು ಪಕ್ಷಿಗಳಿಂದ ರಕ್ಷಿಸುವುದು."	ಅಗಲವುಳ್ಳ ಸ್ಟೀಲ್ ಪಾತ್ರೆ, ಲೋಹದ ಗುಂಡುಗಳು, ಬೊಪದ ಕಡ್ಡಿಗಳು, ಪ್ಯಾನಿ ರೆಕ್ಕೆಗಳು, ಒಂದು ಪ್ಲಾಸ್ಟಿಕ್ ಕೊಳವೆ. ಹಾಗೂ ನಟ್ಟು ಬೋಲ್ಟ್.ಸ್ಟೀಲ್ ಪಾತ್ರೆಯ ಮಧ್ಯದ ಭಾಗದಲ್ಲಿ ಪ್ಲಾಸ್ಟಿಕ್ ಕೊಳವೆಯನ್ನು ಸೇರಿಸಿ ಅದರ ಮೇಲೆ ಅಡ್ಡವಾಗಿ ಇನ್ನೊಂದು ಕೊಳವೆಯನ್ನು ಜೋಡಿಸಿ ಅದರ ತುದಿಯಲ್ಲಿ ಪ್ಯಾನಿನ ರೆಕ್ಕೆಗಳನ್ನು ಜೋಡಿಸಬೇಕು. ಕೆಳಭಾಗದ ಕೊಳವೆಯಲ್ಲಿ ಲೋಹದ ಗುಂಡುಗಳನ್ನು ಅಂಟಿಸಿರುವ ಲೋಹದ ತಂತಿಯನ್ನು ಸೇರಿಸಬೇಕು.ಗಾಳಿ ಬಿಸಿದಾಗ ಪ್ಯಾನಿನ ರೆಕ್ಕೆಗಳು ತಿರುಗುತ್ತವೆ. ಇದರಿಂದ ಲೋಹದ ಗುಂಡುಗಳಿರುವ ತಂತಿಯು ತಿರುಗುತ್ತದೆ. ಹೀಗೆ ತಿರುಗುವಾಗ ಪಾತ್ರೆಗೆ ಬಡಿದು ಶಬ್ದವನ್ನು ಉತ್ಪತ್ತಿ ಮಾಡುತ್ತದೆ. ಈ ಶಬ್ದದಿಂದ ಅಲ್ಲಿರುವ ಬೆಳೆಗಳ ಮೇಲೆ ಕುಳಿತು ತಿನ್ನುವ ಪಕ್ಷಿಗಳು ಹಾರಿ ಹೋಗುತ್ತವೆ.ಪ್ರತಿ 100 ಚದರ ಮೀ ಒಂದರಂತೆ ಈ ಸಾಧನವನ್ನು ಅಳವಡಿಸಿದರೆ ಪೂರ್ಣ ಹೊಲವನ್ನು ಪಕ್ಷಿಗಳಿಂದ ರಕ್ಷಿಸಲು ಸಾಧ್ಯವಾಗುತ್ತದೆ. ಪ್ರತಿ ಎಕರೆ ಭೂಮಿಯಲ್ಲಿನ ಬೆಳೆ ರಕ್ಷಿಸಬೇಕಾದರೆ ಕನಿಷ್ಠ ಒಂದು ಆಳು ಬೇಕಾಗುತ್ತದೆ. ಇದರಿಂದ 300 ರೂ ವೆಚ್ಚವಾಗುತ್ತದೆ. ಹೀಗಾಗಿ ರಾಠಿ ಆಗುವದರೊಳಗೆ ಅಳಿಗಾಗಿ 8000-9000 ವರೆಗೆ ಹಣ ಖರ್ಚು ಮಾಡಬೇಕಾಗುತ್ತದೆ. ಆದರೆ ನಾವು ಹಾಳಾದ ವಸ್ತುಗಳಿಂದ ತಯಾರಿಸಿ ಆಳವಡಿಸಿರುವುದರಿಂದ ಆ ಎಲ್ಲ ಹಣವು ರೈತನಿಗೆ ಉಳಿತಾಯವಾಗುತ್ತದೆ.	"* Protecting seeds in the fields from birds.
* Avoiding the use of scarecrows to chase away birds.
* Producing sound without using any fuel.
* Creating a device at very low cost and installing it in the fields to scare away birds.
* Protecting seeds and other items placed for drying in the sun from birds."	A wide steel vessel, iron balls, iron rods, fan blades, a plastic pipe, and nuts and bolts are used. A plastic pipe is fixed in the middle of the steel vessel, and another pipe is attached across it with fan blades fixed at the end. Iron rods with attached iron balls are placed inside the lower pipe. When the wind blows, the fan blades rotate, which turns the iron rods with balls. As they rotate, they hit the vessel producing sound. This sound scares away the birds that sit and eat the crops. Installing this device every 100 square meters can protect the entire field from birds. To protect crops on one acre of land, at least one such device is needed, costing about 300 rupees. Therefore, to cover the entire field, an investment of 8,000-9,000 rupees is required. However, since the device is made from discarded materials, all this money is saved for the farmer.	The problem is protecting seeds and crops from birds without using scarecrows or fuel, and at low cost. The student proposes a wind-powered device made from steel vessels, iron balls, pipes, and fan blades that produces sound when the wind blows, scaring birds away. This device can be installed every 100 square meters to protect the field effectively and is made from recycled materials to save costs for farmers.
3150	കുറഞ്ഞ ചെലവിലൂടെ ഒരു ഹോംമേഡ് എയർ കണ്ടീഷണർ നിർമ്മാണവും അതുവഴി അന്തരീക്ഷ ആഗോളതാപനം തടയുക.. വൈദ്യുതി ലാഭിക്കുക...	ഇപ്പോൾ നമ്മൾ ഉപയോഗിക്കുന്ന എസിയുടെ ഉപയോഗം മൂലം ആഗോളതാപനം വർദ്ധിക്കുകയും.. ഈ എ സി യിലൂടെ പുറത്തുവരുന്ന കാർബണുകൾ ഓസോൺ പാളിയിൽ വിള്ളൽ ഉണ്ടാക്കുകയും ചെയ്തുകൊണ്ടിരിക്കുകയാണ്.. ഇതിന് പകരമായി നമ്മൾ ഒരു ഹോം മെയ്ഡ് എ സി നിർമ്മിക്കുകയാണെങ്കിൽ.. ക്ലോറോ ഫ്ലൂറോ കാർബൺ ഉൽപാദനം കുറയുകയും.. വൈദ്യുതി ചെലവും കുറയ്ക്കാൻ കഴിയും... ഇത് ഏറ്റവും ഉപയോഗപ്രദം സമൂഹത്തിൽ സാമ്പത്തികമായി പിന്നോക്കം നിൽക്കുന്ന ഒരു കൂട്ടം ജനതയ്ക്കാണ്..	To build a homemade air conditioner at a low cost and thereby help prevent global warming. Also, to save electricity.	Currently, the use of air conditioners (ACs) increases global warming. The carbon emissions from these ACs cause damage to the ozone layer. Instead, if we make a homemade AC, it will reduce the production of chlorofluorocarbons and also help reduce electricity consumption. This will be most useful for economically backward people in society.	The student identifies that conventional air conditioners contribute to global warming and ozone layer damage due to carbon emissions and chlorofluorocarbon production. They propose creating a low-cost homemade air conditioner that uses less electricity and produces fewer harmful emissions, benefiting economically disadvantaged communities.
3622	വീട്ടിൽ അമ്മയില്ലാത്ത സാഹചര്യത്തിൽ അടുക്കളയിൽ തേങ്ങ പൊട്ടിക്കാൻ ഞങ്ങൾക്ക് സാധിക്കാറില്ല.ഇത് പലപ്പോഴും പ്രശ്നമുണ്ടാക്കിയിട്ടുണ്ട്.പ്രായമായവർക്കും ഇത് പ്രയാസകരമാണെന്ന് മനസിലായി.മാത്രമല്ല വീടെടുത്ത് താമസിക്കേണ്ടിവരുന്ന ഉദ്യോഗസ്ഥർ,വിദ്യാർത്ഥികൾ,പല സാഹചര്യങ്ങളാൽ ഒറ്റയ്ക്കാകുന്നവർ മുതലായവർ ഭക്ഷണം തയ്യാറാക്കാൻ തേങ്ങ പൊട്ടിക്കൽ പ്രയാസകകരമായി അനുഭവിക്കാറുണ്ട്.ഇതിന് പരിഹാരമായി നിലവിലെ ഉപകരണങ്ങൾ കസ്റ്റമർ ഫ്രണ്ട്‍ലിയായി തോന്നുന്നില്ല.അതിനാൽ തേങ്ങ പൊട്ടിക്കാൻ ലളിതവും സുരക്ഷിതവും വില കുറഞ്ഞതുമായ ഒരു ഉപകരണമാണ് വിഭാവനം ചെയ്യുന്നത്.	തേങ്ങ പൊട്ടിക്കാനായി ആദ്യം തടി കൊണ്ടുള്ള ഒരു പ്ലാറ്റ്ഫോമിൽ വയ്ക്കുന്നു.ഇതിന്റെ രണ്ടുവശത്തായി നീക്കി വച്ച് തേങ്ങയെ മുറുക്കിവയ്യാനുള്ള പലകയോ സ്റ്റീൽ ബോർഡോ കാണും.മുറിക്കി വച്ച ശേഷം ഇതിന്റെ മുന്നിലുള്ള ഹാന്റിൽ തിരിക്കുമ്പോൾ മോട്ടോർ പ്രവർത്തിക്കുകയും അതിനോട് ബന്ധപ്പെട്ട ലിവർ തിരിയുകയും അതിൽ ഘടിപ്പിച്ച മൂർച്ചയേറിയ വാക്കത്തി തേങ്ങയുടെ നടുവിൽ പതിച്ച് തേങ്ങ രണ്ടായി മുറിയുകയും ചെയ്യും.ഇത് ചെറിയ ഉപകരണമായതിനാൽ കൊണ്ടുനടക്കാനും വീട്ടമ്മമാർക്ക് എളുപ്പം കൈകാര്യം ചെയ്യാനും സാധിക്കും.തേങ്ങ പൊട്ടിക്കാനുള്ള ഉപകരണം ലഭിച്ചാൽ ജോലിത്തിരക്കുള്ളവർക്കും അടുക്കളജോലി ചെയ്യേണ്ടി വരുന്ന പരിശീലനം ഇല്ലാത്തവർക്കും എളുപ്പത്തിൽ തേങ്ങ പൊട്ടിക്കാം.മാത്രമല്ല അപകടങ്ങൾ ഒഴിവാക്കുകയും ചെയ്യാം.ഇതിന് സഹായിക്കാനായി റിപ്പയറിങ് വർക്ക് ചെയ്യുന്നവരും മരപ്പണിക്കാരും ഉണ്ട്.ഇത് ഒരു ബോക്സിൽ മടക്കി വയ്ക്കാം.ഇത് തൂക്കികൊണ്ട് നടക്കാനും കഴിയും.	In situations where the mother is not at home, we are unable to crack coconuts in the kitchen. This has caused problems many times. It is understood that it is difficult for elderly people as well. Not only that, officials who have to live away from home, students, and those who are alone due to various circumstances find cracking coconuts to prepare food difficult. The existing tools do not seem customer-friendly. Therefore, a simple, safe, and low-cost device to crack coconuts is being envisioned.	To crack the coconut, first place it on a wooden platform. On both sides, there will be blades or steel boards to hold the coconut tightly. After securing it, when the handle in front is turned, the motor operates, and the connected lever turns, causing a sharp blade attached to it to strike the middle of the coconut and split it into two. Since this is a small device, it can be carried easily and handled by homemakers. With this coconut-cracking tool, busy people and those without kitchen experience can crack coconuts easily. It also helps avoid accidents. Repair workers and carpenters can assist with this. The device can be folded and kept in a box. It can also be carried by hanging it.	The problem is that many people, especially when the mother is not home, elderly, students, or those living alone, find it difficult to crack coconuts for cooking, and existing tools are not user-friendly. The proposed solution is a simple, safe, and affordable device with a wooden platform, blades, and a motorized handle that cracks the coconut easily and safely. It is portable, easy to use, and helps prevent accidents, making coconut cracking accessible for everyone.
4119	ജലസംഭരണികളിൽ ഇപ്പോൾ ജലനിരപ്പുയർന്നാൽ വാട്ടർ സ്കെയിലിൽ അളവ് രേഖപ്പെടുത്തും.എന്നാൽ ഇപ്പോൾ മേഘസ്ഫോടനം,ചുഴലിക്കാറ്റും മഴയും,മണ്ണിടിച്ചിൽ മുതലായവ കാരണം ജലം വൻതോതിൽ ഡാമിൽ നിറയാം.അപ്പോൾ ഷട്ടർ തുറക്കും സമീപവാസികൾ ഇത് പെട്ടെന്ന് അറിയണമെന്നില്ല.അപ്പോൾ അവർക്ക് ജീവഹാനി സംഭവിക്കും.	വാട്ടർ സ്കെയിലിൽ സെൻസർ ഘടിപ്പിച്ച് വെള്ളത്തിൽ നാട്ടുന്നു.വെള്ളം തട്ടുമ്പോൾ നിശ്ചിത ജലനിരപ്പിനടുത്ത് പച്ചയും അതിന് മുകളിൽ മഞ്ഞയും അതിനു മുകളിൽ അപകടനിരപ്പിൽ ചുവപ്പും ലൈറ്റ് വയ്ക്കുന്നു.ജലം തട്ടുപ്പോൾ ഓരോ ലൈറ്റും പ്രകാശിക്കും.അപകടനിരപ്പാകുമ്പോൾ ചുവപ്പു ലൈറ്റ് കത്തുന്നു.ആ നിരപ്പിൽ നി്ന്നും ജലം അൽപ്പമുയരുന്നതും വലിയ അലാം മുഴങ്ങി സമീപപ്രദേശങ്ങളിൽ വാണിംങ് നൽകുന്നു.സുരക്ഷിതസ്ഥാനങ്ങളിലേയ്ക്ക് മാറുകയോ മുൻകരുതലെടുക്കുകയോ ചെയ്യാം.ഡാമിന്റെ ഷട്ടർ താഴ്ത്താനും ഈ സന്ദേശം സഹായിക്കും.	Currently, in water reservoirs, when the water level rises, the measurement is recorded on a water scale. However, due to events like cloudbursts, tornadoes, heavy rain, landslides, etc., water can fill the dam in large amounts. When the shutter opens, nearby residents do not get immediate information. As a result, there can be loss of life.	A sensor is attached to the water scale that floats in the water. When the water rises, lights are turned on near a certain water level: green at the normal level, yellow above that, and red at the danger level. As the water rises, each light glows in sequence. When it reaches the danger level, the red light shines. Even if the water rises a little above that level, a loud alarm sounds to warn nearby areas. People can move to safe places or take precautions. This message also helps in lowering the dam's shutter.	The problem is that sudden large increases in dam water levels due to natural disasters are not quickly communicated to nearby residents, risking lives. The proposed solution is a sensor-based water scale with color-coded lights and alarms to warn people early, allowing them to take safety measures and assist in managing the dam shutters.
4090	കുട്ടികളെ സംബന്ധിച്ചിടത്തോളം ഹോംവ‌‌‌‍ര്‍ക്ക് ചെയ്യൽ പ്രധാനമാണ്.ഇന്ന് പല ക്ലാസുകളും മറ്റുമായി തിരക്കേറിയ കുട്ടികൾ ഇത് മറന്നുപോകും.ഇത് അവരിൽ മാനസിക സമ്മ‍ര്‍ദത്തിന് കാരണമാകും.മാനസികതകര്‍ച്ചയും പഠനപിന്നാക്കാവസ്ഥയും ഇതുവഴി വരാം.മാത്രമല്ല പഠനപിന്നാക്കക്കാർ,ഭിന്നശേഷിക്കാർ മുതലായവരുടെ മാതാപിതാക്കളും പ്രശ്നം അഭിമുഖീകരിക്കുന്നു.അധ്യാപകർക്കും കുട്ടികൾ ഹോംവർക്ക് ചെയ്യാതിരുന്നാൽ പാഠഭാഗം വിനിമയം ചെയ്യാൻ പ്രയാസമാകും. അപ്പോളാണ് ഹോംവ‌ര്‍ക്ക് ഓ‌ര്‍മപ്പെടുത്തുന്ന ഉപകരണമെന്ന ചിന്ത വന്നത്.കുട്ടികളുടെ പെൻസിൽ ബോക്സിനൊപ്പം ഇത് ഘടിപ്പിച്ചാൽ പ്രശ്നം പരിഹരിക്കാം	"ഹോംവർക്കു ചെയ്യാൻ മറന്നുപോകാതെ ഓർമിപ്പിക്കാനായാണ് ഈ ഉപകരണം ബോക്സിൽ ഘടിപ്പിക്കുന്നത്.ബട്ടണുകളും അലാറവും ലൈറ്റും ചേർന്ന സംവിധാനം.പകൽ ഹോംവർക്ക് രേഖപ്പെടുത്തിയാൽ പിന്നീട് പഠനസമയത്ത് അത് അലാറവും,ലൈറ്റും നൽകുന്നു. ബോക്സിൽ തന്നെ ക്ലാസ്സും റെക്കോർ‍‍ഡ് ചെയ്യാം . ക്ലാസ്സിൽ വരാത്ത കൂട്ടുക്കാർക്ക് വേണ്ടിയും ക്ലാസ്സ് ഒന്നും കൂടി കേൾക്കാൻ താല്പര്യമുണ്ടെങ്കുിലും ഇത് ഉപകാരപ്രദമാകും. വോയ്സ് മാത്രം നമുക്ക് റെക്കോർഡ് ചെയ്യത് വയ്ക്കാം.
 ക്ലാസിൽ അധ്യാപകർ ഹോംവർക്ക് നൽകുമ്പോൾ ബോക്സിലെ വിഷയവുമായി ബന്ധപ്പെട്ട ബട്ടൺ അമർത്തിവയ്ക്കാം.ഇത് പിന്നീട് സെറ്റ് ചെയ്തിരിക്കുന്ന പഠനസമയത്ത് ലൈറ്റ് മിന്നിക്കുകയും അലാറം കേൾപ്പിക്കുകയും ചെയ്യും.ഏത് വിഷയമാണോ ബട്ടണിൽ പ്രസ് ചെയ്തത് അതായിരിക്കും മിന്നുന്നത്.അപ്പോൾ ഹോംവർക്ക് ഓർക്കാം.
 ഓഡിയോ റിക്കോർഡർ ഘടിപ്പിച്ചാൽ ക്ലാസ് റിക്കോർഡാക്കാം.തലവേദയും മറ്റും കാരണം ശ്രദ്ധിക്കാനായില്ലെങ്കിൽ വീട്ടിലെത്തി പ്ലേ ചെയ്ത് കേൾക്കാം."	Homework is very important for children. Today, many classes and busy children forget to do it. This causes mental stress in them. This can lead to mental breakdowns and learning delays. Not only students with learning difficulties, but also parents of children with disabilities face this problem. Teachers also find it difficult to cover the syllabus if children do not do their homework. That is when the idea of a device to remind homework came up. If this is attached along with the children's pencil box, the problem can be solved.	This device is integrated into the box to remind children not to forget their homework. It is a system with buttons, an alarm, and lights. If homework is recorded during the day, then at study time it will give an alarm and light signals. The class can also be recorded inside the box. This will be helpful for students who do not attend class or want to listen to a class again. We can record only the voice. When teachers give homework in class, they can press the button related to the subject on the box. Later, at the set study time, the light will blink and the alarm will sound. The button pressed will correspond to the subject that blinks. Then the homework can be remembered. If an audio recorder is attached, the class can be recorded. If the child was unable to pay attention due to headache or other reasons, they can listen to the playback at home.	The student identifies that children often forget to do homework due to busy schedules, causing mental stress and learning delays. To address this, they propose a device integrated with the pencil box that reminds children about homework through alarms and lights, records classes for later playback, and helps both students and parents manage homework and learning more effectively.
4103	പല്ലുകളിലെ വിടവ് കാരണം ആഹാര അവശിഷ്ടങ്ങൾ പല്ലുകൾക്കിടയിൽ കുടുങ്ങുമ്പോൾ എടുക്കാനായി ഹോട്ടലുകളിൽ ടൂത്ത് പിക്കുകൾ കാണും.എന്നാൽ ആളുകളുടെ കൈവശം ഇതില്ല.മാത്രമല്ല നിലവിലെ ടൂത്ത് പിക്കുകൾ ഹാർഡായതു കാരണം മോണയ്ക്ക് പ്രശ്നമാണ്.കൈയിൽ കൊണ്ടു നടക്കാവുന്ന ടൂത്ത് പിക്കുകളില്ലാത്തതു കാരണം പുറത്തുനിന്ന് ഭക്ഷണം കഴിക്കാൻ മടിക്കുന്നവരുണ്ട്.	നിലവിലെ ടൂത്ത് പിക്കുകൾക്കു പകരം കുറച്ചു കൂടി ഫ്ലെക്സിബിളായ ടൂത്ത് പിക് നിർമിക്കുന്നു.ഇതിൽ ഇഷ്ടമുള്ള ഫ്ലേവർ ചുവടിലെ ചെറിയ ഭാഗത്ത് നിറയ്ക്കുകയോ പുരട്ടുകയോ ചെയ്യാം.ഇതിനു ശേഷം ഇതിന്റെ പായ്ക്കറ്റ് കീ ചെയിൻ മോഡലിൽ ഉപയോഗിക്കാം.കണ്ടാൽ കീചെയിനാണെന്ന് തോന്നും.പക്ഷേ ടൂത്ത് പിക്കുകളാണ് അതിൽ ശേഖരിച്ചിരിക്കുന്നത്	Because of gaps between teeth, food particles get stuck between them, and toothpicks are seen in hotels to remove these. However, people do not usually carry toothpicks with them. Also, the current toothpicks are hard, which causes problems for the gums. Due to the lack of portable toothpicks, some people hesitate to eat outside food.	Instead of the current toothpicks, a slightly more flexible toothpick is being made. A preferred flavor can be filled or spread on the small lower part of it. After this, its packet can be used in a keychain model. It will look like a keychain, but toothpicks will be stored inside it.	The problem is that people often don't carry toothpicks and the hard ones can hurt gums, making it uncomfortable to eat outside. The solution is to create flexible, flavored toothpicks stored inside a keychain-like packet, making them easy to carry and use discreetly.
6413	അലർജി	"വാക്ക൦ പമ്പ് - കുറഞ്ഞസമയത് ജോലികൾ എളുപ്പത്തിൽ തീർക്കാം 
 ചിലവ് കുറവ് ,ടീച്ചേഴ്‌സ് സഹായം ലഭിച്ചു"	Allergy	Vacuum pump - tasks can be completed easily in less time. Low cost, with help from teachers.	The student identifies allergy as a problem and proposes using a vacuum pump to complete tasks quickly and easily. The solution is low cost and was developed with help from teachers.
6455	"വീട‍ുകളിൽ നിന്ന് ദ‍ൂരെ മാറി ക‍ൃഷി ചെയ്യ‍ുന്ന കർഷകർ നേരിടുന്ന ഒര‍ു പ‍്രശ്‍നമാണ് വന്യമ‍ൃഗങ്ങള‍ുടെ ആക്രമണം. 
 അതിൽ നിന്ന് ക‍ൃഷിയിടത്തെ സംരക്ഷിക്കാനാണ് ഈ ഉപകരണം നിർമിച്ചത്."	"ഹ്യ‍‍ൂമ൯ &അനിമൽ ബോഡി ടച്ച് സെ൯സർ
 
  മ‍ുൻപെങ്ങ‍ുമില്ലാത്തവിധം വന്യമ‍ൃഗശല്യം വർധിച്ചിരിക്ക‍ുകയാണ‍ു കേരളത്തിൽ. വയനാടാകട്ടെ ഏറ്റവ‍ും ര‍ൂക്ഷമായ കാട്ട‍ുമ‍ൃഗഭീഷണിയാണ‍ു നേരിട‍ുന്നത്. വേണ്ടത്ര പ്രതിരോധസംവിധാനങ്ങൾ ഒര‍ുക്ക‍ുന്നതിൽ വനംവക‍ുപ്പ‍ു പരാജയപ്പെട്ട‍ു.
 
  കാടിനുള്ളിൽ കിലോമീറ്ററുകൾ അലഞ്ഞാലും കിട്ടാത്ത തീറ്റ ഒരു വാഴത്തോട്ടത്തിൽ ഉണ്ടെന്നാകുമ്പോൾ കാട്ടാനകൾ കൃഷിയിടത്തിൽത്തന്നെ നിലയുറപ്പിക്കുന്നതും പതിവായി.
 
  വന്യമൃഗശല്യം കൂടുതലുള്ള പ്രദേശങ്ങളിൽ മുന്നറിയിപ്പു സംവിധാനം ഏർപ്പെടുത്തുമെന്ന പ്രഖ്യാപനം വയനാട്ടിൽ പരാജയമായി.
 
  ഈ സന്ദർഭങ്ങൾ മ‍ുൻനിർത്തികൊണ്ടാണ് ഞങ്ങൾ ഈ പ്രൊജക്ട് തയ്യാറാക്കിയിരിക്കുന്നത്.
  
 
 
 
 
  ആവശ്യമായ സാധനങ്ങൾ
 
 
  ടച്ച് സെൻസർ
  ബാറ്ററി (3.7)
  ബസർ
  L E D ബൾബ്
  കോപ്പർ വയർ
  ON/OFF സ്വച്ച്
 
 പ്രവർത്തന ക്രമം
  ഈ സെൻസർ ക‍ൃഷിയിടത്തിലെ സുരക്ഷിത വേലിയ‍ുമായി ബന്ധിപ്പിക്ക‍ുക .
 ടച്ച് സെൻസറിൽ ബാറ്ററി,സ്വച്ച്,ബസർ, L E D ബൾബ് എന്നിവ ഘടിപ്പിച്ചിരിക്ക‍ുന്ന‍‍ു. വന്യ മൃഗങ്ങൾ കൃഷിയിടത്തിൽ പ്രവേശിച്ചാൽ ബസർ ശബ്ദമ‍ുണ്ടാക്ക‍ുകയ‍ും ബൾബ് പ്രകാശിക്ക‍ുകയും ചെയ്യ‍ുന്ന‍ു"	One problem faced by farmers who cultivate crops far away from their homes is attacks by wild animals. This device is made to protect the farmland from such attacks.	"Human & Animal Body Touch Sensor

Wild animal attacks are increasing in Kerala like never before. Wayanad faces the most severe wild animal threats. The forest department has failed to prepare adequate defense measures.

Even when wild fruits that cannot be found even after wandering kilometers inside the forest are present in a banana plantation, elephants often settle in the farmland itself.

The announcement to set up a warning system in areas with high wild animal attacks failed in Wayanad.

Keeping these situations in mind, we have prepared this project.

Required materials:
- Touch sensor
- Battery (3.7V)
- Buzzer
- LED bulb
- Copper wire
- ON/OFF switch

Working method:
Connect this sensor to the protective fence around the farmland. The touch sensor is equipped with a battery, switch, buzzer, and LED bulb. When wild animals enter the farmland and touch the sensor, the buzzer sounds and the bulb lights up."	Farmers face problems from wild animal attacks on faraway farms. The students propose a protective system using a touch sensor connected to a fence that triggers a buzzer and light when animals touch it, warning and protecting the farmland from wild animals.
7149	മനുഷ്യന്റെ കൈകടത്തൽ മൂലം ഇന്ന് പരിസ്ഥിതി മലിനീകരിക്കപ്പെടുന്നു. പ്രകൃതിയുടെപ്രധാന സ്രോതസ്സുകൾ ആയ ജലം വായു മണ്ണ് തുടങ്ങിയവ ഉപയോഗരഹിതമാകും വിധം ഇന്ന് മലിനീകരിക്കപ്പെട്ടിരിക്കുന്നു.	"⏹️ശാസ്ത്രീയമായ മാലിന്യ സംസ്കരണം
 ⏹️ പൊതുഗതാഗത സൗകര്യം പ്രയോജനപ്പെടുത്തൽ
 ⏹️ ജൈവ വളങ്ങളുടെയും ജൈവ കീടനാശിനികളുടെയും ഉപയോഗം"	Due to human interference, the environment is being polluted today. The main sources of nature such as water, air, and soil are being polluted to the extent that they become unusable.	"⏹️ Scientific waste management
⏹️ Utilizing public transportation facilities
⏹️ Use of organic fertilizers and organic pesticides"	The problem is that human activities are causing pollution of essential natural resources like water, air, and soil, making them unusable. The proposed solution includes scientific waste processing, promoting public transport use, and applying organic fertilizers and pesticides to reduce pollution.
8081	ഉൾച്ചേർന്ന വിദ്യാഭ്യാസം തുടക്കം കുറിച്ചത് 1990 ലാണ്. സമ പ്രായക്കാരായ വിദ്യർത്ഥികളോടൊപ്പം ഭിന്നശേഷിക്കാരായവരും ഒരു ക്ലാസ് മുറിയിൽ ഒരുമിച്ച് ഇരുന്ന് പഠനം നടത്തുക എന്നതാണ് ഇതിൻ്റെ ഉദ്ദേശ്യം. ഉൾചേർന്ന വിദ്യാഭ്യാസം എന്നത് ക്ലാസ് മുറിയിൽ ഒതുങ്ങേണ്ട ഒന്നല്ല.മറിച്ച് സ്കൂൾ തല പ്രവർത്ഥനങ്ങളോടൊപ്പം സാമൂഹിക തലത്തിലേക്ക് കൂടി വളരേണ്ടത് ആണ്. ഗുണ നിലവാരമുള്ള വിദ്യാഭ്യാസം എല്ലാവർക്കും ഒരു പോലെ കൊടുക്കാം എന്നത് ഉൾചേർന്ന വിദ്യാഭ്യാസത്തിൻ്റെ പ്രത്യേകത ആണ്.	"സമപ്രായമായ കുട്ടികളോടൊപ്പം പഠനത്തിന് അവസരം നൽകുക. ഇത് വഴി ഭിന്നശേഷി ക്കാരായ കുട്ടികളിൽ മാറ്റങ്ങൾ ഉണ്ടാവുന്നു.
 എല്ലാ വിധ വിവേചനങ്ങളും ഇല്ലാതാവുന്നു. ഗുണ നിലവാരമുള്ള വിദ്യാഭ്യാസം എല്ലാവർക്കും ലഭിക്കുന്നു. ഇതിലൂടെ 
 സമൂഹികരണം എന്ന ലക്ഷ്യം നിറവേറുന്നു."	Inclusive education started in 1990. Its purpose is to have differently-abled students study together in the same classroom along with their peers of the same age. Inclusive education is not something that should be confined only to the classroom. It should grow along with school-level activities and also extend to the social level. Providing quality education equally to everyone is the special feature of inclusive education.	Provide opportunities for differently-abled children to study together with children of the same age. This creates positive changes in differently-abled children. All kinds of discrimination are eliminated. Quality education becomes accessible to everyone. Through this, the goal of social integration is achieved.	The problem is that inclusive education aims to have differently-abled students learn alongside their peers, but it should extend beyond classrooms to society. The solution is to give differently-abled children opportunities to study with same-age peers, which reduces discrimination and ensures quality education for all, promoting social integration.
8607	നമ്മൾ തിരക്കുള്ള സ്ഥലങ്ങളിൽ പോകുമ്പോഴോ രാത്രിയിൽ ഉറങ്ങുമ്പോഴോ വിലപിടിപ്പുള്ള സാധനങ്ങൾ സൂക്ഷിക്കുക ബുദ്ധിമുട്ടാണ്. ഇതിനൊരു പരിഹാരമായിട്ടാണ് ഞങ്ങൾ ഈ സേഫ്റ്റി ബാഗ് ഡിസൈൻ ചെയ്തിരിക്കുന്നത്.	ഇത്തരമൊരു ബാഗിന്റെ മോഡൽ നിർമ്മിക്കുന്നതിനായി ബാറ്ററി, കണക്ടർ, ബസർ, കേബിൾ, ഒരു പഴയ ബാഗ് എന്നിവയാണ് ആവശ്യമായ സാധനങ്ങൾ.ആദ്യം ബാഗിന്റെ സൈഡിൽ സിപ്നോട്ചേർന്ന് കണക്ടറും ബാറ്ററിയുമായി ബന്ധിപ്പിക്കുക. അതിനുശേഷം ബാറ്ററിയുടെ നെഗറ്റീവും ബസറിന്റെ പോസിറ്റീവും തമ്മിൽ കുട്ടിമുട്ടിക്കുക. എന്നിട്ട് ബസറിന്റ നെഗറ്റീവ്, ബാറ്ററിയുടെ പോസിറ്റീവ് എന്നിവ ബാഗിനുള്ളിൽ സിപ്നോട് ചേർത്തുവച്ചിരിക്കുന്ന സ്വിച്ചിൽ കണക്ട് ചെയ്യുക. ഇപ്പോൾ നമ്മുടെ സേഫ്റ്റി ബാഗ് റെഡിയായി. ബാഗിന്റെ സിബ് തുറക്കുമ്പോൾ സ്വിച്ചിൽ തട്ടി ബസ്സർ ഓണാകും..സ്വിച് ഓണാക്കിയിട്ടാൽ മാത്രമേ ഇങ്ങനെ ശബ്ദം കേൾക്കു.. അതുകൊണ്ട് തിരക്കില്ലാത്ത സ്ഥലങ്ങളിൽ പോകുമ്പോൾ ബാഗ് സാധാരണ പോലെ കൊണ്ടുപോകാനും സാധിക്കും. ഇത്തരമൊരു ബാഗ് നിലവിൽ വരുന്നതോടെ കള്ളന്മാരെ പേടിക്കാതെ തിരക്കുള്ള സ്ഥലങ്ങളിൽ നമ്മുക്ക് യാത്ര ചെയ്യാൻ കഴിയും.	It is difficult to keep valuable items safe when we go to crowded places or sleep at night. To solve this problem, we have designed this safety bag.	To make a model of such a bag, the required materials are a battery, connector, buzzer, cable, and an old bag. First, attach a switch to the side of the bag and connect it to the battery using the connector. Then, connect the negative terminal of the battery to the positive terminal of the buzzer. Next, connect the negative terminal of the buzzer and the positive terminal of the battery to the switch attached inside the bag. Now our safety bag is ready. When the bag's zip is opened, the buzzer will sound by activating the switch. The sound will only be heard if the switch is turned on. Therefore, when going to uncrowded places, the bag can be carried normally. With such a bag available, we can travel to crowded places without fear of thieves.	The student identifies the problem of protecting valuable items in crowded places or during sleep. Their solution is a safety bag equipped with a buzzer alarm that sounds when the bag is opened, deterring thieves and allowing safer travel in crowded areas.
8676	കാർഷികമേഖലയെ പ്രകൃതിക്ക് മുറിവേൽക്കാതെ പുഷ്ഠിപ്പെടുത്തേണ്ടതുണ്ട്. കീടനാശിനികൾ ഉപകാരകാരികളായ സൂക്ഷ്മ ജീവികളെ നശിപ്പിക്കുന്നു. ഇതോഴി വാക്കാൻ ഒരു മെഷീൻ ഡെവലപ്പ് ചെയ്യാം	കീടനാശിനി പ്രയോഗിക്കുന്നതിനു പകരം വിളകൾക്കിടയിലൂടെ കൊണ്ടുപോവാൻ കഴിയുന്ന ഒരു യന്ത്ര നിർമിക്കുക	The agricultural sector needs to be nourished without harming nature. Pesticides destroy beneficial microorganisms. We can develop a machine to avoid this.	Instead of using pesticides, develop a machine that can be used to carry through the crops.	The problem is that pesticides harm beneficial microorganisms in agriculture, which affects nature. The proposed solution is to create a machine that can move through the crops to protect them without using harmful pesticides.
9295	തീരദേശത്ത് പ്രവർത്തിക്കുന്ന ഒരു വിദ്യാലയമാണ് ഞങ്ങളുടേത് രാത്രികാലങ്ങളിൽ തീരദേശ റോഡിനോട് ചേർന്ന് ഉള്ള ഭാഗങ്ങളിൽ മതിയായ വെളിച്ചമില്ലാത്തത് ജനങ്ങൾക്ക് സഞ്ചരിക്കുന്നതിനും, കൂടാതെ മറ്റു സാമൂഹ്യവിരുദ്ധ പ്രവർത്തനങ്ങളുടെ കേന്ദ്രമായി തീരദേശം മാറുന്നുണ്ട്. ലഹരിവസ്തുക്കളുടെ ഉപയോഗവും ഈ ഇരുണ്ട പ്രദേശത്ത് നടക്കുന്നു. അത് ഒഴിവാക്കുന്നതിന് മതിയായ തരത്തിലുള്ള ലൈറ്റുകൾ സ്ഥാപിക്കണം. ഇലക്ട്രിക് വയർ എത്തിക്കാൻ സാധിക്കാത്ത സ്ഥലങ്ങളും.. കൂടാതെ ഉപ്പുകാറ്റിന്റെ സാന്നിധ്യം ഉള്ളതിനാൽ നാശന സംഭവിച്ചേക്കാവുന്ന സാഹചര്യം ഉള്ളതിനാൽ ഈ രണ്ടു പ്രശ്നങ്ങൾ പരിഹരിച്ചുകൊണ്ട് തീരദേശത്തെ കാറ്റ് ഉപയോഗിച്ച് പ്രവർത്തിക്കുന്ന വിദൂര നിയന്ത്രിതമായ ഒരു തെരുവ് വിളക്ക് നിർമ്മിച്ച എടുക്കുക	തീരദേശത്ത് സ്ഥാപിക്കാൻ സാധിക്കുന്ന ഫൈബർ ബോഡിയിൽ നിർമ്മിച്ച സ്ട്രീറ്റ് ലൈറ്റ് നിർമ്മിച്ച എടുക്കുക. ഇവ 100 മീറ്റർ ഇടവിട്ട് സ്ഥാപിക്കുകയും അവയുടെ നിയന്ത്രണം ഐഒ.ടി സാങ്കേതികവിദ്യ ഉപയോഗിച്ചുകൊണ്ട് വിദൂരത്ത് നിന്നുകൊണ്ട് ഗ്രാമപഞ്ചായത്ത് പ്രസിഡണ്ടിനോ മറ്റു വ്യക്തികൾക്കോ ഓൺ ചെയ്യാൻ സാധിക്കുന്ന രീതിയിൽ ആക്കുന്നു.. കൂടാതെ വേണ്ട വൈദ്യുതി പ്രത്യേകം നിർമ്മിച്ച വെർട്ടിക്കൽ wind mill അഥവാ കാറ്റാടിയിലൂടെ നിർമ്മിച്ച ബാറ്ററിയിൽ സ്റ്റോർ ചെയ്തു വയ്ക്കുക.. കടൽത്തീരം ആയതിനാൽ 24 മണിക്കൂറും കാറ്റു ലഭിക്കുന്നതാണ്. അത് പൂർണ്ണമായി ഉപയോഗപ്പെടുത്തുന്ന രീതിയിൽ ഡിസൈൻ ചെയ്യുക.. സാധാരണ രീതിയിൽ 30% പ്രകാശത്തിൽ കത്തുന്ന സ്ട്രീറ്റ് ലൈറ്റ് വ്യക്തികളോ മറ്റു വസ്തുക്കളോ പരിധിയിൽ വരുമ്പോൾ 100% ആകുന്നു ഇത്തരത്തിൽ ഊർജ്ജം സേവ് ചെയ്തു വെക്കാൻ സാധിക്കുന്നു.. എല്ലാം ഫൈബറിൽ ആയതിനാൽ ഉപ്പുകാറ്റ് കൊണ്ട് നാശന സംഭവിക്കുന്നില്ല.. സോളാറിന് പകരമായി കാറ്റാടി ഉപയോഗിക്കുന്നതിനാൽ 24 മണിക്കൂറും വൈദ്യുതി ലഭിക്കുന്നു.. ചെറിയ ബാറ്ററി ഉപയോഗിച്ചാൽ മതിയാകും.. കൂടാതെ ഇവയിൽ ചാർജിങ് പോയിന്റും.. ഇന്റർനെറ്റ് സൗകര്യം ഒരുക്കിയാൽ.. വിനോദസഞ്ചാര കേന്ദ്രമായി	Our school is located in a coastal area. At night, the areas near the coastal road do not have sufficient lighting, making it difficult for people to travel safely. Moreover, the coastal area is becoming a center for antisocial activities. The use of intoxicants also takes place in these dark areas. To prevent this, proper lighting needs to be installed. However, there are places where electric wiring cannot be extended, and due to the presence of salty sea air, there is a risk of damage to electrical equipment. Therefore, we need to design a remote-controlled street lamp that operates using the coastal wind and addresses these two problems.	We propose to build street lights housed in fiber bodies that can be installed along the coast. These lights will be placed at intervals of 100 meters and controlled remotely using IoT technology, allowing the village panchayat president or others to turn them on or off from a distance. The required electricity will be stored in batteries charged by specially built vertical windmills or wind turbines. Since the coastal area has wind 24 hours a day, the system will be designed to fully utilize this. Normally, the street lights operate at 30% brightness but increase to 100% brightness when people or objects come within range, saving energy. Being made of fiber, the lights are resistant to damage from salty wind. Using wind turbines instead of solar panels ensures electricity availability all day. A small battery will suffice. Additionally, charging points and internet facilities can be provided, making the area a tourist attraction.	The problem is that coastal roads near the school lack proper lighting at night, causing safety issues and encouraging antisocial activities. The solution is to install remote-controlled street lights powered by wind energy stored in batteries, using fiber materials to resist salty air damage. These lights will save energy by adjusting brightness and can be controlled via IoT, improving safety and potentially attracting tourists.
11448	ഓഫീസുകൾ, കാർ പാർക്കിങ് ഏര്യകൾ, വലിയ കെട്ടിടങ്ങൾ എന്നിവിടങ്ങളിൽ തീ പിടിക്കുമ്പോൾ അറിയാനായി ചെലവു കുറഞ്ഞ രീതിയിൽ നിർമ്മിക്കാവുന്ന ഫയർ അലാറം.	ഓഫീസുകൾ,കാർ പാർക്കിങ്ങ് ഏര്യകൾ,വലിയ കെട്ടിടങ്ങൾ എന്നിവിടങ്ങളിൽ തീ പിടിക്കുമ്പോൾ അറിയാനായി ഫയർ അലാറം സ്ഥാപിച്ചിട്ടുണ്ട്.പക്ഷെ രാത്രി സമയങ്ങളിൽ നമ്മുടെ കെട്ടിടങ്ങളിൽ തീ പിടിച്ചാൽ എങ്ങനെ അറിയും.അതിനുള്ള ഒരു പരിഹാരമാണ് മുന്നോട്ടുവയ്ക്കുന്ന ഫയർ അലാറം.ഇതിനായി ബസർ,9V ബാറ്ററി,വയർ,സ്വിച്ച്,കാർഡ് ബോർഡ്,പശ,ഫ്ലൂറസന്റ് സ്റ്റാർട്ടർ തുടങ്ങിയവ ആവശ്യമാണ്.കാർഡ് ബോർഡ് ഉപയോഗിച്ച് ഒരു കെട്ടിടത്തിന്റെ മാതൃക നിർമ്മിക്കണം.ഇതിന്റെ പകുതി മുറിച്ചു മാറ്റുക.ആ സ്ഥലത്ത് അതേ നീളത്തിലും വീതിയിലുമുള്ള ഗ്ലാസ് പീസ് ഒട്ടിക്കുക.ഇതിനു മുകളിലായി ബൾബ് ഫ്ലൂറസന്റ് സ്റ്റാർട്ടറിനുള്ളിലെ ബൾബ് ഒട്ടിക്കുക.അതിന്റെ മുകളിലായി കാർഡ് ബോർഡ് കൊണ്ടുണ്ടാക്കിയ ഒരു ബോക്സ് സ്ഥാപിക്കുക.ബൾബിന്റെ+ve വയർ ബസറിന്റെ+ve വയറിൽ സോൾഡർ ചെയ്യുക.ബൾബിന്റെ-ve വയർ സ്വിച്ചിന്റെ-ve വയറിൽ സോൾഡർ ചെയ്യുക.സ്വിച്ചിന്റെ+ve വയർ ബാറ്ററിയുടെ+ve വയറിൽ സോൾഡർ ചെയ്യുക. ബാറ്ററിയുടെ-ve വയർ ബസറിന്റെ- ve വയറിൽ സോൾഡർ ചെയ്യുക.ഇത് പെട്ടിയിൽ വച്ച് അതിന് മുകളിൽ വെയ്ക്കുക. മാതൃകയുടെ വാതിലിലൂടെ മെഴുകുതിരി കത്തിച്ച് ബൾബിനു താഴെ വയ്ക്കുക.സ്വിച്ചു പ്രവർത്തിക്കുമ്പോൾ അലാറം മുഴങ്ങും.	A low-cost fire alarm that can be made to notify when there is a fire in offices, car parking areas, and large buildings.	A fire alarm has been installed in offices, car parking areas, and large buildings to notify when there is a fire. But how will we know if a fire breaks out in our building during the night? The proposed solution is a fire alarm for that purpose. For this, a buzzer, 9V battery, wire, switch, cardboard, wax, fluorescent starter, etc. are needed. Using cardboard, make a model of a building. Cut it in half. Attach a glass piece of the same length and width in that place. Above this, attach the bulb from the fluorescent starter. Above that, fix a box made of cardboard. Solder the bulb's positive wire to the buzzer's positive wire. Solder the bulb's negative wire to the switch's negative wire. Solder the switch's positive wire to the battery's positive wire. Solder the battery's negative wire to the buzzer's negative wire. Place this in a box and keep it on top. Light a candle through the model's door and place it under the bulb. When the switch operates, the alarm will sound.	The student identifies the need for a low-cost fire alarm system for offices, parking areas, and large buildings, especially to detect fires at night. Their solution involves creating a simple model using cardboard, a glass piece, a fluorescent starter bulb, a buzzer, and a battery wired together so that when a candle flame (simulating fire) is placed under the bulb, the alarm sounds, alerting people to the fire.
IF_1	Elderly people struggle to carry luggage while traveling, especially when catching a bus or walking to stops. Since they often use a walking stick, carrying heavy bags becomes even more difficult.	"We can design a special holder that attaches to a walking stick, allowing elderly people to hang their bags on it. The bag will also have small wheels so that it moves easily with the walking stick. This way, they won’t have to lift heavy luggage, making travel safer and more comfortable for them.
How It Works:
1. A bag holder is fixed to the walking stick so the bag stays in place.
2. Wheels at the bottom of the bag allow it to roll smoothly while walking.
3. The bag follows the movement of the stick, so the elderly person doesn’t need to carry the weight.
4. This design reduces strain and makes it easier for them to travel without getting tired."	Elderly people struggle to carry luggage while traveling, especially when catching a bus or walking to stops. Since they often use a walking stick, carrying heavy bags becomes even more difficult.	"We can design a special holder that attaches to a walking stick, allowing elderly people to hang their bags on it. The bag will also have small wheels so that it moves easily with the walking stick. This way, they won’t have to lift heavy luggage, making travel safer and more comfortable for them.
How It Works:
1. A bag holder is fixed to the walking stick so the bag stays in place.
2. Wheels at the bottom of the bag allow it to roll smoothly while walking.
3. The bag follows the movement of the stick, so the elderly person doesn’t need to carry the weight.
4. This design reduces strain and makes it easier for them to travel without getting tired."	Elderly people find it hard to carry heavy luggage while using a walking stick during travel. The proposed solution is a holder attached to the walking stick that holds a wheeled bag, allowing the bag to roll along as they walk. This reduces the effort needed to carry luggage and makes traveling easier and safer for elderly individuals.
IF_2	Many children do not do regular exercise because they find it boring. Without enough physical activity, kids may feel lazy, unhealthy, or weak. Exercise is important to stay strong and active, but normal gyms are not made for kids, and they don’t find them fun.	"We can create a special gym for kids with fun and exciting exercise equipment. Instead of regular boring workouts, this gym will have activities like:
✅ Colorful and playful gym machines that kids will enjoy using.
✅ Interactive games that make exercise feel like playing.
✅ Fun challenges and rewards to keep them excited.
✅ Equipment that helps kids move their whole body in a fun way.

This way, children will love exercising while staying healthy and active!"	Many children do not do regular exercise because they find it boring. Without enough physical activity, kids may feel lazy, unhealthy, or weak. Exercise is important to stay strong and active, but normal gyms are not made for kids, and they don’t find them fun.	"We can create a special gym for kids with fun and exciting exercise equipment. Instead of regular boring workouts, this gym will have activities like:
✅ Colorful and playful gym machines that kids will enjoy using.
✅ Interactive games that make exercise feel like playing.
✅ Fun challenges and rewards to keep them excited.
✅ Equipment that helps kids move their whole body in a fun way.

This way, children will love exercising while staying healthy and active!"	The problem is that many children avoid regular exercise because they find it boring and normal gyms are not designed for them. The proposed solution is to build a special gym with colorful, playful machines and interactive games that make exercising fun and engaging for kids, encouraging them to stay healthy and active.
IF_3	Many shopkeepers (Kiran Shops) face a big problem with pests and insects that damage groceries like rice, flour, and vegetables. These insects are hard to notice, and by the time the shopkeeper sees them, a lot of food is already spoiled. This leads to wastage of food and money.	"This team has designed a Smart Pest Control Doll that works like a watchdog for pests! 

✅ The doll has sensors to detect insects and pests in the shop.
✅ When it finds any insects damaging groceries, it rings a buzzer to alert the shopkeeper.
✅ The shopkeeper can then take quick action to clean the area and control pests.

This way, shopkeepers can save their groceries from damage, reduce waste, and keep their shop clean and hygienic!"	Many shopkeepers (Kiran Shops) face a big problem with pests and insects that damage groceries like rice, flour, and vegetables. These insects are hard to notice, and by the time the shopkeeper sees them, a lot of food is already spoiled. This leads to wastage of food and money.	"This team has designed a Smart Pest Control Doll that works like a watchdog for pests! 

✅ The doll has sensors to detect insects and pests in the shop.
✅ When it finds any insects damaging groceries, it rings a buzzer to alert the shopkeeper.
✅ The shopkeeper can then take quick action to clean the area and control pests.

This way, shopkeepers can save their groceries from damage, reduce waste, and keep their shop clean and hygienic!"	Shopkeepers often lose groceries to hidden pests, causing food spoilage and financial loss. The proposed solution is a Smart Pest Control Doll equipped with sensors that detect pests and alert shopkeepers with a buzzer. This helps shopkeepers act quickly to prevent damage and maintain cleanliness in their shops.
IF_4	Many people receive fake or spam messages on their mobile phones. These messages often trick people into clicking on them, leading to scams or financial loss. People who cannot read or understand such messages are even more vulnerable to getting cheated.	A system will be developed where mobile networks or phone software can detect spam or fake messages. These messages will be marked with a red color to warn users, while normal and safe messages will be marked green. This will help people, especially those who cannot read, to easily identify harmful messages and avoid scams.	Many people receive fake or spam messages on their mobile phones. These messages often trick people into clicking on them, leading to scams or financial loss. People who cannot read or understand such messages are even more vulnerable to getting cheated.	A system will be developed where mobile networks or phone software can detect spam or fake messages. These messages will be marked with a red color to warn users, while normal and safe messages will be marked green. This will help people, especially those who cannot read, to easily identify harmful messages and avoid scams.	The problem is that many people get fake or spam messages on their phones, which can cause scams and financial loss. The proposed solution is to create a system that detects such messages and marks them in red, while safe messages are marked green, helping especially those who cannot read to avoid harmful messages.
IF_5	Many people, especially elderly individuals and those with medical conditions, forget to take their medicines on time. This can affect their health. Also, carrying both a water bottle and a pillbox separately can be inconvenient.	The Smart Pill-Reminder Water Bottle is a special water bottle that helps people remember to take their medicines on time. It has small compartments to store different pills, so users don’t need to carry a separate pillbox. The bottle also has a built-in timer and alarm that reminds the user when it’s time to take their medicine by making a sound, vibrating, or lighting up. This makes it very useful for elderly people and those with medical conditions who often forget their medication. The bottle is easy to carry, safe for drinking water, and simple to clean, making it a convenient solution for daily use at home, work, or while traveling.	Many people, especially elderly individuals and those with medical conditions, forget to take their medicines on time. This can affect their health. Also, carrying both a water bottle and a pillbox separately can be inconvenient.	The Smart Pill-Reminder Water Bottle is a special water bottle that helps people remember to take their medicines on time. It has small compartments to store different pills, so users don’t need to carry a separate pillbox. The bottle also has a built-in timer and alarm that reminds the user when it’s time to take their medicine by making a sound, vibrating, or lighting up. This makes it very useful for elderly people and those with medical conditions who often forget their medication. The bottle is easy to carry, safe for drinking water, and simple to clean, making it a convenient solution for daily use at home, work, or while traveling.	The problem is that many people, especially elderly and sick individuals, forget to take their medicines on time, and carrying a water bottle and pillbox separately is inconvenient. The proposed solution is a Smart Pill-Reminder Water Bottle that stores pills, reminds users to take medicine with alarms, and serves as a regular water bottle, making medication management easier and more convenient.
IF_6	Many people use plastic straws, spoons, and forks when eating outside, which creates a lot of plastic waste. This is harmful to the environment because plastic is not easily recyclable and pollutes land and water.	The Multi-Functional Foldable Steel Straw is a reusable and eco-friendly alternative to plastic cutlery. It is made of stainless steel and comes with attachments like a spoon and fork that can be easily attached when needed. The straw and attachments are foldable, making them compact and easy to carry in a small case or pocket. Since it is washable and reusable, it reduces plastic waste and helps keep the environment clean. This makes it a sustainable and convenient option for people who eat or drink outside frequently.	Many people use plastic straws, spoons, and forks when eating outside, which creates a lot of plastic waste. This is harmful to the environment because plastic is not easily recyclable and pollutes land and water.	The Multi-Functional Foldable Steel Straw is a reusable and eco-friendly alternative to plastic cutlery. It is made of stainless steel and comes with attachments like a spoon and fork that can be easily attached when needed. The straw and attachments are foldable, making them compact and easy to carry in a small case or pocket. Since it is washable and reusable, it reduces plastic waste and helps keep the environment clean. This makes it a sustainable and convenient option for people who eat or drink outside frequently.	The problem is that plastic straws and cutlery cause environmental pollution because they are not easily recyclable. The proposed solution is a foldable, reusable steel straw with attachable spoon and fork, which is portable and eco-friendly, reducing plastic waste for people who eat outside.
IF_7	Many students do not exercise regularly, which can lead to health problems like obesity, weakness, and lack of fitness. They often lack motivation to work out, as they don’t see their progress or feel encouraged to exercise.	The School Gym Rank Smart Wristband is a wearable device that tracks students’ workouts in the school gym. It measures activities like steps taken, calories burned, and exercise duration. The data is displayed on a big gym screen, showing a ranking system where students can compare their performance with others. This motivates students to exercise more, improve their rank, and stay fit in a fun and competitive way.	Many students do not exercise regularly, which can lead to health problems like obesity, weakness, and lack of fitness. They often lack motivation to work out, as they don’t see their progress or feel encouraged to exercise.	The School Gym Rank Smart Wristband is a wearable device that tracks students’ workouts in the school gym. It measures activities like steps taken, calories burned, and exercise duration. The data is displayed on a big gym screen, showing a ranking system where students can compare their performance with others. This motivates students to exercise more, improve their rank, and stay fit in a fun and competitive way.	The problem is that many students do not exercise regularly and lack motivation because they cannot see their progress. The solution is a smart wristband that tracks their gym activities and displays their rankings on a big screen, encouraging students to exercise more by making it fun and competitive.
IF_8	"Farmers and tractor drivers face many problems while using tractor trolleys:
1. Smoke from the exhaust blows directly into the driver’s face, causing discomfort and health issues.
2. While loading grass or grains, people use wooden sticks to support the stack, but these are unstable and can cause the load to fall.
3. The rearview mirrors get blocked by the high load, making it hard for the driver to see behind.
4. Climbing onto the tractor is difficult because there is only one small step."	"A Smart Tractor Trolley is designed to improve safety, comfort, and load management with these features:
1. Redirecting the exhaust pipe upwards or to the side to keep smoke away from the driver’s face.
2. Foldable extension doors on the trolley that can be opened when loading tall stacks of grass or grains, providing better support and preventing falls.
3. Stretchable belts to secure the load and keep it stable while driving.
4. A distance sensor to detect obstacles and warn the driver if something is behind the tractor.
5. Foldable steps to make it easier to climb onto the tractor."	"Farmers and tractor drivers face many problems while using tractor trolleys:
1. Smoke from the exhaust blows directly into the driver’s face, causing discomfort and health issues.
2. While loading grass or grains, people use wooden sticks to support the stack, but these are unstable and can cause the load to fall.
3. The rearview mirrors get blocked by the high load, making it hard for the driver to see behind.
4. Climbing onto the tractor is difficult because there is only one small step."	"A Smart Tractor Trolley is designed to improve safety, comfort, and load management with these features:
1. Redirecting the exhaust pipe upwards or to the side to keep smoke away from the driver’s face.
2. Foldable extension doors on the trolley that can be opened when loading tall stacks of grass or grains, providing better support and preventing falls.
3. Stretchable belts to secure the load and keep it stable while driving.
4. A distance sensor to detect obstacles and warn the driver if something is behind the tractor.
5. Foldable steps to make it easier to climb onto the tractor."	The problem is that tractor trolley drivers face issues like smoke blowing into their faces, unstable load support, blocked rearview mirrors, and difficulty climbing onto the tractor. The proposed solution is a Smart Tractor Trolley with features such as redirected exhaust pipes, foldable extension doors for better load support, stretchable belts to secure loads, distance sensors for obstacle detection, and foldable steps for easier access.
IF_9	In bathrooms, drains often get blocked due to hair, soap residue, and other waste. This causes water to collect, making it difficult to clean and sometimes damaging pipes. Blocked drains also affect water sources by allowing dirty water to overflow.	A mini dustbin with a handle is placed inside the drainpipe to collect solid waste like hair and soap residue. This dustbin has a sieve that allows only water to pass through while stopping waste from entering the pipes. The dustbin can be easily removed and cleaned, preventing drain blockage and pipe damage. This system makes cleaning simple and protects water sources.	In bathrooms, drains often get blocked due to hair, soap residue, and other waste. This causes water to collect, making it difficult to clean and sometimes damaging pipes. Blocked drains also affect water sources by allowing dirty water to overflow.	A mini dustbin with a handle is placed inside the drainpipe to collect solid waste like hair and soap residue. This dustbin has a sieve that allows only water to pass through while stopping waste from entering the pipes. The dustbin can be easily removed and cleaned, preventing drain blockage and pipe damage. This system makes cleaning simple and protects water sources.	The problem is that bathroom drains get blocked by hair and soap residue, causing water to collect and damaging pipes. The solution is to place a small dustbin with a sieve inside the drain to catch solid waste while letting water pass. This dustbin can be removed and cleaned easily, preventing blockages and protecting water sources.
IF_10	GHMC workers sweep roads for long hours using traditional broomsticks. This causes hand and shoulder pain due to continuous movement and physical strain. Over time, this makes their job difficult and affects their health.(How might we reduce these health issues and improve their working conditions?)	We will redesign the broomstick to make sweeping easier for GHMC workers. A swivel mechanism with a motor will be added at the base and where the stick connects to the broom. When the worker presses a button, the broom moves automatically, reducing strain on their hands and shoulders.	GHMC workers sweep roads for long hours using traditional broomsticks. This causes hand and shoulder pain due to continuous movement and physical strain. Over time, this makes their job difficult and affects their health. (How might we reduce these health issues and improve their working conditions?)	We will redesign the broomstick to make sweeping easier for GHMC workers. A swivel mechanism with a motor will be added at the base and where the stick connects to the broom. When the worker presses a button, the broom moves automatically, reducing strain on their hands and shoulders.	GHMC workers suffer from hand and shoulder pain due to long hours of sweeping with traditional brooms. To help reduce this strain, the student proposes a motorized broomstick with a swivel mechanism that moves automatically when a button is pressed, making sweeping easier and less physically demanding.
IF_11	Many people love eating snacks and packaged food, but they don’t know which foods are healthy and which ones are harmful. Without proper information about ingredients, people may eat unhealthy food that affects their health in the long run.	A mobile app that helps people identify healthy and unhealthy food by scanning a QR code on the food packet. Each food item will have a QR code that contains detailed information about the ingredients, nutrition value, and whether it is good or bad for health. The app will also suggest better food options based on a person’s health needs. This will help people make better food choices and eat healthier.	Many people love eating snacks and packaged food, but they don’t know which foods are healthy and which ones are harmful. Without proper information about ingredients, people may eat unhealthy food that affects their health in the long run.	A mobile app that helps people identify healthy and unhealthy food by scanning a QR code on the food packet. Each food item will have a QR code that contains detailed information about the ingredients, nutrition value, and whether it is good or bad for health. The app will also suggest better food options based on a person’s health needs. This will help people make better food choices and eat healthier.	The problem is that people often eat snacks and packaged foods without knowing if they are healthy or harmful due to lack of ingredient information. The solution is a mobile app that scans QR codes on food packets to provide detailed information about ingredients and nutrition, and suggests healthier food options based on individual health needs, helping people make better food choices.
IF_12	"Water wastage is a major problem in cities. People use too much water for bathing and household needs, which leads to water shortages and even droughts. Many cities like Gujarat and Bangalore have already faced severe water scarcity, making it important to save water before it’s too late.

For example:
Gujarat has faced severe droughts in the past, leading to a crisis where many people suffered due to a lack of water.
Bangalore experienced water scarcity last year, highlighting the urgent need for better water conservation"	"A Smart Water Monitoring System can help reduce water wastage by tracking and controlling water usage in homes.
Features of the System:
1. Water Meter & Sensor – Measures how much water each house is using in real time.
2. Buzzer Alert – Gives a warning sound when too much water is being used while bathing or washing.
3. Auto Shut-off Mechanism – If a house crosses its daily water limit, the water supply automatically stops for some time.
4. User Control Panel – Allows people to set their own water limit and track their usage.
5. City-Wide Display System – Shows water usage of different houses in a community to encourage responsible water use.

This system will help people save water, reduce wastage, and ensure that cities don’t run out of water in the future."	"Water wastage is a major problem in cities. People use too much water for bathing and household needs, which leads to water shortages and even droughts. Many cities like Gujarat and Bangalore have already faced severe water scarcity, making it important to save water before it’s too late.

For example:
Gujarat has faced severe droughts in the past, leading to a crisis where many people suffered due to a lack of water.
Bangalore experienced water scarcity last year, highlighting the urgent need for better water conservation"	"A Smart Water Monitoring System can help reduce water wastage by tracking and controlling water usage in homes.
Features of the System:
1. Water Meter & Sensor – Measures how much water each house is using in real time.
2. Buzzer Alert – Gives a warning sound when too much water is being used while bathing or washing.
3. Auto Shut-off Mechanism – If a house crosses its daily water limit, the water supply automatically stops for some time.
4. User Control Panel – Allows people to set their own water limit and track their usage.
5. City-Wide Display System – Shows water usage of different houses in a community to encourage responsible water use.

This system will help people save water, reduce wastage, and ensure that cities don’t run out of water in the future."	The problem is that cities face serious water wastage, causing shortages and droughts, as seen in Gujarat and Bangalore. The proposed solution is a Smart Water Monitoring System that tracks water use in real time, alerts users when they use too much, and can automatically stop water if limits are exceeded. This system encourages responsible water use to prevent future water crises in cities.
IF_13	Many factories dump harmful chemicals and waste into rivers, which causes water pollution. This pollution is dangerous for fish and other aquatic life. It also creates a bad smell and contaminates drinking water, making people sick. If this continues, our rivers will become too polluted to use.	The Aqua-Safe Device is a smart solution to stop industrial water pollution. It is installed on factory waste pipes and has built-in sensors that check for harmful chemicals in the waste. If the pollution levels are too high, the device automatically closes the pipe valve and opens the filtration chamber valve. All the chemical waste is transferred to the filtration chamber, where harmful substances are removed. After filtration, the waste goes back to the sensor pipe for rechecking. If no harmful chemicals are found, the outflow valve is opened, allowing safe water to be released. During this entire process, data is recorded and sent to government officials for monitoring. This system helps protect aquatic life, keep drinking water clean, and reduce pollution, ensuring a healthier environment for everyone.	Many factories dump harmful chemicals and waste into rivers, which causes water pollution. This pollution is dangerous for fish and other aquatic life. It also creates a bad smell and contaminates drinking water, making people sick. If this continues, our rivers will become too polluted to use.	The Aqua-Safe Device is a smart solution to stop industrial water pollution. It is installed on factory waste pipes and has built-in sensors that check for harmful chemicals in the waste. If the pollution levels are too high, the device automatically closes the pipe valve and opens the filtration chamber valve. All the chemical waste is transferred to the filtration chamber, where harmful substances are removed. After filtration, the waste goes back to the sensor pipe for rechecking. If no harmful chemicals are found, the outflow valve is opened, allowing safe water to be released. During this entire process, data is recorded and sent to government officials for monitoring. This system helps protect aquatic life, keep drinking water clean, and reduce pollution, ensuring a healthier environment for everyone.	The problem is that factories pollute rivers by dumping harmful chemicals, which harms aquatic life and contaminates drinking water. The proposed solution is the Aqua-Safe Device, which monitors factory waste water, filters out harmful chemicals automatically, and sends data to authorities. This device helps keep water safe and protects the environment.
IF_14	Many people carry lunch boxes to offices, schools, and workplaces, but their food becomes cold by lunchtime, especially in winter and rainy seasons. Eating cold food is not enjoyable and may affect digestion and health. There is a need for a simple way to keep food warm until mealtime.	The Smart Heated Lunch Box is designed to keep food warm anytime and anywhere. It has a rechargeable battery at the bottom that can be charged using a USB cable. An On/Off button allows users to heat their food only when needed, saving battery power. A temperature control button helps adjust the warmth level based on preference. The portable handle makes it easy to carry anywhere. This lunch box ensures that food stays warm and fresh, making it perfect for office workers, students, and laborers in all seasons.	Many people carry lunch boxes to offices, schools, and workplaces, but their food becomes cold by lunchtime, especially in winter and rainy seasons. Eating cold food is not enjoyable and may affect digestion and health. There is a need for a simple way to keep food warm until mealtime.	The Smart Heated Lunch Box is designed to keep food warm anytime and anywhere. It has a rechargeable battery at the bottom that can be charged using a USB cable. An On/Off button allows users to heat their food only when needed, saving battery power. A temperature control button helps adjust the warmth level based on preference. The portable handle makes it easy to carry anywhere. This lunch box ensures that food stays warm and fresh, making it perfect for office workers, students, and laborers in all seasons.	The problem is that people carrying lunch boxes often have their food become cold by lunchtime, which is unpleasant and may harm digestion. The proposed solution is a Smart Heated Lunch Box with a rechargeable battery, USB charging, and temperature control to keep food warm anywhere, making it convenient for various users in all seasons.
42492	రోజు రోజుకి A.C ల సంఖ్య పెరగడం పరిసరాల లోనికి విడుదలయై ఉష్ణం పెరుగుతూ ఉండడాన్ని మనం గమనిస్తూ ఉన్నాము ఉష్ణోగ్రత పెరగడాన్ని అనుభూతి చెందుతున్నాము	"సి. మ్ లో భాగంగా ఈ సమస్య పరిష్కారంగా ఎ.సి బయట ఉండే యూనిట్ కు ఒక ప్రత్యేక అమరికను ప్రొటోటైప్ చేయాలని భావిస్తున్నాము 
 వేడి బయటకు విడుదలగు యూనిట్ కి అమర్చవలెను కాపర్ గొట్టాలు పటంలో చూపునట్లు అమర్చవలెను కాపర్ గొట్టాలు వేడి గాలిని విడుదల చేయు యూనిట్ కి అమర్చి కాయీల్ రెండు చివరలను ఒక ఇన్సులేటెడ్ వాటర్ ట్యాంకు కి అమర్చవలెను వాటర్ ట్యాంక్ లో నీటిని నింపి ఉంచవలెను వాటర్ ట్యాంకు కి ఒక ట్యాప్ ని ఉంచవలెను"	We are observing that the number of air conditioners (A.C.s) is increasing day by day, and the heat released into the surroundings is also increasing, causing the temperature to rise.	As part of the science project, we are thinking of creating a prototype of a special device for the outdoor unit of the A.C. Copper pipes should be installed on the unit that releases heat outside, as shown in the picture. The copper pipes should be attached to a coil, and both ends of the coil should be connected to an insulated water tank. The water tank should be filled with water and equipped with a tap.	The problem is that increasing numbers of air conditioners release more heat into the environment, raising temperatures. The proposed solution is to design a prototype device with copper pipes and a water tank connected to the outdoor A.C. unit to help dissipate heat more effectively.
47423	పొగాకును క్యూరింగ్ విధానం లో మొక్కల నుండి వేరు చేసిన తర్వాత ఆకులను ఒక్కొక్కటిగా మధ్య ఈనెవద్ద పొడవాటి సూదికి గుచ్చాలి తరువాత ప్రతి ఆకును తాడు చివరి వరకు ఒక్కొక్కటిగా జరపాలి ఈ క్రమంలో ఆకు మధ్య ఈయన వద్ద చీలినట్లయితే ఆ ఆకు అర్థం నుండి వేరుపడి ఆకులు వృధా అవుతాయి.	ఈ సమస్యను పరిష్కారాల్లో మేము ఎగ్గొనమిక్రి పరికరానిన్న తయారు చేయాలని భావించాము దీనిలో దీనిలో భాగంలో ఈ క్రింది విధంగా ఈ క్రింది మా పరికరాన్నమునాన్ని రూపొందించాము ఈ పరికరం మన కూర్చోవడానికి ఉపయోగించే కుర్చీని పోలి ఉంటుంది సోదికి ముందు భాగానికి తీసుకోవలెను ఈ పరికరంలో రెండు భాగాలు కలవు ఒక భాగం సెట్టింగ్ భాగం రెండవ భాగం మన వీపు అనుకునే భాగం సెట్టింగ్ భాగం స్థిరంగాను మన వీపు అనుకునే ముందుకు మాత్రమే కదిలే విధంగా ఉంటుంది ముందుకు కదిలే భాగం కు దెబ్బ నాన్ని తొలగించుట తిరిగి అమర్చు విధానం ను ఏర్పాటు చేశాము సిట్టింగ్ భాగంలో ఉండే చెక్కను కలిగించుట తిరిగి మచ్చు విధానంను ఏర్పాటు చేసిన చేసినాము ఈ పరికరంలోని అన్ని భావాలను నిర్దిసించుకున్న ప్రకారంఎటువంటి లోపాలు లేకుండా అమర్చుకోవాలి	In the curing process of tobacco leaves, after separating the leaves from the plants, each leaf must be individually pierced through the middle vein with a long needle. Then, each leaf must be threaded one by one onto a string until the end. If the leaf tears at the middle vein during this process, the leaf separates from the stem and the leaves become wasted.	To solve this problem, we thought of creating an ergonomic device. We designed our device as follows: it resembles a chair used for sitting and is placed in front of the person working. This device has two parts: one is the setting part, and the other is the part where we operate. The setting part is fixed, and the operating part moves only forward. We arranged a mechanism to remove and reattach the needle on the moving part. We also arranged a mechanism to fix and re-fix the wooden part in the setting section. All components of this device should be assembled precisely without any defects.	The problem is that during the tobacco leaf curing process, piercing leaves with a needle can cause tearing and waste. The proposed solution is an ergonomic device similar to a chair with two parts, allowing controlled needle movement and easy attachment, to reduce leaf damage during threading.
47516	పేపర్లను బండిల్ గా కొన్ని తెచ్చిన తరువాత బండిలోని పేపర్ కు రంద్రం చేయునప్పుడే 10-15 పేపర్లకు కలిపి ఒక రంధ్రం వేయడం మనం గమనిస్తాము ఈ పేపర్లను పిల్లలు పరీక్షల్లో పంచడం జరుగుతుంది. పరీక్ష రాసిన తరువాత పిల్లలు వారి పేపర్లను ఒక మూలగా పెట్టేటప్పుడు ఆ పేపర్లు రంధ్రాలు ఒకే అలైన్మెంట్లో లేకపోవడం అనే సమస్య మేము గుర్తించాము	బండిల్ లోని పేపర్లకు రంద్రం వేసినప్పుడు పంచింగ్ మిషన్ లోని రెండు దవడల మధ్య పేపర్ను ఉంచినప్పుడు పేపర్ల ఎల్లప్పుడూ ఒకే రకంగా ఉండునట్లు క్రింద దవడలో ఒక లంబకోణ అమరికను ఏర్పాటు చేసినట్లయితే పేపర్లకు రంధ్రం చేయునప్పుడు ప్రతిసారి ఒకే చోట రంధ్రం పడుతుంది. ఈ విధంగా సమాధాన పత్రాలను మన సురక్షితంగా కట్టవచ్చు.సమస్యలను తొలగించవచ్చు.	After bringing some papers bundled together, when punching holes in the papers in the bundle, we notice that instead of punching one hole through 10-15 papers together, the holes are made separately for each paper. Children share these papers during exams. After writing the exam, when children keep their papers in a pile, the problem we identified is that the holes in the papers are not aligned in the same position.	When punching holes in the papers in the bundle, if we place the papers between the two jaws of the punching machine and arrange a right-angle setup on the lower jaw so that the papers are always positioned the same way, then every time the hole will be punched in the exact same place. This way, the answer sheets can be securely bound and the problems can be eliminated.	The problem is that exam papers punched in bundles have holes that are not aligned, causing issues when students organize their papers. The proposed solution is to modify the punching machine with a right-angle guide to ensure holes are punched in the same position every time, allowing secure binding and preventing misalignment.
51684	రోజు రోజుకు జనాభా పెరుగుతున్న తరుణంలో వాహనాల వాడకం పెరిగి పెట్రోల్ డీజిల్ వంటి ఇంధనాలు తరిగిపోతున్న్నాయి. అందుకే ఎలక్ట్రికల్ వాహనాల తయారీ వాడకం పెరిగింది.కానీ ఇంతపెద్ద మొత్తం లో వాహనాలను ఛార్జింగ్ చేయుట సమస్య గా మారింది దీనికి పరిష్కారమే మా ప్రాజెక్టు	ఎలక్ట్రికల్ వాహనాలను ఛార్జింగ్ చేయుటకు రెండు పద్ధతులు ఉన్నాయి ఒకటి పట్టణాలలో రోజురోజుకీ అపార్ట్మెంట్ కల్చర్ పెరుగుతున్న క్రమంలో అపార్ట్మెంట్ నిర్మించే ప్పుడే పార్కింగ్ ఏరియా లో ఆటోమేటిక్ ఛార్జింగ్ సిస్టమ్ ను ఏర్పాటు చేసుకోవాలి. ఆ స్థానం లోకి వాహనం పార్క్ చేయగానే ఆటోమేటిగ్గా ఛార్జింగ్ అవుతుంది.రెండవ పద్ధతిలో లో సాధారణ రోడ్ ప్రక్కనే రోడ్ నిర్మాణం లోనే ఛార్జింగ్ లేన్ ను ఏర్పాటు చేసుకుంటే . ఛార్జింగ్ అయిపోతున్న క్రమంలో ఆ రోడ్ పైన వాహనం నడిపితే ఆటోమేటిక్ గా ఛార్జింగ్ అవుతుంది డానికి సంబంధించిన బిల్ ఫోనే కు వస్తుంది.	As the population increases day by day, the use of vehicles is also increasing, and fuels like petrol and diesel are depleting. Therefore, the use and manufacturing of electric vehicles have increased. But charging such a large number of vehicles has become a problem. Our project is a solution to this issue.	There are two methods to charge electric vehicles. First, in cities where apartment culture is growing daily, automatic charging systems should be installed in parking areas when apartments are built. When a vehicle is parked in that spot, it will automatically start charging. The second method is to create a charging lane alongside regular roads during road construction. When a vehicle drives over this charging lane, it will automatically charge, and the related bill will be sent to the phone.	The problem is that increasing vehicle use is depleting petrol and diesel, and charging many electric vehicles is difficult. The proposed solution is to install automatic charging systems in apartment parking areas and build charging lanes on roads that charge vehicles automatically as they drive, with billing sent to the user's phone.
57487	పాఠశాల పిల్లలు హ్యాండ్ వాష్ ,ప్లేట్ వాష్ చేయడంలో ఇబ్బంది.	పాఠశాల లో ఉన్న ఒక బోరింగ్ కి ఒక పొడవైన పైప్ ని కలిపి , ఆ కలిపిన పైప్ కి 10 నల్లాలు బిగించడం ద్వారా ఒకే సరి పది మంది పిల్లలు హ్యాండ్ వాష్ ప్లేట్ వాష్ చేసుకోవచ్చు .తద్వారా సమయం ఆదా అవుతుంది శ్రమ తగ్గుతుంది.వాటర్ ఆదా అవుతుంది.	School children have difficulty in washing hands and washing plates.	By attaching a long pipe to a borewell in the school and fixing 10 taps to that pipe, ten children can wash their hands and plates simultaneously. This saves time, reduces effort, and conserves water.	The problem is that school children find it hard to wash their hands and plates. The proposed solution is to connect a long pipe with multiple taps to a school borewell, allowing ten children to wash at the same time, which saves time, effort, and water.
61268	పంట పొలాల గట్ల మీద రైతులు నడిచేటప్పుడు పాములు కాటు వేస్తుంటాయి. అలాగే పశువుల కోసం పొలం గట్ల మీద గడ్డి కోసేటప్పుడు కూడా పాములు కాటు వేసిన సందర్భాలు అనేకం ఉన్నాయి.అలాగే ధాన్యాన్ని ఎండబెట్టినప్పుడు మీది వరుస ఎండిపోయి క్రింద వరుస లో ధాన్యం త్వరగా ఎండదు.దానికి రైతులు కాళ్ళతో దున్నుతూ ఎండబెడుతుంటారు.దీనివలన కాళ్ళ నొప్పులు,అలాగే ఎక్కువ సమయం తీసుకుంటుంది.	"పంట పొలాల గట్ల మీద రైతులు నడిచేటప్పుడు పాములు కాటు వేస్తుంటాయి. అలాగే పశువుల కోసం పొలం గట్ల మీద గడ్డి కోసేటప్పుడు కూడా పాములు కాటు వేసిన సందర్భాలు అనేకం ఉన్నాయి. ఈ సమస్యలకు పరిష్కారంగా కొడవలికి,అలాగే రైతు కర్రకు చిన్న గజ్జలు బిగించడం వల్ల వాటి నుండి వచ్చే ధ్వనికి పాములు పారిపోతాయి. ఈ విధంగా పాముల నుండి రక్షించుకోవచ్చు.
 అలాగే ధాన్యాన్ని ఎండబెట్టినప్పుడు మీది వరుస ఎండిపోయి క్రింద వరుస లో ధాన్యం త్వరగా ఎండదు.దానికి రైతులు కాళ్ళతో దున్నుతూ ఎండబెడుతుంటారు.దీనివలన కాళ్ళ నొప్పులు,అలాగే ఎక్కువ సమయం తీసుకుంటుంది.ఈ సమస్యకు పరిష్కారం గా నేను దీనిని తయారు చేశాను.దీనిని లాగినప్పుడు క్రింది వరుసలో ఉన్న ధాన్యం మీది వరుస కు వచ్చి ధాన్యం తొందరగా ఎండిపోతుంది.ఎలాంటి ఇబ్బంది లేకుండా తక్కువ సమయంలో పని చేసుకోవచ్చును."	When farmers walk on the ridges of crop fields, snakes bite them. Also, when cutting grass on the field ridges for animals, there have been many instances of snake bites. Additionally, when drying grains, the upper row dries quickly but the grains in the lower row do not dry fast. To dry them, farmers press the grains with their feet. This causes foot pain and takes a lot of time.	When farmers walk on the ridges of crop fields, snakes bite them. Also, when cutting grass on the field ridges for animals, there have been many instances of snake bites. To solve these problems, tying small bells to the sickle and the farmer's stick produces sound that scares away the snakes. This way, farmers can protect themselves from snakes. Also, when drying grains, the upper row dries quickly but the grains in the lower row do not dry fast. Farmers press the grains with their feet to dry them, which causes foot pain and takes a lot of time. To solve this, I have made a device. When it is pulled, the grains from the lower row come to the upper row, so the grains dry faster. This allows work to be done easily and in less time without any problems.	Farmers face snake bites when walking or cutting grass on field ridges, and drying grains takes a long time because the lower rows dry slowly, requiring pressing with feet that causes pain. The student proposes tying small bells to tools to scare away snakes and a device that moves grains from the lower to upper rows for faster drying, reducing effort and time.
61331	రైతులు వరి ధాన్యాన్ని అమ్మడానికి మార్కెట్ యార్డ్ కి తీసుకు వెళ్లినప్పుడు ధాన్యంలో తేమ ఉంది రెండు మూడు రోజులు ఎండలో ఆరబెట్టమని చెప్తారు. అలా ఎండబెట్టిన సందర్భంలో అకస్మాత్తుగా వర్షం వచ్చినట్లయితే వరి ధాన్యం తడిసిపోయి ముక్కిపోతుంది. ఈ ధాన్యాన్ని కొనడానికి ఎవరు కూడా ఇష్టపడరు. ఒకవేళ కొన్న తక్కువ ధరకు కొంటారు	రైతులు వరి ధాన్యాన్ని అమ్మడానికి మార్కెట్ యార్డ్ కి తీసుకు వెళ్లినప్పుడు ధాన్యంలో తేమ ఉంది రెండు మూడు రోజులు ఎండలో ఆరబెట్టమని చెప్తారు. అలా ఎండబెట్టిన సందర్భంలో అకస్మాత్తుగా వర్షం వచ్చినట్లయితే వరి ధాన్యం తడిసిపోయి ముక్కిపోతుంది. ఈ ధాన్యాన్ని కొనడానికి ఎవరు కూడా ఇష్టపడరు. ఒకవేళ కొన్న తక్కువ ధరకు కొంటారు.ఈ సమస్యను గమనించిన నేను దీనికి పరిష్కారంగా ధాన్యం ఎండ బోసిన సందర్భంలో వర్షం వచ్చినప్పుడు ఆటోమేటిక్ గా టార్పాలిన్ కవర్ కప్పేటట్టుగా నేను ఇలా ఒక మోడల్ ని తయారు చేశాను. మార్కెట్ యార్లలో దీన్ని బిగించడం వలన అకస్మాత్తుగా వర్షం వచ్చిన సందర్భములో ధాన్యాన్ని కాపాడుకోవచ్చు.అలాగే దీనికి అదనముగా ఒక గిలక ను ఉంచడం జరిగింది.ఇది నిరంతరం శబ్దముతో తిరగడం వలన పక్షులు నుండి ధాన్యాన్ని రక్షించు కోవచ్చు.	When farmers take paddy grains to the market yard to sell, the grains contain moisture. They are told to dry the grains in the sun for two to three days. If it suddenly rains during this sun-drying period, the paddy grains get wet and spoil. No one likes to buy such grains, and if someone does, they buy them at a lower price.	When farmers take paddy grains to the market yard to sell, the grains contain moisture. They are told to dry the grains in the sun for two to three days. If it suddenly rains during this sun-drying period, the paddy grains get wet and spoil. No one likes to buy such grains, and if someone does, they buy them at a lower price. Noticing this problem, I have created a model that automatically covers the grains with a tarpaulin cover when it rains during the drying period. By installing this in market yards, it can protect the grains from sudden rain. Additionally, I have included a fan that continuously rotates with sound to protect the grains from birds.	Farmers face the problem of paddy grains getting spoiled by unexpected rain during sun drying, leading to lower prices. The student proposes a model with an automatic tarpaulin cover that protects the grains from sudden rain and a rotating sound-emitting fan to keep birds away, helping preserve the quality of the grains in market yards.
73366	ఎండాకాలంలో చాలామంది రైతులు ఎండ దెబ్బ తగిలి చనిపోతుంటారు. వర్షం పడుతుంటే గొడుగు చేతిలో పట్టుకుని ఏదైనా ఫీల్డ్ వర్క్ చేయాలి అంటే చాలా కష్టం.నైట్ టైం పంట పొలాలకు నీళ్లు పెట్టడానికి చేతితో టార్చ్ పట్టుకొని వర్క్ చేయడం మరియుచీకట్లో పనిచేయడం వల్ల విష సర్పాలు సరిగా కనిపించక కరిచే అవకాశం ఉంది. ఈ సమస్యలన్నీ పరిష్కరించేదే మా ఐడియా.	"ఈ మా farmer cap లో multi futures ఉన్నాయి.ఈ క్యాప్ కి మేము గొడుగు, టార్చ్ లైట్ ,ఫ్యాన్ ఫిక్స్ చేయడం జరిగింది. వీటి ద్వారా రైతులు తమ పనులు comfortable, safety గా చేసుకునే అవకాశం ఉంది
 1) క్యాప్ కి ఉన్నటువంటి గొడుగు ద్వారా మనం ఎంతసేపైనా ఎండలో వర్క్ చేసుకోవచ్చు. కావాలంటే గొడుగు రిమూవ్ చేయొచ్చు ఫిక్స్ చేసుకోవచ్చు. 
 2) టార్చ్ లైట్ ఉండడం వల్ల నైట్ టైం రైతులు ఫీల్డ్ కి వెళ్ళినప్పుడు విష సర్పాల నుండి మనల్ని మనం సేవ్ చేసుకోవచ్చు .అలాగే ఒక చేత్తో టార్చ్ పట్టుకొని పనిచేయడం కష్టం. అందువల్ల టార్చ్ లైట్ ఫిక్స్ అయి ఉండడం వల్ల ఈజీగా మన పని చేసుకోవచ్చు.
 3) రైతులు పనిచేస్తున్నప్పుడు చాలా అలసిపోతుంటారు. రైతులకు కంఫర్టబుల్గా ఉండడం కోసం క్యాప్ కి ఫ్యాన్ ఫిక్స్ చేయడం జరిగింది. ఈ ఫ్యాన్ ఫిక్స్ చేయడం వల్ల రైతుల ఇంకా ఎక్కువ సేపు పనిచేసేటువంటి అవకాశం ఉంది.
 రైతుల యొక్క సేఫ్టీ కంఫర్ట్ కోసం తయారు చేసిందే ఈమా ఫార్మర్ క్యాప్."	In the summer, many farmers die due to heatstroke. When it rains, it is very difficult to do any fieldwork while holding an umbrella. At night, to water the crops in the fields, farmers have to hold a torch in their hand and work, and because of the darkness, poisonous snakes are not easily visible, increasing the chance of getting bitten. Our idea aims to solve all these problems.	"Our farmer cap has multiple features. We have fixed an umbrella, torchlight, and fan to this cap. Through these, farmers can work comfortably and safely.
1) With the umbrella attached to the cap, we can work in the sun for as long as needed. The umbrella can be removed or fixed as desired.
2) Having a torchlight means farmers can protect themselves from poisonous snakes when going to the field at night. Also, holding a torch in one hand while working is difficult, so having the torchlight fixed makes work easier.
3) Farmers get very tired while working. To keep them comfortable, a fan is fixed to the cap. This fan allows farmers to work for longer periods.
This farmer cap is made for the safety and comfort of farmers."	Farmers face problems like heatstroke in summer, difficulty working with umbrellas in rain, and danger from poisonous snakes at night while holding a torch. The student proposes a farmer cap equipped with an umbrella, torchlight, and fan to help farmers work comfortably and safely during the day and night.
