3	Project synopsis :- In many places, many goods are stolen from the grid like Copper plates, wires, aluminium and these goods are very expensive due to which there is a lot of loss. Dispute there has been a 24 hour security guard there, but theft happens because one security guard cannot Guard everywhere . Every item like Copper plates, wires etc are expensive and sometimes electricity is also stolen.	"We developed a system in which we will place mirrors in such a way that they can reflect the light and also place a laser light at one corner and also place a receiver in which there is an alarm which sounds when light is not received . 
 
 Because one security guard cannot Guard everywhere so, when we plays this system automatically when someone come inside from some other ways the alarm will sound and guard been alert .(https://youtu.be/gKJiCGNaAwg?si=xMmwyxQNDkwS7kD5)"	https://drive.google.com/uc?export=download&id=1Xa-_KlHb9tyFLNcFXRKQ4KylVf5kGa4c	"{
    ""Novelty"": {
        ""score"": 5,
        ""reason"": ""The use of mirrors and laser light for security is a known concept, but the specific implementation shows some originality.""
    },
    ""Usefulness"": {
        ""score"": 7,
        ""reason"": ""The system effectively addresses theft prevention by alerting guards to unauthorized access.""
    },
    ""Feasibility"": {
        ""score"": 6,
        ""reason"": ""The implementation of mirrors and laser systems is technically achievable, but practical deployment may face challenges.""
    },
    ""Scalability"": {
        ""score"": 6,
        ""reason"": ""The solution can be adapted to different areas, but scaling may require adjustments based on the environment.""
    },
    ""Sustainability"": {
        ""score"": 5,
        ""reason"": ""The system relies on electrical components, which may require maintenance and power supply considerations.""
    },
    ""Image_contains_summary"": ""The image shows a prototype of the security system involving mirrors, laser light, and electronic components.""
}"
12	"The ""Bus Safety System: Protecting Kids & Pedestrians"" is an innovative solution designed to enhance safety around buses, particularly for children and other pedestrians who might be at risk when a bus is stationary. This system addresses a critical safety issue: when a bus is stopped, children or pedestrians may walk in front of the bus, potentially putting themselves in danger if the driver cannot see them. Our system utilizes simple yet effective technology to prevent such accidents and ensure a safer environment.
 Problem Statement
 When a bus stops, especially in areas where visibility is limited, children might walk in front of the bus without the driver's knowledge. This can lead to dangerous situations where the bus might accidentally move forward, potentially causing accidents. To address this problem, a reliable and responsive safety system is needed to alert both the driver and the pedestrians."	"Our solution is the ""Bus Safety System: Protecting Kids & Pedestrians,"" which aims to enhance safety around stationary buses. It uses IR sensors mounted at the front of the bus to detect the presence of pedestrians. When a pedestrian is detected, the system activates a buzzer and a red visual light to alert the driver. Simultaneously, a playback module announces a pre-recorded message, ""Please move away from the front of the bus,"" to notify pedestrians. Additionally, the system integrates with the bus’s control to prevent movement if a pedestrian is detected. This solution helps children, pedestrians, and drivers by providing clear, immediate alerts and preventing accidents. It ensures that pedestrians are aware of their proximity to the bus and prevents the bus from moving until the area is clear, thereby addressing visibility issues and enhancing overall safety."	https://drive.google.com/uc?export=download&id=1-9OqbK2PLzzqFWfsWN26Dcu2YSi3IRC-	"{
    ""Novelty"": {
        ""score"": 7,
        ""reason"": ""The use of IR sensors and an integrated alert system for bus safety is a creative adaptation of existing technology to address a specific safety concern.""
    },
    ""Usefulness"": {
        ""score"": 9,
        ""reason"": ""The solution effectively enhances safety for children and pedestrians around stationary buses, providing immediate alerts and preventing potential accidents.""
    },
    ""Feasibility"": {
        ""score"": 8,
        ""reason"": ""The implementation of IR sensors and alert systems is practical and achievable with existing technology, making it suitable for real-world application.""
    },
    ""Scalability"": {
        ""score"": 7,
        ""reason"": ""The system can be adapted for various bus models and environments, though widespread implementation may require coordination with transport authorities.""
    },
    ""Sustainability"": {
        ""score"": 8,
        ""reason"": ""The system promotes long-term safety benefits and can be maintained with minimal resource input, ensuring its effectiveness over time.""
    },
    ""Image_contains_summary"": ""The image shows a student presenting a prototype of the Bus Safety System, which includes IR sensors and alert mechanisms integrated into a model bus.""
}"
30	sugarcane like crops are not easy to cut	We are making a project that can easily cut the sugarcane it helps farmers and it reduce the work load.	https://drive.google.com/uc?export=download&id=191j58_AEm7HcZddzF3iwHKU6sWFdq_LV	"{
    ""Novelty"": {
        ""score"": 4,
        ""reason"": ""The project proposes a mechanical solution for cutting sugarcane, which is a known agricultural challenge, but lacks detailed innovation or unique design elements.""
    },
    ""Usefulness"": {
        ""score"": 6,
        ""reason"": ""The solution addresses a real problem faced by farmers, potentially reducing their workload and improving efficiency.""
    },
    ""Feasibility"": {
        ""score"": 5,
        ""reason"": ""The prototype appears to be a basic mechanical design, but without clear details on functionality, its practical implementation is uncertain.""
    },
    ""Scalability"": {
        ""score"": 5,
        ""reason"": ""While the concept can be adapted for wider use, the scalability depends on the effectiveness of the design and materials used.""
    },
    ""Sustainability"": {
        ""score"": 6,
        ""reason"": ""If designed with durable materials, the solution could be sustainable, but further details on maintenance and resource use are needed.""
    },
    ""Image_contains_summary"": ""The image shows a cardboard prototype of a mechanical device intended for cutting sugarcane.""
}"
52	In some war there are some people who faces problem to kill the enemies fast by the missile truck	Our team are creating a special machine which can help soldiers to fight	https://drive.google.com/uc?export=download&id=1LZW_XZlh58_aVWJiheWNV5oZUB_hK1Rb	"{
    ""Novelty"": {
        ""score"": 3,
        ""reason"": ""The concept of a machine to assist soldiers in combat is common in military technology, lacking unique features or innovations.""
    },
    ""Usefulness"": {
        ""score"": 4,
        ""reason"": ""While the idea addresses a real military need, details on how the machine improves combat effectiveness are vague.""
    },
    ""Feasibility"": {
        ""score"": 5,
        ""reason"": ""Creating a machine for combat support is technically feasible, but the prototype lacks clarity on operation and implementation.""
    },
    ""Scalability"": {
        ""score"": 4,
        ""reason"": ""The solution may be applicable in various military contexts, but scaling requires significant resources and adaptation.""
    },
    ""Sustainability"": {
        ""score"": 3,
        ""reason"": ""The long-term sustainability of such a machine in combat scenarios is uncertain without details on maintenance and resource use.""
    },
    ""Image_contains_summary"": ""The image shows two students presenting a cardboard prototype of a missile truck intended to assist soldiers in combat.""
}"
208	In hotels, hospitals, and other large facilities, drying clothes efficiently is essential due to the high volume of laundry processed daily. Typically, clothes are placed outside in the sun to dry, but sudden or unexpected rainfall leads to all of these clothes getting soaked again. This situation causes considerable inconvenience, as the entire drying process is disrupted, making it challenging to keep up with daily laundry demands. Additionally, staff are burdened with the task of constantly checking for rain and rushing to bring clothes inside, which wastes time and effort. This frequent issue results in inefficiency in laundry management, adding unnecessary delays and workload.	To address the stability and balance issues of conventional modes of transportation like bicycles and motorcycles, the development of self-balancing bikes offers a promising solution. Self-balancing bikes use advanced technologies to enhance stability and safety, making them more accessible and safer for inexperienced riders. Self-balancing bikes can use gyroscopes to detect and counteract tilts, helping to maintain balance automatically.	https://drive.google.com/uc?export=download&id=1FiTc2jhOjmKpd6lz4EwtDMC8DuwNYj42	"{
    ""Novelty"": {
        ""score"": 2,
        ""reason"": ""The solution suggests self-balancing bikes, which are a known concept without a direct connection to the laundry drying problem.""
    },
    ""Usefulness"": {
        ""score"": 3,
        ""reason"": ""While self-balancing bikes improve safety for riders, they do not address the specific laundry drying issue presented.""
    },
    ""Feasibility"": {
        ""score"": 4,
        ""reason"": ""Implementing self-balancing technology is feasible but does not relate to the problem of drying clothes efficiently.""
    },
    ""Scalability"": {
        ""score"": 3,
        ""reason"": ""The concept of self-balancing bikes can be scaled, but it is irrelevant to the laundry drying context.""
    },
    ""Sustainability"": {
        ""score"": 5,
        ""reason"": ""Self-balancing bikes can be sustainable if designed with eco-friendly materials, but this is not applicable to the laundry drying issue.""
    },
    ""Image_contains_summary"": ""The image shows a model house with solar panels, possibly related to a different project focusing on renewable energy or smart home solutions.""
}"
345	Natural Farming is a multilingual half yearly publication by National Centre for Organic an Natural Farming. Articles havindirect relevance Natural Farming technology and its regulatory mechanism, development of package of practices, success stories, news related to conferences, seminars etc.	"Natural Farming can be defined as “chemical- free farming and livestock based"". Soundly grounded in agro-ecology, it is a diversified farming system that integrates crops, trees and livestock, allowing the optimum use of functional biodiversity. Natural Farming holds the promise of enhancing farmers’ income while delivering many other benefits, such as restoration of soil fertility and environmental health, and mitigating and/or reducing greenhouse gas Substantial increase in input costs has led to decline in crop income over the years. The price of urea, DAP and potash has risen by60% - 600 % in last decade. Though, per hectare real value of output increased foremost crops in recent years, but the rise in input cost was much higher, resulting into reduced farm income. Moreover, green revolution technology is now contemplated to be degrading the agro-ecosystem: and diminishing the economic returns for the farmers. Several studies have shown that chemical fertilizer and pesticides ."	https://drive.google.com/uc?export=download&id=1mt94RO0pW0LrDV_mt3hoKalDJSrb_NlR	"{
    ""Novelty"": {
        ""score"": 6,
        ""reason"": ""The concept of natural farming is established, but the integration of diverse farming systems and the focus on agro-ecology shows a fresh perspective.""
    },
    ""Usefulness"": {
        ""score"": 8,
        ""reason"": ""Addresses critical issues like soil fertility and environmental health, providing a practical solution to enhance farmers' income.""
    },
    ""Feasibility"": {
        ""score"": 7,
        ""reason"": ""The implementation of natural farming techniques is achievable with existing knowledge and resources, though it may require education and training.""
    },
    ""Scalability"": {
        ""score"": 7,
        ""reason"": ""The approach can be adapted to various farming contexts, though scaling may depend on local acceptance and resource availability.""
    },
    ""Sustainability"": {
        ""score"": 9,
        ""reason"": ""Promotes long-term ecological balance and reduces dependency on chemical inputs, supporting sustainable agricultural practices.""
    },
    ""Image_contains_summary"": ""The image depicts a model demonstrating natural farming practices, integrating crops, livestock, and eco-friendly farming techniques.""
}"
372	Nowadays thefts are very much in the society. They are robbering the homes, offices, banks etc. So controlling theft in the society.	Anti theft alram is a sensor based it detects the when theft is going to theft the materials in home iffice also in a banks.	https://drive.google.com/uc?export=download&id=1cERBmqaf7U20BQaq0IeTIHhpMPR5oFaW	"{
    ""Novelty"": {
        ""score"": 2,
        ""reason"": ""Proposes a sensor-based alarm for detecting theft, which is already a widely used approach in home and building security, with no new mechanism or adaptation described.""
    },
    ""Usefulness"": {
        ""score"": 3,
        ""reason"": ""Targets a real problem (theft), but does not explain how the alarm detects intrusion, who gets alerted, or how it helps stop or respond to theft in practice.""
    },
    ""Feasibility"": {
        ""score"": 4,
        ""reason"": ""A basic alarm system using sensors and wiring is implementable, and the prototype shows a wired setup with a light, but absence of sensor type, detection logic, and alert system reduces confidence in execution.""
    },
    ""Scalability"": {
        ""score"": 3,
        ""reason"": ""Although intended for homes, offices, and banks, these environments require different levels of security; the solution does not specify how the same alarm system would adapt across these contexts.""
    },
    ""Sustainability"": {
        ""score"": 6,
        ""reason"": ""Electronic alarm systems are generally low-maintenance once installed, but the solution does not provide details on power usage, durability, or long-term operation.""
    },
    ""Image_contains_summary"": ""The image depicts a student-made prototype of a model house demonstrating an anti-theft alarm system.""
}"
713	Liquid waste can become especially challenging and hazardous when not handled effectively, as it can cause issues due to its ability to spread quickly and pollute large areas with minimal contact. Waste can occur in many forms and requires special methods of disposal to ensure safety and prevent contamination.in our socity water is polluted due to varies reason	"Root Zoning. Root zoning is a process that is used to handle liquid waste or wastewater from homes and businesses. ...
  Solidification. ...
  Composting. ...
  Sedimentation. ...
  De watering. ...
  Incineration."	https://drive.google.com/uc?export=download&id=1qFUzpMQ0ZT85VLM8W3knoYzsYAgdsvrR	"{
    ""Novelty"": {
        ""score"": 5,
        ""reason"": ""The solution presents known methods for liquid waste management but lacks innovative adaptations or unique approaches.""
    },
    ""Usefulness"": {
        ""score"": 6,
        ""reason"": ""Addresses a critical issue of liquid waste management with practical methods that can improve environmental safety.""
    },
    ""Feasibility"": {
        ""score"": 7,
        ""reason"": ""The proposed methods are implementable with existing technologies and practices, though some may require specific conditions.""
    },
    ""Scalability"": {
        ""score"": 6,
        ""reason"": ""While methods can be applied in various settings, scalability may depend on local infrastructure and resources.""
    },
    ""Sustainability"": {
        ""score"": 7,
        ""reason"": ""Techniques like composting and sedimentation support long-term environmental health, but effectiveness varies with implementation.""
    },
    ""Image_contains_summary"": ""The image shows a demonstration setup for liquid waste management, likely illustrating the proposed solution's practical application.""
}"
752	Road light project	Road light project	https://drive.google.com/uc?export=download&id=1ibkknzirZszKxN3pEUkQaBEwtRVKWsg8	"{
    ""Novelty"": {
        ""score"": 4,
        ""reason"": ""The road light project presents a familiar concept of street lighting but lacks unique features or innovations.""
    },
    ""Usefulness"": {
        ""score"": 6,
        ""reason"": ""The project addresses the need for road lighting, which enhances safety for pedestrians and vehicles.""
    },
    ""Feasibility"": {
        ""score"": 7,
        ""reason"": ""The prototype demonstrates basic functionality with available materials, suggesting practical implementation.""
    },
    ""Scalability"": {
        ""score"": 5,
        ""reason"": ""While the concept can be scaled, the specifics of deployment in different environments are not detailed.""
    },
    ""Sustainability"": {
        ""score"": 6,
        ""reason"": ""The sustainability of the project depends on energy sources and maintenance, which are not clearly outlined.""
    },
    ""Image_contains_summary"": ""The image shows a student presenting a prototype of a road light project, indicating a practical approach to addressing road safety.""
}"
825	"Hydroponic farming can face a number of challenges, including: 
 High setup cost: Setting up a hydroponic system can be expensive, especially for large-scale systems. 
 Constant power supply: Hydroponic systems need electricity to run continuously. 
 Maintenance and monitoring: Growers need to be vigilant to avoid component failure. 
 Common problems: Some common problems include wilting, dead roots, system clogging, infestation, and nutrient deficiencies"	"Problem: Wilting
 
 It can be due to several factors such as less irrigation or high temperature, where the plant loses its rigidity, and leaves start drying.in our project automatic mobile controlled drip irrigation is used.this is managed from our house and controled thousands of hydroponic plants in one time .
 
  
 
 Solution: You should let your roots dry between each irrigation cycle. A backup pump should always be handy if the operating one gets fail because the plants can wilt quickly without water supply.
 
  
 
 Problem: Dead Roots
 
 There are many reasons for dead roots like high temperature of water, very high or very low EC, overwatering in dense substrates, and others. Dead roots can also be a sign of root rot pathogen infecting the system.
 
  
 
 Solution: First, you should remove the plants having dead roots and then regulate the water temperature accordingly to increase aeration. Regular cleaning and sanitization of the system can eliminate the pathogen."	https://drive.google.com/uc?export=download&id=1pWF3R1BX-la66uPGx051dNW_2hVLcHUl	"{
    ""Novelty"": {
        ""score"": 5,
        ""reason"": ""The project presents a mobile-controlled drip irrigation system, which is a known concept but shows some adaptation for hydroponics.""
    },
    ""Usefulness"": {
        ""score"": 7,
        ""reason"": ""Addresses critical issues in hydroponics like wilting and dead roots, providing practical solutions for growers.""
    },
    ""Feasibility"": {
        ""score"": 6,
        ""reason"": ""The solution is implementable with existing technology, though it requires careful planning for effective execution.""
    },
    ""Scalability"": {
        ""score"": 6,
        ""reason"": ""The system can be scaled, but the effectiveness may vary based on the number of plants and environmental conditions.""
    },
    ""Sustainability"": {
        ""score"": 7,
        ""reason"": ""The approach promotes efficient water use and system maintenance, contributing to long-term sustainability in hydroponic farming.""
    },
    ""Image_contains_summary"": ""The image shows students presenting their hydroponic system, emphasizing their innovative approach to irrigation and plant care.""
}"
876	Our school is facing drinking water scarcity since long.. Tape water is not available in the school.our school manages water by buckets or by tankers.. The Village in which school is located has been divided into three habitations or Mohlas Dodder Mohala,Khoja Mohlas And Raja Mohlas.. The School is located in Raja Mohla which is situated on High altitude as compared to the other two habitations or Mohlas.Two habitations among the three recieve frequent supply of tap water but the School habitation couldn't receive enough water to full fill the demand of water in the school.. Due this problem the inhabitants of the School habitation and School itself suffers a lot.	The village have about 10 natural water springs excreting pure crystal clear water continuously.The water flows 24×7 and gets wasted due to miss management.If that water is collected in a well constructed water bowl at spring site,then lifted through water pump and supplied to the school and inhabitants of school habitation.. water crisis in the school and school habitation will resolve for ever in the area.	https://drive.google.com/uc?export=download&id=1zGk2zzfGsObr34CiRTdVTNtDhGBgwdfy	"{
    ""Novelty"": {
        ""score"": 6,
        ""reason"": ""The solution proposes utilizing existing natural water springs, which is a practical adaptation but not a novel concept.""
    },
    ""Usefulness"": {
        ""score"": 8,
        ""reason"": ""The solution directly addresses the water scarcity issue for both the school and its inhabitants, providing a sustainable source of clean water.""
    },
    ""Feasibility"": {
        ""score"": 7,
        ""reason"": ""Collecting and pumping water from springs is technically feasible, though it requires proper infrastructure and maintenance.""
    },
    ""Scalability"": {
        ""score"": 6,
        ""reason"": ""The solution can be expanded to serve more inhabitants, but scaling may depend on resource availability and infrastructure development.""
    },
    ""Sustainability"": {
        ""score"": 8,
        ""reason"": ""Utilizing natural springs promotes long-term water availability and reduces reliance on tankers, supporting environmental sustainability.""
    },
    ""Image_contains_summary"": ""The image shows a student collecting water from a natural source, illustrating the practical aspect of the proposed solution.""
}"
940	rajasthan main water ki kami hai	Drip Irrigation:- faldaal podho bagicho avm vraksho main pani dene ka sarvotam tarika hai. isse podho ko boond boond karke jal prapt hota hai	https://drive.google.com/uc?export=download&id=1MPPLxcvzjI0n7Xx0iziXcvncrXLf4lox	"{
    ""Novelty"": {
        ""score"": 5,
        ""reason"": ""Drip irrigation is a known agricultural technique, but the student's presentation shows an understanding of its application.""
    },
    ""Usefulness"": {
        ""score"": 8,
        ""reason"": ""Effectively addresses water scarcity in Rajasthan by promoting efficient water use for agriculture.""
    },
    ""Feasibility"": {
        ""score"": 7,
        ""reason"": ""Drip irrigation systems are practical and can be implemented with available resources in rural areas.""
    },
    ""Scalability"": {
        ""score"": 6,
        ""reason"": ""While scalable, the implementation may require adaptation to different farm sizes and types.""
    },
    ""Sustainability"": {
        ""score"": 8,
        ""reason"": ""Promotes sustainable water use and can enhance long-term agricultural productivity.""
    },
    ""Image_contains_summary"": ""The image illustrates a drip irrigation system, showing how water is delivered directly to plant roots, enhancing water efficiency.""
}"
950	This project may give solution to burning problem of drying clothes in rainy season. As iam hosteler I unable to dry my clothes in rainy season	"Rain sensor detects rain and sends signals to arduino
 Arduino activates relay module
 Relay module control Motor to close/open water resistant cover
 Clothes are protected form rain"	https://drive.google.com/uc?export=download&id=1ZIU8lf7xycM3sTsH6eHI8lpJOhDNLE9y	"{
    ""Novelty"": {
        ""score"": 5,
        ""reason"": ""The project uses a rain sensor and Arduino for an automated solution to a common problem, showing some originality but relying on established technology.""
    },
    ""Usefulness"": {
        ""score"": 7,
        ""reason"": ""Effectively addresses the issue of drying clothes during the rainy season, providing a practical solution for hostellers.""
    },
    ""Feasibility"": {
        ""score"": 6,
        ""reason"": ""The implementation is achievable with basic electronics and programming skills, though it requires proper setup and maintenance.""
    },
    ""Scalability"": {
        ""score"": 5,
        ""reason"": ""While the concept can be expanded, practical deployment in various environments may require significant adaptation.""
    },
    ""Sustainability"": {
        ""score"": 6,
        ""reason"": ""The solution is environmentally friendly, but its long-term operation depends on the durability of electronic components and maintenance.""
    },
    ""Image_contains_summary"": ""The image depicts a student presenting a prototype of a rain-sensitive clothes drying system, showcasing an innovative approach to a common problem.""
}"
1827	मैं अभी एक हफ्ते के लिए मनाली टूर में फैमिली के साथ गया थाl इस टूर में हमारा आधे से ज्यादा सफर ट्रेन में हुआ, जिससे मैं ट्रेन में यह देखा कि सफर के दौरान हमारे रिजर्वेशन सीट के पास ही ट्रेन का टॉयलेट था जिसमें से गंदी बदबू आ रही थी जब मैं बाथरुम गया तब वहां देखा की टॉयलेट में बहुत ज्यादा गंदगी थी लोग टॉयलेट का उपयोग करके फ्लश(पानी का उपयोग ) किए बिना बाहर आ जाते थे जिसके कारण बदबू न केवल टॉयलेट में बल्कि पास की बोगी में भी होने लगा l	हमारी टीम ने इस समस्या को सुलझाने के लिए यहां एक आसान तरीका ढूंढा जिसमें हमने टॉयलेट के फ्लश को और टॉयलेट के दरवाजा को इस तरह से मैनेज किया की अगर व्यक्ति टॉयलेट को फ्लश किए बिना चला जाता है तो जैसे ही वह दरवाजा खोलेगा फ्लश ऑटोमेटिक ऑन हो जाएगा और फ्लश के कंप्लीट होने के कुछ सेंकड बाद दरवाजा वापस लॉक हो जाएगा l जिससे ट्रेन के सभी यात्रियों को टॉयलेट जाने में सुविधा होगी l	https://drive.google.com/uc?export=download&id=14DDtr8_lZRvGn_GeG9vL4-d0wCMaZwXI	"{
    ""Novelty"": {
        ""score"": 6,
        ""reason"": ""The solution introduces an automatic flushing mechanism, which is a creative adaptation for improving toilet hygiene in trains.""
    },
    ""Usefulness"": {
        ""score"": 8,
        ""reason"": ""The solution effectively addresses the hygiene problem in train toilets, enhancing the overall travel experience for passengers.""
    },
    ""Feasibility"": {
        ""score"": 7,
        ""reason"": ""The proposed system is technically achievable, but implementation may require collaboration with railway authorities for integration.""
    },
    ""Scalability"": {
        ""score"": 6,
        ""reason"": ""The solution can be applied to multiple train coaches, but scaling may depend on infrastructure and maintenance considerations.""
    },
    ""Sustainability"": {
        ""score"": 7,
        ""reason"": ""The automatic flushing system promotes hygiene, but ongoing maintenance and water resource management are necessary for long-term effectiveness.""
    },
    ""Image_contains_summary"": ""The image depicts a model of a train toilet design with a colorful background, illustrating the proposed solution.""
}"
2428	हमारी समस्या यह है कि कई बार लोगों के घर में सिलेंडर खत्म हो जाता है तो और उस वक्त दूसरे घर से लाने में दिक्कत होती है इस विषय पर है।	इस समस्या का सुझाव हमने बहुत अच्छी तरीके से की है। हमारी टीम ने सिलेंडर के ऊपर एक मीटर लगाया है। उस मीटर से पता चलता रहे की सिलेंडर के अंदर कितनी गैस बाकी है इससे बहुत सारे घरों के अंदर मदद भी होगी मदद इसलिए होगी कि जब उनके के घर में सिलेंडर खत्म होने वाला होगा तो वह लोग पहले से ही एक सिलेंडर खरीद लेंगे।अतः यह हमारी समस्या का सुझाव है।	https://drive.google.com/uc?export=download&id=1LSreaaYr0b8xgGBnaQ4PURf4yM2KiU3p	"{
    ""Novelty"": {
        ""score"": 5,
        ""reason"": ""The idea of using a meter to indicate gas levels in a cylinder shows some originality, but similar concepts exist in the market.""
    },
    ""Usefulness"": {
        ""score"": 7,
        ""reason"": ""The solution effectively addresses the problem of running out of gas unexpectedly, helping users to manage their supply better.""
    },
    ""Feasibility"": {
        ""score"": 6,
        ""reason"": ""While the concept is practical, details on how the meter will be implemented and maintained are not provided.""
    },
    ""Scalability"": {
        ""score"": 6,
        ""reason"": ""The solution can be applied to many households, but it requires widespread adoption and possibly additional infrastructure.""
    },
    ""Sustainability"": {
        ""score"": 5,
        ""reason"": ""The solution's long-term sustainability depends on the durability of the meter and ongoing maintenance.""
    },
    ""Image_contains_summary"": ""The image depicts a gas cylinder with a meter, illustrating the proposed solution for monitoring gas levels.""
}"
2535	पौधों को पानी देने के लिए कुशल और विश्वसनीय प्रणालियों की कमी से या तो ज़रूरत से ज़्यादा पानी या कम पानी मिल सकता है, जो पौधों के स्वास्थ्य, विकास और उपज पर प्रतिकूल प्रभाव डालता है। सौर पैनलों द्वारा संचालित नमी सेंसर एक समाधान प्रदान कर सकते हैं, लेकिन उनके कार्यान्वयन में चुनौतियाँ उनकी प्रभावशीलता और विश्वसनीयता को सीमित कर सकती हैं। पारंपरिक सिंचाई विधियों पर निर्भरता अक्सर कृषि और बागवानी में अकुशल जल उपयोग की ओर ले जाती है, जिसके परिणामस्वरूप पौधों को ज़रूरत से ज़्यादा पानी या कम पानी मिल पाता है। जबकि सौर पैनलों द्वारा संचालित नमी सेंसर वास्तविक समय की मिट्टी की नमी के स्तर के आधार पर पानी देने को स्वचालित करने के लिए एक आशाजनक समाधान प्रदान करते हैं, कई चुनौतियाँ उनकी प्रभावशीलता में बाधा डालती हैं। इन चुनौतियों में असंगत सौर ऊर्जा आपूर्ति, अंशांकन समस्याएँ, तकनीकी विफलताएँ और उपयोगकर्ता की समझ की कमी शामिल है। नतीजतन, इसका परिणाम पौधों के खराब स्वास्थ्य, संसाधन की बर्बादी, आर्थिक नुकसान और पर्यावरण क्षरण होता है। विश्वसनीयता और दक्षता को बढ़ाने की सख्त ज़रूरत है।	"प्रस्तावित समाधान एक एकीकृत सौर-संचालित नमी सेंसर सिंचाई प्रणाली है जो वास्तविक समय की मिट्टी की नमी के स्तर के आधार पर पानी देने की प्रक्रिया को स्वचालित करती है। यह प्रणाली उन्नत नमी सेंसर, कुशल सौर पैनल और स्मार्ट सिंचाई तकनीकों को जोड़ती है ताकि संसाधनों की बर्बादी को कम करते हुए इष्टतम संयंत्र जलयोजन सुनिश्चित किया जा सके।
 यह कैसे काम करता है...1. नमी सेंसर: - स्थापना: नमी की मात्रा को सटीक रूप से मापने के लिए मिट्टी में विभिन्न गहराई पर नमी सेंसर लगाए जाते हैं।
 2. सौर ऊर्जा आपूर्ति: - सौर पैनल। उच्च दक्षता वाले सौर पैनल नमी सेंसर और सिंचाई प्रणाली को शक्ति प्रदान करते हैं। वे सूर्य के प्रकाश के संपर्क को अधिकतम करने के लिए तैनात किए जाते हैं, जिससे विश्वसनीय ऊर्जा उत्पादन सुनिश्चित होता है। - ऊर्जा भंडारण: एक रिचार्जेबल बैटरी दिन के दौरान उत्पन्न अतिरिक्त ऊर्जा को बादल मौसम या रात के समय सिस्टम को शक्ति प्रदान करने के लिए संग्रहीत करती है।3. डेटा प्रोसेसिंग और सिंचाई नियंत्रण: 4, उपयोगकर्ता इंटरफ़ेस
 ,यह किसकी मदद करता है
 1. किसान और कृषि श्रमिक:
 2. माली और बागवानी विशेषज्ञ
 3, शहर"	https://drive.google.com/uc?export=download&id=1dDjlkaQVCFOCl1lcS125zI1MHjQT2Ke-	"{
    ""Novelty"": {
        ""score"": 7,
        ""reason"": ""The integration of solar-powered moisture sensors with smart irrigation techniques shows a fresh perspective on an existing concept.""
    },
    ""Usefulness"": {
        ""score"": 8,
        ""reason"": ""The system effectively automates irrigation based on real-time soil moisture, addressing critical issues of water management in agriculture.""
    },
    ""Feasibility"": {
        ""score"": 7,
        ""reason"": ""The use of commonly available components like moisture sensors and solar panels makes the implementation practical, though calibration and technical issues may arise.""
    },
    ""Scalability"": {
        ""score"": 8,
        ""reason"": ""The solution can be adapted for various agricultural settings, making it scalable across different regions and types of crops.""
    },
    ""Sustainability"": {
        ""score"": 9,
        ""reason"": ""Utilizing solar energy for irrigation promotes environmental sustainability and reduces reliance on non-renewable resources.""
    },
    ""Image_contains_summary"": ""The image shows a prototype setup of the solar-powered moisture sensor irrigation system, demonstrating its components and functionality.""
}"
2539	शहर में कई लोग ट्रैफिक सिग्नल के पास बिना सिग्नल के ही चले जाते हैं जिससे दुर्घटना होने की आशंका रहती है इसके लिए हमने स्मार्ट ट्रैफिक सिस्टम बनाया है जो एक ही सिग्नल को ही जाने देता है उसके बाद बाकी सिग्नल बंद हो जाता है जिससे घटना होने की संभावना बहुत कम हो जाती है	स्मार्ट ट्रैफिक सिस्टम में अगर सिग्नल बाय साइड की और है तो वह ऑटोमेटिक बाकी सभी रास्तों को गेट के द्वारा बंद कर देता है जिससे कोई भी गाड़ी सवार व्यक्ति बिना सिग्नल के रास्ता पार नहीं कर सकता है जिससे सिग्नल पर होने वाले घटनाएं को बहुत ही काम किया जा सकता है क्योंकि एक ही साइड से वाहनों का जाना हो सकता है जिससे उनके टकराने की संभावना बहुत ही काम हो जाएगी और सड़क में होने वाली घटनाओं को कम किया जा सकता है जिससे मनुष्य की जनहानि बहुत कम होगी यह मनुष्य के लिए बहुत लाभदायक है खासकर वाहन चलाने वालों के लिए यह हमारे प्रोजेक्ट का एक आइडिया है जिसे हमने प्रोटोटाइप के रूप में बनाया है यह ट्रैफिक संबंधित होने वाली दुर्घटनाओं को बहुत काम कर देता है यही स्मार्ट ट्रैफिक सिस्टम है	https://drive.google.com/uc?export=download&id=1gQDp19vrzZrnDtCpzIqnmKkrRxWvwmZl	"{
    ""Novelty"": {
        ""score"": 5,
        ""reason"": ""The concept of a smart traffic system that controls vehicle movement is familiar, but the specific implementation of blocking other routes is a modest adaptation.""
    },
    ""Usefulness"": {
        ""score"": 7,
        ""reason"": ""The solution addresses a critical safety issue by reducing the likelihood of accidents at traffic signals.""
    },
    ""Feasibility"": {
        ""score"": 6,
        ""reason"": ""The prototype demonstrates basic functionality, but practical deployment may require further technical details and infrastructure considerations.""
    },
    ""Scalability"": {
        ""score"": 6,
        ""reason"": ""The system can be implemented in various traffic scenarios, but scaling will depend on additional resources and urban planning.""
    },
    ""Sustainability"": {
        ""score"": 7,
        ""reason"": ""The system promotes long-term safety benefits, but its operational sustainability will depend on maintenance and technology updates.""
    },
    ""Image_contains_summary"": ""The image shows a prototype of a smart traffic system with a central signal and barriers to control vehicle movement at an intersection.""
}"
2821	"औद्योगिक कार्यशालाओं में, आरा मशीनों का उपयोग आम तौर पर सामग्री काटने के लिए किया जाता है। हालाँकि, ये मशीनें ऑपरेटरों के लिए महत्वपूर्ण सुरक्षा जोखिम पैदा करती हैं, जिसमें आकस्मिक हाथ की चोट एक बड़ी चिंता का विषय है। आपातकालीन स्टॉप बटन या सुरक्षात्मक गार्ड जैसे पारंपरिक सुरक्षा तंत्र दुर्घटनाओं को रोकने के लिए पर्याप्त तेज़ी से प्रतिक्रिया नहीं कर सकते हैं।
 
 इस परियोजना का उद्देश्य एक *अल्ट्रासोनिक सेंसर* और *Arduino* का उपयोग करके एक *वास्तविक समय सुरक्षा प्रणाली* को डिज़ाइन और कार्यान्वित करना है। यदि कोई वस्तु (जैसे ऑपरेटर का हाथ) आरा ब्लेड के **30 सेमी* के भीतर आती है, तो सिस्टम स्वचालित रूप से आरा मशीन को रोक देगा, जिससे संभावित चोटों को रोका जा सकेगा। इसके अतिरिक्त, अतिरिक्त सुरक्षा के लिए एक *मैनुअल आपातकालीन स्टॉप बटन* एकीकृत किया जाएगा। मोटर केवल तभी संचालन फिर से शुरू करेगी जब वस्तु निर्दिष्ट सुरक्षा दूरी से आगे बढ़ जाएगी।1. ब्लेड के 30 सेमी के भीतर किसी वस्तु या हाथ का पता चलने पर आरा मोटर को रोककर दुर्घटनाओं को रोकें।"	"हमारा समाधान एक *स्वचालित सुरक्षा प्रणाली* है जो ब्लेड के *30 सेमी* के भीतर किसी वस्तु या हाथ के आने पर आरा मोटर को रोक देती है। यह प्रणाली एक *अल्ट्रासोनिक सेंसर (HC-SR04), **Arduino UNO, और एक **रिले मॉड्यूल* का उपयोग करके बनाई गई है जो आरा ब्लेड का अनुकरण करने वाली 5V DC मोटर को नियंत्रित करती है। इसके अतिरिक्त, एक *आपातकालीन स्टॉप बटन* तत्काल शटडाउन के लिए मैन्युअल नियंत्रण प्रदान करता है।
 ### *समाधान कैसे काम करता है:*
 1. *ऑब्जेक्ट डिटेक्शन:*
 - यदि ऑपरेटर का हाथ *30 सेमी* के भीतर आता है, तो तरंगें वापस उछलती हैं, और Arduino गणना करता है कि यदि दूरी *30 सेमी* से कम है, तो Arduino मोटर को *बंद* करने के लिए **रिले मॉड्यूल* को ट्रिगर करता है।
 2. *स्वचालित मोटर नियंत्रण:*- यदि 30 सेमी के भीतर कोई हाथ नहीं पाया जाता है, तो मोटर सामान्य रूप से चलती है।
  3. *आपातकालीन स्टॉप बटन:*
 
 *समाधान किसकी मदद करता है:*
 1. मशीन ऑपरेटर:
 
 2. कार्यशाला प्रबंधक और पर्यवेक्षक:
 
 3. कंपनी के मालिक:
 
 *समाधान समस्या का समाधान कैसे करता है:*
 दुर्घटना की रोकथाम: स्वचालित नियंत्रण: न्यूनतम डाउनटाइम:बेहतर सुरक्षा"	https://drive.google.com/uc?export=download&id=1AvbWuh2kzhATruryUzC-L3KdRmirSO_B	"{
    ""Novelty"": {
        ""score"": 6,
        ""reason"": ""The use of an ultrasonic sensor for safety in machinery is a known concept, but the specific application to saw machines shows a moderate level of originality.""
    },
    ""Usefulness"": {
        ""score"": 8,
        ""reason"": ""The solution effectively addresses a significant safety concern in industrial workshops by preventing accidents related to saw machines.""
    },
    ""Feasibility"": {
        ""score"": 7,
        ""reason"": ""The components (Arduino, ultrasonic sensor, relay module) are accessible and the implementation is technically achievable with moderate effort.""
    },
    ""Scalability"": {
        ""score"": 6,
        ""reason"": ""The system can be adapted for various machines, but scaling may require additional customization for different environments.""
    },
    ""Sustainability"": {
        ""score"": 7,
        ""reason"": ""The system can be maintained over time with regular checks, but it requires ongoing attention to ensure reliability and effectiveness.""
    },
    ""Image_contains_summary"": ""The image shows a prototype setup of an ultrasonic sensor connected to an Arduino, which is part of a safety system designed to prevent accidents with saw machines.""
}"
5947	यदि कही किसी दुर्घटना से आग लग जाय और यदि इसका सही समय में समाधान न किया जाय तो यह भयंकर रूप धारण कर लेती है। यदि किसी जगह पर आग लग जाती है और हमे उसका पता नही है तो यह धीरे धीरे विशाल रूप धारण कर लेता है जहा आग लगा है उसके साथ आस पास का पूरा क्षेत्र बर्बाद हो जाता है।	"हमने इस समस्या के समाधान के लिए एक स्मार्ट डिवाइस जिसका नाम है फायर अलर्ट सिस्टम का निर्माण किया है। यह स्मार्ट उपकरण है यह जिस नंबर से कनेक्ट है उसे नंबर पर आग लग जाने पर मैसेज और कॉल करता है जिससे हमें पता चल जाता है आग लगी है और हम फायर ब्रिगेड के पास कॉल कर सकते हैं और इसे होने वाले भयंकर परिणाम को रोक सकते हैं।
 यह फायर या स्मोक को डिटेक्ट करता है उसके बाद अलर्ट सिग्नल भेजता है। हम दुनिया के किसी भी कोने पर होंगे हमे इसका मैसेज,कॉल प्राप्त होगा।"	https://drive.google.com/uc?export=download&id=1Fp2KwYZ7l8piN5svb9c2ZESOsJpf9M0C	"{
    ""Novelty"": {
        ""score"": 5,
        ""reason"": ""The fire alert system uses standard technology for smoke detection and alerting, but the integration for remote notifications shows some originality.""
    },
    ""Usefulness"": {
        ""score"": 8,
        ""reason"": ""Effectively addresses fire safety by providing timely alerts, potentially preventing extensive damage.""
    },
    ""Feasibility"": {
        ""score"": 7,
        ""reason"": ""The system is implementable with existing technology, though practical deployment may require further details on setup and maintenance.""
    },
    ""Scalability"": {
        ""score"": 6,
        ""reason"": ""The solution can be adapted for various environments, but scaling may depend on infrastructure and connectivity.""
    },
    ""Sustainability"": {
        ""score"": 7,
        ""reason"": ""The system can operate long-term with proper maintenance, but reliance on technology may require ongoing support.""
    },
    ""Image_contains_summary"": ""The image depicts a model of a fire alert system, likely showcasing its design and functionality in a practical setting.""
}"
6869	भूकंप एक प्राकृतिक आपदा है जो किसी भी समय और किसी भी स्थान पर आ सकती है।	भूकंप अलार्म भूकंप आने के समय बजने लगता है जिससे समय रहते लोग घरों से लोग सुरक्षित स्थान पर जा सकते हैं।	https://drive.google.com/uc?export=download&id=1Oq-zp14KYtwHoLGoKs9f1Foi3N3SxATb	"{
    ""Novelty"": {
        ""score"": 4,
        ""reason"": ""The earthquake alarm concept is known, but the students show some adaptation in their approach.""
    },
    ""Usefulness"": {
        ""score"": 7,
        ""reason"": ""The solution effectively addresses a critical safety issue by providing early warnings during earthquakes.""
    },
    ""Feasibility"": {
        ""score"": 6,
        ""reason"": ""The implementation of an alarm system is practical, but details on the technology and detection methods are lacking.""
    },
    ""Scalability"": {
        ""score"": 5,
        ""reason"": ""The solution can be applied in various settings, but scalability depends on the technology used and community engagement.""
    },
    ""Sustainability"": {
        ""score"": 6,
        ""reason"": ""The alarm system can be maintained over time, but ongoing support for technology and awareness is necessary.""
    },
    ""Image_contains_summary"": ""The image shows students presenting their earthquake alarm project, indicating their engagement and effort in addressing a significant issue.""
}"
7766	हमारे गांव में एक महिला अपने किचन में गैस में दूध चढ़ा कर चली चली गई थी तो हवा के कारण गैस के बजने से पूरे किचन में एलपीजी गैस फैल जाता है । फिर वह महिला वापस किचन में आती है तो उसने देखा कि गैस बुझ चुका था फिर उसने गैस जलाने के लिए लाइटर में क्लिक किया फिर वहां ब्लास्ट हुआ जिससे उस महिला के साथ दुर्घटना हो गई ।	यह गैस सेफ्टी डिवाइस गैस के रिसाव को सेंस करके रेगुलेटर को ऑफ करेगा और एक बजर बजेगा । जिससे अगर कोई व्यक्ति आसपास हो तो उसे पता चल जाएगा कि यहां गैस रिसाव हुआ है। जिससे दुर्घटना होने के संभावना कम हो जाएगी । यह किचन में काम करने वाले महिलाओं , वर्कर सभी के लिए उपयोगी है ।	https://drive.google.com/uc?export=download&id=1Zg0Tyri5EcilJwdoOjhf4VT_D5d-5MVb	"{
    ""Novelty"": {
        ""score"": 5,
        ""reason"": ""The gas safety device offers a practical adaptation of existing safety technology, but similar systems are already known.""
    },
    ""Usefulness"": {
        ""score"": 8,
        ""reason"": ""Effectively addresses a critical safety issue in kitchens, potentially preventing accidents related to gas leaks.""
    },
    ""Feasibility"": {
        ""score"": 7,
        ""reason"": ""The proposed system is implementable with accessible components, though integration into existing setups may require careful planning.""
    },
    ""Scalability"": {
        ""score"": 6,
        ""reason"": ""The solution can be adapted for various kitchen environments, but may require modifications for different gas systems.""
    },
    ""Sustainability"": {
        ""score"": 7,
        ""reason"": ""The device promotes long-term safety and can be maintained with regular checks, but its effectiveness depends on continuous monitoring.""
    },
    ""Image_contains_summary"": ""The image shows a prototype of a gas safety device with various electronic components, likely including sensors and a buzzer.""
}"
9468	"""टच इलेक्ट्रिक बोर्ड"" एक प्रकार का इंटरएक्टिव बोर्ड है, जिसका उपयोग शिक्षा, कार्यस्थल, और अन्य इंटरएक्टिव उद्देश्यों के लिए किया जाता है। यह आमतौर पर एक डिजिटल डिस्प्ले के रूप में होता है, जिसे टचस्क्रीन तकनीक के माध्यम से नियंत्रित किया जा सकता है। इसमें किसी भी प्रकार के कंटेंट (जैसे कि टेक्स्ट, इमेज, वीडियो आदि) को प्रदर्शित किया जा सकता है और उसे टच स्क्रीन से इंटरैक्ट करके उपयोग किया जा सकता है। यह खासकर क्लासरूम, मीटिंग रूम, और कॉन्फ्रेंस में काम आता है।"	"TOUCH ELECTRIC BOARD एक इंटरेक्टिव और स्मार्ट तकनीक है जो विद्युत उपकरणों के संचालन को टच स्क्रीन के माध्यम से नियंत्रित करने की सुविधा प्रदान करती है। इसका उद्देश्य पारंपरिक स्विच और कंट्रोल सिस्टम की जगह एक अधिक उन्नत, यूजर-फ्रेंडली, और स्मार्ट समाधान देना है। इलेक्ट्रिक बोर्ड में एक डिजिटल टच स्क्रीन होती है, जो उपयोगकर्ता को सीधे स्क्रीन पर टच करने के माध्यम से विभिन्न विद्युत उपकरणों को नियंत्रित करने की सुविधा देती है।विद्युत सर्किट से जुड़ी जानकारी को प्रोसेस करके सही आदेश भेजते हैं। जैसे ही आप स्क्रीन पर किसी बटन को टैप करते हैं, यह सिग्नल विद्युत सर्किट को मिलता है और संबंधित उपकरण सक्रिय या निष्क्रिय हो जाता है, मदद करता है-घरों में,ऑफिस और इंडस्ट्रियल सेटिंग्स में,विशेष आवश्यकताओं वाले व्यक्तियों के लिए,
 यह समस्या को सुलझाएगा-1कम्फर्ट और कंवीनियंस- किसी भी स्विच को ढूंढ़ने या हाथ से चलाने की जरूरत नहीं, बस टच करें और उपकरण चालू हो जाएगा। 2.स्मार्ट एनर्जी मैनेजमें3.रिमोट कंट्रोल 4.एक्सेसिबिलिटी
 इस तरह से एक स्मार्ट, सुविधाजनक, और ऊर्जा की बचत करनेकरने वाला समाधान है"	https://drive.google.com/uc?export=download&id=1DoCtnpVQ7QE-3NW1FoeAC7Yu89joPswT	"{
    ""Novelty"": {
        ""score"": 5,
        ""reason"": ""The concept of a touch-controlled electric board is a familiar idea, but the integration of a user-friendly interface shows some originality.""
    },
    ""Usefulness"": {
        ""score"": 7,
        ""reason"": ""The solution effectively addresses convenience and accessibility in controlling electrical devices.""
    },
    ""Feasibility"": {
        ""score"": 6,
        ""reason"": ""The implementation of a touch-controlled system is achievable, but practical deployment may require careful planning.""
    },
    ""Scalability"": {
        ""score"": 6,
        ""reason"": ""The solution can be adapted for various environments, though scaling may depend on infrastructure.""
    },
    ""Sustainability"": {
        ""score"": 7,
        ""reason"": ""The system promotes energy efficiency and user convenience, supporting long-term operational use.""
    },
    ""Image_contains_summary"": ""The image shows a touch switch connected to a light bulb, illustrating the proposed solution.""
}"
9686	दिन प्रतिदिन जनसंख्या बढ़ने के कारण यातायात के साधनों में अत्यधिक वृद्धि हुई है जिस कारण यातायात साधनों में पेट्रोल एवं डीजल का अत्यधिक प्रयोग बढ़ता ही जा रहा है इनसे निकलने वाली गैसों के कारण वायु प्रदूषण बढ़ता ही जा रहा है आज के समय में एक ऐसे आदर्श ईंधन की आवश्यकता है जो कम से कम प्रदूषण उत्पन्न करें वहां से निकलने वाले ब्लैक तेल से ऐसे ही एक आदर्श ईंधन का निर्माण किया जा सकता है ब्लैक ऑयल के जलने पर नीले रंग के धुएं के रूप में मिथुन गैस निकलती है मेथेन एक महत्वपूर्ण गैस है जिसका उपयोग ईंधन के रूप में किया जा सकता है मीथेन गैस का उपयोग विभिन्न क्षेत्रों में किया जा सकता है जैसे ऊर्जा उत्पादन रसोई गैस औद्योगिक उपयोग वाहन चालन कृषि चिकित्सा वैज्ञानिक अनुसंधान आदि	ब्लैक ऑयल जो लोग वेस्ट समझ कर फेंक देते हैं उसका आदर्श ईंधन के रूप में उपयोग किया जा सकता है एवं जिसका ज्वलन ताप भी उच्च होता है इस ब्लैक तेल में मीथेन गैस प्रेजेंट रहती है जो एक आदर्श ईंधन के रूप में काम करती हैइसका उपयोग घर से लेकर उद्योगों तक चिकित्सा क्षेत्र अनुसंधान क्षेत्र वहां हर क्षेत्र में किया जा सकता है क्योंकि यह एक आदर्श ईंधन है इसलिए इसका उपयोग व्यापक स्तर पर किया जा सकता है यह हर तरीके से उत्तम ईंधन होता है	https://drive.google.com/uc?export=download&id=1bTd2CHedOO2EPkFeeJaEQbRl6MsZ9oRE	"{
    ""Novelty"": {
        ""score"": 5,
        ""reason"": ""The idea of using black oil as a fuel source is a known concept, but its application as an ideal fuel with methane gas is a relevant adaptation.""
    },
    ""Usefulness"": {
        ""score"": 7,
        ""reason"": ""The solution addresses pollution and energy needs effectively by proposing a sustainable use of waste material.""
    },
    ""Feasibility"": {
        ""score"": 6,
        ""reason"": ""While the concept is practical, the implementation details regarding extraction and utilization of methane from black oil are not clearly defined.""
    },
    ""Scalability"": {
        ""score"": 6,
        ""reason"": ""The solution can be scaled to various sectors, but it requires infrastructure and technology for widespread adoption.""
    },
    ""Sustainability"": {
        ""score"": 8,
        ""reason"": ""Utilizing waste black oil reduces environmental impact and promotes resource recycling, supporting long-term sustainability.""
    },
    ""Image_contains_summary"": ""Students presenting a project on converting black oil into an ideal fuel, highlighting its benefits and applications.""
}"
10951	हमारे आसपास कचरे की समस्या बहुत होती है और कचरा सड़कों पर बिखरा होता है जिससे मलेरिया जैसी बीमारियां फैलती है	हम यह एक डस्टबिन की तरह ही है इसमें कचरा डालेंगे और वह डंडा डूबेगा और जिससे एक सिक्का बाहर निकलेगा और उसे सिक्के को लोग देखकर उसमें ज्यादा कचरा डालेंगे और जिस गांव क्लीन होगा और कचरा एकत्रित करने में सहायता मिलेगी इसलिए यह दो-तीन ऐसे ही गांव में लगा देंगे जिससे सभी लोग डालेंगे और कचरा करते तो होगा जिससे बीमारियां न मिलेगी यह कचरा विकिरण करने वाले लोगों को देंगे जिससे यह नई चीज बनाएंगे जिससे लोगों को काम आएगी	https://drive.google.com/uc?export=download&id=1HPJgAVO2TJnCP2tlC2infoRU-WFv_mKP	"{
    ""Novelty"": {
        ""score"": 4,
        ""reason"": ""The idea of a dustbin that rewards users with coins for depositing waste shows a small variation on existing waste management concepts.""
    },
    ""Usefulness"": {
        ""score"": 6,
        ""reason"": ""The solution addresses waste management and encourages community participation, potentially reducing litter and associated health risks.""
    },
    ""Feasibility"": {
        ""score"": 5,
        ""reason"": ""The concept is implementable but requires effective community engagement and infrastructure to ensure proper functioning.""
    },
    ""Scalability"": {
        ""score"": 6,
        ""reason"": ""The idea can be replicated in multiple villages, but its success depends on local cooperation and maintenance.""
    },
    ""Sustainability"": {
        ""score"": 5,
        ""reason"": ""While it promotes recycling and waste collection, the long-term sustainability relies on continuous community involvement and support.""
    },
    ""Image_contains_summary"": ""The image shows a student presenting a prototype of a waste collection device made from cardboard, likely illustrating the proposed solution.""
}"
12185	"कामकाजी महिलाओं को घर की साफ सफाई में, पोछा लगाने में बहुत समय लगता है साथ ही आजकल के खान पान की वजह से और अन्य कारणों से भी महिलाओं को जोड़ों के दर्द आदि से परेशानी का सामना करना पड़ता है।
 घर की साफ सफाई में दिक्कत आती है।"	"हमने घरेलू और कामकाजी महिलाओं की साफ सफाई की परेशानी को देखते हुए एक एसी मशीन बनाई है। जिससे महिलाओं को साफ़ सफ़ाई में समय की बचत होगी।
 साथ ही जीनको जोड़ो में दर्द है वो भी इसका उपयोग एक जगह बैठकर कर सकती हैं।
 इसके पोछा मारने के लिए बार बार पानी बदलने की जरूरत नही होती।
 इस मशीन में हमने पानी डालने का डिब्बा बना दिया है, और नीचे की तरफ पोछे का कपड़ा, साथ ही गंदे पानी को बाहर निकालने की व्यवस्था की है।
 
 साफ पानी एक अलग डिब्बे में डाला और एक डिब्बे में गंदा पानी निकलता रहेगा।
 साफ़ पानी पोछा लगे हुए डिब्बे में जाता रहेगा। और जब पोछा गंदा हो जाएगा तो उसको एक डिब्बे में निचोड़ लेगे जिससे पानी गंदा पानी एकत्रित करने वाले डिब्बे में इकट्ठा हो जाएगा। 
 यह मशीन रिमोट से चलेगी, जिसको एक जगह बैठकर चलाया जा सकेगा।
 इस प्रकार महिलाएं इस रिमोट की सहायता से एक जगह बैठकर पूछा लगा सकेगी।
 इसमें एक बार पानी डालना पड़ता है और मशीन को एक जगह रख कार कंट्रोल कर सकते हैं।
 इस प्रकार महिलाएं एक बार पानी डालकर एक रूम कर जगह बैठकर आराम से साफ सफाई कर सकती हैं।
 तथा अपने समय को भी बचा सकती हैं।"	https://drive.google.com/uc?export=download&id=1Q3Q52U7rqunjs6sKvTE7GL3n6I4AMOCm	"{
    ""Novelty"": {
        ""score"": 6,
        ""reason"": ""The concept of a remote-controlled cleaning machine is a creative adaptation, though similar automated cleaning devices already exist.""
    },
    ""Usefulness"": {
        ""score"": 8,
        ""reason"": ""Addresses the specific needs of working women by saving time and reducing physical strain during cleaning tasks.""
    },
    ""Feasibility"": {
        ""score"": 7,
        ""reason"": ""The design appears practical, but details on material sourcing and construction methods are needed for full confidence.""
    },
    ""Scalability"": {
        ""score"": 6,
        ""reason"": ""While the concept can be scaled, the effectiveness may vary based on different home environments and cleaning needs.""
    },
    ""Sustainability"": {
        ""score"": 7,
        ""reason"": ""The machine's water recycling feature promotes sustainability, but its long-term durability and maintenance requirements need clarification.""
    },
    ""Image_contains_summary"": ""The image depicts a design for a remote-controlled cleaning machine, showcasing its components and functionality.""
}"
12810	विद्यालय में छुट्टियों में पेड़ पौधों का पानी की कमी से मुर्झा जाना तथा कभी तो पौधे पूरी तरह ही खतम हो जाते सुख कर।	"हमने विद्यालय में लगे पेड़ पौधों की अच्छी वृद्धि के लिए ऐसी तकनीक विकसित की है, जिससे पौधों की अच्छी वृद्धि होगी उनको पानी की समस्या से जूझना नहीं पड़ेगा।
 विद्यालय में लगे सभी छोटे पौधों और बड़ी पेड़ों को एक पाईप लाईन के माध्यम से विद्यालय में बनी टंकी या टांका जिसमे नल लगा हुआ है से जोड़ देगे। 
 नल से एक पाईप बड़ी लंबी पाईप लगाएंगे अब इस मुख्य पाईप से छोटी छोटी पाईप निकालेगे और प्रत्यक छोटी पाईप को विद्यालय में लगे पेड़ पौधों से जोड़ देंगे।
 अब नल में टूटी लगाएंगे ताकि टंकी का पानी उसमें आ सके।
 अब जब भी विद्यालय की लंबी छुट्टी होगी तो हम टूटी को धीमी बूंद बूंद पानी आए ऐसे चालू करके छोड़ देंगे।
 जिससे मुख्य पाईप में पानी जाता रहेगा और उसके माध्यम से छोटी पाईप में।
 छोटी पाईप से प्रेत्यक पेड़ और पोधे में जाता रहेगा।
 इस प्रकार छुट्टियों में भी सभी पौधे हरे भरे रहेंगे और उनकी अच्छी वृद्धि होती रहेगी।
 इस प्रकार इस तकनीक से हम पेड़ को सुरक्षित रख सकते हैं।"	https://drive.google.com/uc?export=download&id=1ZwNCCffO_3FFiazMIzbcMpAAIueXthow	"{
    ""Novelty"": {
        ""score"": 6,
        ""reason"": ""The idea of a drip irrigation system for school plants is a practical adaptation of known irrigation techniques, showing some originality in its application.""
    },
    ""Usefulness"": {
        ""score"": 8,
        ""reason"": ""Effectively addresses the issue of plant care during holidays, ensuring consistent watering and promoting healthy growth.""
    },
    ""Feasibility"": {
        ""score"": 7,
        ""reason"": ""The proposed system can be implemented with basic plumbing materials and is realistic for a school environment.""
    },
    ""Scalability"": {
        ""score"": 6,
        ""reason"": ""The system can be replicated in other schools or gardens, but may require adjustments based on different layouts and plant types.""
    },
    ""Sustainability"": {
        ""score"": 7,
        ""reason"": ""The system supports long-term plant health with minimal resource use, but ongoing maintenance will be necessary to ensure functionality.""
    },
    ""Image_contains_summary"": ""The image illustrates a drip irrigation system connected to a water tank, with pipes leading to various plants, demonstrating the proposed solution for maintaining plant health during school holidays.""
}"
14477	ई-वेस्ट में वे सभी इलेक्ट्रॉनिक उपकरण शामिल होते हैं जिनको अब उपयोग में नहीं लिया जाता है। आज के डिजिटल युग में इलेक्ट्रॉनिक उपकरण हमारे जीवन का हिस्सा बन गए हैं स्मार्टफोन से लेकर लैपटॉप टेलीविजन से लेकर घरेलू उपकरणों तक हम सब में इलेक्ट्रॉनिक उपकरण का प्रयोग करते हैं। लेकिन जैसे-जैसे इन उपकरणों का उपयोग बढ़ रहा है वैसे-वैसे इनसे जुड़ी समस्याएं भी बढ़ रही है, जिनमें से एक प्रमुख समस्या है ई-वेस्ट।ई-वेस्ट यानी की इलेक्ट्रॉनिक कचरा, वे सभी इलेक्ट्रॉनिक उपकरण जिन्हें अब प्रयोग में नहीं लाया जाता या जो खराब हो चुके हैं । इनसे निकलने वाले खतरनाक रसायन के साथ यह मिट्टी में घुल जाते हैं और वातावरण को भी प्रदूषित करते हैं ई-वेस्ट का प्रबंध जैसी गंभीर समस्या के बारे में लोगों को जागरूक करना अति आवश्यक है।	"चाहे हम कार्यस्थल पर किसी तकनीकी समस्या को हल करने का प्रयास कर रहे हों, या किसी ऐसी बाधा को दूर करने का प्रयास कर रहे हों जिसे गूगल मैप्स नहीं देख पाता है - अधिकांश लोग हर दिन समस्या का समाधान कर रहे होते हैं । 
 
 लेकिन आप अपने जीवन में चुनौतियों से निपटने में कितने प्रभावी हैं ? क्या आपके पास कोई बुलेटप्रूफ प्रक्रिया है जिसका पालन करके आप ठोस परिणाम सुनिश्चित करते हैं, या... क्या आप अपनी गंभीर समस्याओं को हल करने के लिए प्रेरणा की सनक (या उसकी कमी) पर काम करते हैं?"	https://drive.google.com/uc?export=download&id=1CURFnY4i_Dn1QdhTC18U1balOPS3Jx8s	"{
    ""Novelty"": {
        ""score"": 5,
        ""reason"": ""The project addresses e-waste management, a known issue, but the proposed solution lacks unique or innovative elements.""
    },
    ""Usefulness"": {
        ""score"": 6,
        ""reason"": ""The solution raises awareness about e-waste, which is beneficial, but lacks specific actionable steps or a clear implementation plan.""
    },
    ""Feasibility"": {
        ""score"": 5,
        ""reason"": ""While raising awareness is achievable, the effectiveness of the proposed approach in practical terms is unclear.""
    },
    ""Scalability"": {
        ""score"": 4,
        ""reason"": ""The awareness campaign can reach a limited audience without a structured plan for broader implementation.""
    },
    ""Sustainability"": {
        ""score"": 5,
        ""reason"": ""The project promotes awareness but does not address how to sustain the initiative over time.""
    },
    ""Image_contains_summary"": ""The image shows two students presenting a project related to e-waste management, with a prototype that likely demonstrates their solution.""
}"
6709	సాధారణంగా మనం చూసినట్లయితే మన ఇండ్లలో సీలింగ్లలో ఏర్పడే బల్లి పాతరను వెబ్ రిమూవర్ స్టిక్ తో తొలగించినప్పుడు ఆ బల్లి పాతర మన కళ్ళల్లో పడుతుంది. అలాగే చర్మం మీద పడి దురద లేస్తుంది. అంతేకాకుండా ఎక్కువ సమయం పాటు మనము తీయడానికి ప్రయత్నించినప్పుడు చేతులు కూడా నొప్పులు పెడతాయి.	"women friendly web remover stick.
  సాధారణంగా మనం చూసినట్లయితే మన ఇండ్లలో సీలింగ్లలో ఏర్పడే బల్లి పాతరను వెబ్ రిమూవర్ స్టిక్ తో తొలగించినప్పుడు ఆ బల్లి పాతర మన కళ్ళల్లో పడుతుంది. అలాగే చర్మం మీద పడి దురద లేస్తుంది. అంతేకాకుండా ఎక్కువ సమయం పాటు మనము తీయడానికి ప్రయత్నించినప్పుడు చేతులు కూడా నొప్పులు పెడతాయి. ఈ సమస్యకు పరిష్కారంగా మేము ఉమెన్ ఫ్రెండ్లీ వెబ్ రిమూవర్ స్టిక్ తయారు చేసాము. మోటార్ సహాయంతో వేబ్ రిమూవర్ తిరుగుతుంది ఇది తిరిగినప్పుడు పడే బల్లి పాతర అంతా మన మీద పడకుండా మధ్యలో ఒక అంబ్రెల్లా ఉంచడం జరిగింది. ఈ అంబ్రెల్లా బల్లి పాతరను కలెక్ట్ చేసుకుంటుంది అంటే మన మీద పడకుండా చూస్తుంది. దీని ఈజీగా తక్కువ ఖర్చుతో తయారు చేయవచ్చు సులభంగా వినియోగించవచ్చు."	https://drive.google.com/uc?export=download&id=1gVrcB4Jy3zjMBxRStS9NBMksvXdjcKnc	"{
    ""Novelty"": {
        ""score"": 6,
        ""reason"": ""The concept of a motorized web remover with an umbrella mechanism is a creative adaptation of existing cleaning tools, though similar ideas exist.""
    },
    ""Usefulness"": {
        ""score"": 7,
        ""reason"": ""Effectively addresses the issue of debris falling during cleaning, providing a practical solution for users.""
    },
    ""Feasibility"": {
        ""score"": 6,
        ""reason"": ""The design appears implementable with basic materials and motor technology, but details on construction and durability are limited.""
    },
    ""Scalability"": {
        ""score"": 5,
        ""reason"": ""Could be used in various settings but may require adaptations for different ceiling types and debris situations.""
    },
    ""Sustainability"": {
        ""score"": 6,
        ""reason"": ""If made from readily available materials, it could be a sustainable option, but long-term durability and maintenance need consideration.""
    },
    ""Image_contains_summary"": ""The image shows a prototype of a motorized web remover stick with an umbrella mechanism designed to collect debris.""
}"
7334	సాధారణంగా పాఠశాలలో మా టీచర్లు బోర్డును తుడిసేటప్పుడు చాక్ పీస్ డస్ట్ ముందు వరుసలో కూర్చున్న విద్యార్థుల మీద,కళ్ళల్లో పడుతుంది. దీనివల్ల కళ్ళల్లో మంట అలాగే ఎలర్జీ వచ్చే అవకాశం ఉంది	సాధారణంగా పాఠశాలలో మా టీచర్లు బోర్డును తుడిసేటప్పుడు చాక్ పీస్ డస్ట్ ముందు వరుసలో కూర్చున్న విద్యార్థుల మీద,కళ్ళల్లో పడుతుంది. దీనివల్ల కళ్ళల్లో మంట అలాగే ఎలర్జీ వచ్చే అవకాశం ఉంది. దీనికి పరిష్కారంగా ఈ ప్రాజెక్టును తయారు చేయడం జరిగింది. ఒక స్టిక్ తీసుకొని దానికి ఒక చివర్ల డస్టర్ నుంచి,మధ్యలో ఆ డస్ట్ ను కలెక్ట్ చేసుకోవడానికి ఒక బాక్స్ నుంచడం జరిగింది. టీచర్స్ బోర్డును తుడుపేసేటప్పుడు ఆ డస్ట్ అంతా ఆ బాక్స్ లో పడుతుంది కాబట్టి విద్యార్థులకు ఇలాంటి ఇబ్బంది కలగదు.	https://drive.google.com/uc?export=download&id=1PgT0njDrA6b2ZQNQ9KY5xobL_AQzR1FL	"{
    ""Novelty"": {
        ""score"": 5,
        ""reason"": ""The project introduces a simple mechanism to collect chalk dust, showing a basic level of originality in addressing a common classroom issue.""
    },
    ""Usefulness"": {
        ""score"": 7,
        ""reason"": ""Effectively reduces the risk of eye irritation and allergies for students sitting in the front row during board cleaning.""
    },
    ""Feasibility"": {
        ""score"": 8,
        ""reason"": ""The solution is practical and can be easily constructed with readily available materials.""
    },
    ""Scalability"": {
        ""score"": 6,
        ""reason"": ""While it can be implemented in multiple classrooms, scalability may depend on the availability of materials and teacher adoption.""
    },
    ""Sustainability"": {
        ""score"": 7,
        ""reason"": ""The design is low-cost and can be maintained with minimal resources, promoting long-term use in classrooms.""
    },
    ""Image_contains_summary"": ""The image shows a student using a homemade chalk dust collector attached to a blackboard, demonstrating the project's practical application.""
}"
20713	స్వయం సురక్షితం	అడవి జంతువుల నుండి కీటకాలనుండి ఇంకా ఎ ఇతర అపాయాలనుండి అయిన తప్పించుకుంటారు	https://drive.google.com/uc?export=download&id=1-GkqMP-y0ukxzrAAlv-KXAUVe_ZYrV6g	"{
    ""Novelty"": {
        ""score"": 4,
        ""reason"": ""The solution proposes a method to avoid dangers from wildlife and insects, but similar protective measures are already known.""
    },
    ""Usefulness"": {
        ""score"": 5,
        ""reason"": ""The idea addresses a real concern regarding safety from animals and insects, but lacks detail on effectiveness.""
    },
    ""Feasibility"": {
        ""score"": 6,
        ""reason"": ""The concept of using shoes for protection is practical, but details on implementation are unclear.""
    },
    ""Scalability"": {
        ""score"": 5,
        ""reason"": ""The solution can be applied in various contexts, but may require adaptation for different environments.""
    },
    ""Sustainability"": {
        ""score"": 6,
        ""reason"": ""The concept can be sustainable if made from eco-friendly materials, but specifics are not provided.""
    },
    ""Image_contains_summary"": ""The image shows a prototype of a shoe with colored caps, likely intended to demonstrate a protective feature against wildlife.""
}"
20893	సరుగుడు బొప్పాయి వంటి తోటలు వేసుకునే వాళ్ళు నారుని చిన్నచిన్న నల్లటి ప్లాస్టిక్ సంచుల్లో తెచ్చుకుంటారు అలాగే ఇళ్లల్లో కొన్ని రకాల పూల చెట్లు కానివ్వండి పండ్ల చెట్లు కానివ్వండి వేసుకోవాలనుకున్నప్పుడు కూడా వారు ఆ చెట్లని నల్లటి ప్లాస్టిక్ సంచుల్లో ఇవ్వడం అనేది మనం చూస్తుంటాం ఈ సంచులు తర్వాత ఉపయోగపడం రీసైకిలింగ్ చేయలేం అలాగే ఇవి అలాగే గనక పడేస్తే ప్లాస్టిక్ కాలుష్యం కింద భూమిని కలుషితం చేస్తాయి కనుక ఈ ఎక్కువ చెట్లని తెచ్చుకునేటువంటి రైతులు ఎక్కువగా ఈ ప్లాస్టిక్ కవర్లను ఉపయోగించటం అనేది నేను గమనించినటువంటి పెద్ద సమస్య ఇది భూ కాలుష్యానికి సంబంధించిన సమస్య ఇల్లా ఇళ్లల్లోనూ ఇది సమస్యగానే ఉంది తోటల్లోనూ ఇది సమస్యగానే నాకు కనిపించింది కాబట్టి దీని పరిష్కరించాలని చిన్న ప్రయత్నాన్ని చేయడం జరిగింది	రైతులు పండ్ల చెట్లు, నిమ్మనారు ఇలాంటివన్నీ తెచ్చుకునేటప్పుడు చిన్న చిన్న ప్లాస్టిక్ కవర్లలో వాళ్ళు నారుని తెచ్చుకుంటూ ఉంటారు. అది రీసైక్లింగ్ కి పనికిరాదు కాబట్టి వాళ్ళు ఆ ప్లాస్టిక్ ని బయటే పారేస్తారు. ప్లాస్టిక్ కాబట్టి అది నీటిని భూమిలోకి చేరనివ్వదు, ఆ ప్లాస్టిక్ భూమిలో కరిగిపోకుండా కొన్ని లక్షల సంవత్సరాలు భూమిలోపల ఉండి భూకాలుష్యంగా రూపాంతరం చెందుతుంది. దీని వల్ల మా చుట్టూ ప్రక్కల గ్రామాల ప్రజలు కష్టాలు ఎదుర్కోవాల్సిన పరిస్థితి వస్తుంది. కాబట్టి దానికి పరిష్కారం కనుక్కుందాము అన్న ఆలోచన నాకు వచ్చింది. దీన్ని మా టీచర్ గారు కూడా బాగుంది అన్నారు. నా ఆలోచన ఏంటంటే, గుళ్ళల్లో గాని ఇళ్ళల్లో గాని కావాల్సినన్ని టెంకాయ చిప్పలు దొరుకుతుంటాయి. వాటిల్లోని కొబ్బరిని వినియోగించిన తర్వాత ఆ ఆ కొబ్బరిచిప్పల్లో నారు నాటి మనము వాటిల్ని పెంచుకోవచ్చు. ప్లాస్టిక్ కవర్లను వాడేకన్నా ఈ కొబ్బరిచిప్పల్లో నారు నాటుకొని దాన్ని మొత్తాన్ని మనం భూమిలో నాటుకోవచ్చు లేదా మొక్క భూమిలో నాటేసిన తర్వాత ఆ చిప్పల్ని తిరిగి కొత్త నారు వేయటానికి ఉపయోగించుకోవచ్చు. ఇలా చేయడం వల్ల భూకాలుష్యాన్ని తగ్గించవచ్చు అని నా ఉద్దేశం.	https://drive.google.com/uc?export=download&id=1-CIEQ8kj6OK6LaPlSqSWValvslCgapq3	"{
    ""Novelty"": {
        ""score"": 6,
        ""reason"": ""Using coconut shells as biodegradable pots for saplings is a creative adaptation to reduce plastic waste.""
    },
    ""Usefulness"": {
        ""score"": 7,
        ""reason"": ""The solution effectively addresses plastic pollution by providing a sustainable alternative for planting saplings.""
    },
    ""Feasibility"": {
        ""score"": 8,
        ""reason"": ""Coconut shells are readily available and can be easily used for planting, making the solution practical.""
    },
    ""Scalability"": {
        ""score"": 7,
        ""reason"": ""The approach can be expanded to various agricultural settings, provided coconut shells are accessible.""
    },
    ""Sustainability"": {
        ""score"": 9,
        ""reason"": ""The solution promotes environmental sustainability by reducing plastic waste and utilizing biodegradable materials.""
    },
    ""Image_contains_summary"": ""The image shows students with saplings planted in coconut shells, highlighting their innovative approach to reducing plastic pollution.""
}"
35402	ఆరోగ్యం చూర్ణం అందరికీ ఆవశ్యకం	మా బృందం చాలామంది తో మాట్లాడి ఏదైనా పోషకవిలువలు గల పదార్ధాన్ని తయారుచేయాలని ఆలోచన చేసాము ఇందులో భాగంగా పెసలు,సెనగలు, బీన్స్ గింజలు, గోధుమలు, మెంతులు,అవిసె గింజలను మొలకెత్తింది నీడలో బాగా ఆరబెట్టాలి వీటితోపాటు ఉసిరికాయ ముక్కలను కూడా ఆరబెట్టి పూర్తిగా తేమ పోయేందుకు వేడిచేయాలి మిక్సీలో వేసి పౌడర్ చేయాలి దీనిని ప్రతిరోజూ అన్నంలో చెంచాడు పౌడర్, పావు చెంచా ఆవు నెయ్యి ‌కలిపి‌తినవచ్చు అన్నంతో తినలేమంటే కాస్త తేనె లో నానబెట్టి తినవచ్చు ఇది చౌకగా లభించే పౌష్టికాహారం వీటివలన విటమిన్లు A,C,EKమరియూ ఇనుము, పొటాషియం, మెగ్నీషియం లభిస్తాయి రోగనిరోధక శక్తి పెరుగుతుంది	https://drive.google.com/uc?export=download&id=1icOpGxeFJJx3ZZYd_SVdMsZwNMcaN1r4	"{
    ""Novelty"": {
        ""score"": 5,
        ""reason"": ""The idea of creating a nutritious powder from common ingredients shows some originality, but similar health supplements already exist.""
    },
    ""Usefulness"": {
        ""score"": 7,
        ""reason"": ""The proposed solution addresses nutritional deficiencies effectively and provides a practical dietary supplement.""
    },
    ""Feasibility"": {
        ""score"": 8,
        ""reason"": ""The ingredients are readily available and the preparation method is simple, making it easy to implement.""
    },
    ""Scalability"": {
        ""score"": 6,
        ""reason"": ""While the solution can be scaled to larger groups, consistent production and distribution may require additional resources.""
    },
    ""Sustainability"": {
        ""score"": 7,
        ""reason"": ""The use of natural ingredients supports long-term health benefits, but sourcing may depend on local availability.""
    },
    ""Image_contains_summary"": ""The image shows three students presenting their project on creating a nutritious powder from various seeds and legumes.""
}"
37069	పూర్వం ప్రజలు పిల్లలు ఒంటికి పసుపు రాసేవారు ఎందుకంటే పసుపు యాంటి బయాటిక్స్ మరియు శరీరానికి దురదలు రాకుండా చేస్తుంది.పసుపు అంటే మనం వాడే ప్యాకెట్ పసుపు కాదు వాళ్ళే పండించిన పసుపు కొమ్ములను బాగా దంచి తయారు చేసిన పసుపును రాసేవారు.కాని ఇప్పుడు బోడీ లోషన్స రాస్తున్నారు మరియు డైపర్స వాడుతున్నారు దీని కారణంగా రాషెస్ వస్తున్నాయి.	చిన్న పిల్లల ఒంటికి రాషెస్ రాకుండా చేయడం కోసం సహజమైన రసాయనాలు ఉపయోగించి డైపర్స్ ను తయారు చేయడం.	https://drive.google.com/uc?export=download&id=1ZhmEViVCKTcYkGSGZLAh80WY3RRWQ9n4	"{
    ""Novelty"": {
        ""score"": 6,
        ""reason"": ""The idea of using natural chemicals to create diapers is a fresh adaptation of traditional practices, but similar concepts exist in eco-friendly products.""
    },
    ""Usefulness"": {
        ""score"": 7,
        ""reason"": ""The solution addresses a significant problem of rashes in infants, providing a practical alternative to conventional diapers.""
    },
    ""Feasibility"": {
        ""score"": 5,
        ""reason"": ""Creating diapers from natural materials is achievable, but the specifics of material sourcing and production methods are not detailed.""
    },
    ""Scalability"": {
        ""score"": 6,
        ""reason"": ""The solution can be adapted for wider use, but scaling production may require additional resources and infrastructure.""
    },
    ""Sustainability"": {
        ""score"": 8,
        ""reason"": ""Using natural materials promotes environmental sustainability and reduces reliance on synthetic products.""
    },
    ""Image_contains_summary"": ""The image shows three students presenting their project related to creating eco-friendly diapers.""
}"
40769	పశువులకు గడ్డి కోయడం లో ఇబ్బందులు	ఒక మోటార్ కు బ్లేడ్ పెట్టి గడ్డిని కొస్తం	https://drive.google.com/uc?export=download&id=1tVJQCUrvfs07ksNtLJ8HQpShFgm-KtKT	"{
    ""Novelty"": {
        ""score"": 4,
        ""reason"": ""The solution proposes using a motor with a blade to cut grass, which is a known concept but shows some adaptation for the specific problem.""
    },
    ""Usefulness"": {
        ""score"": 6,
        ""reason"": ""The solution addresses the problem of cutting grass for animals, providing a practical improvement to the task.""
    },
    ""Feasibility"": {
        ""score"": 5,
        ""reason"": ""While using a motor and blade is technically feasible, the implementation details and safety considerations are not fully addressed.""
    },
    ""Scalability"": {
        ""score"": 5,
        ""reason"": ""The solution can be applied in various settings, but scaling may require additional design considerations for different environments.""
    },
    ""Sustainability"": {
        ""score"": 4,
        ""reason"": ""The motorized solution may require ongoing energy input and maintenance, impacting long-term sustainability.""
    },
    ""Image_contains_summary"": ""The image shows a student working on a prototype involving a motor and blade setup for cutting grass.""
}"
43321	"ఇంట్లో వాడేసిన వస్తువులు కాలుష్యాన్ని కలగజేస్తాయి 
 
 చలికాలంలో స్నానానికి వేడి నీరు అవసరం"	ముందుగా మేము ఒక చిన్న వైరు తీసుకున్నాము.గోడలకు రంగును వేసే బ్రష్ ను తీసుకొని దానిని కొంచెం కత్తిరించి వైరును దానిలో పెట్టాము. వైరులో ఉండే జీ వైరును తీసి రెండు భాగాలు చేశాము. ఆ రెండు భాగాలను ఇనుమును గుండ్రంగా చుట్టాము. ప్లాస్టర్ దానికి అతికించాము. ఆ తర్వాత వైరుకి ప్లగ్ ను పెట్టాము. ఒక మగ్గులో నీళ్లను పోసి మేము తయారు చేసిన వాటర్ హీటర్ ఆ నీళ్లలో పెట్టి స్విచ్ ఆన్ చేశాము. 20 నిమిషాల తర్వాత హీటర్ స్విచ్ ఆఫ్ చేశాము. నీళ్లు వేడిగా మారాయి. పొగలు కూడా ఎల్లాయి.మేము ఈ ప్రాజెక్టును ఇంట్లో పనికిరాని పదార్థాలతో తయారు చేశాము. మనం మార్కెట్లో డబ్బులు పెట్టుకొని అవసరం లేకుండా ఇలా పనికిరాని పదార్థాలతో ఇంట్లో తయారు చేసుకోవచ్చు.	https://drive.google.com/uc?export=download&id=1aGQAaU_-2rqqOcrdiC2Z0eijDeVFzaiU	"{
    ""Novelty"": {
        ""score"": 5,
        ""reason"": ""The use of repurposed materials for creating a water heater shows some originality, but the concept of electric water heating is well-established.""
    },
    ""Usefulness"": {
        ""score"": 6,
        ""reason"": ""The solution effectively addresses the need for hot water in winter, providing a practical benefit.""
    },
    ""Feasibility"": {
        ""score"": 7,
        ""reason"": ""The prototype demonstrates a workable design using common materials, though safety considerations should be addressed.""
    },
    ""Scalability"": {
        ""score"": 5,
        ""reason"": ""While the concept can be replicated, scaling it for wider use may require more robust safety and efficiency measures.""
    },
    ""Sustainability"": {
        ""score"": 6,
        ""reason"": ""Utilizing waste materials is environmentally friendly, but the long-term sustainability of the heating method needs further evaluation.""
    },
    ""Image_contains_summary"": ""The image shows a DIY water heater setup with a wire and a plug, indicating a homemade solution for heating water.""
}"
44236	దంతాల ఆరోగ్యం చెడిపోవడం	ఇ టుకపొడి ,పసుపు ,ఉప్పు,బొగ్గుపొడి తో పౌడర్ తయారు చేసుకొని వాడడం	https://drive.google.com/uc?export=download&id=1OXwOC_GyMsuGxYOb1kmR2zGAYeVxAeBM	"{
    ""Novelty"": {
        ""score"": 4,
        ""reason"": ""The solution proposes a traditional remedy using common ingredients, but lacks originality in approach.""
    },
    ""Usefulness"": {
        ""score"": 6,
        ""reason"": ""Addresses dental health with a natural powder, but effectiveness and application details are not specified.""
    },
    ""Feasibility"": {
        ""score"": 7,
        ""reason"": ""Ingredients are generally accessible and the preparation seems straightforward.""
    },
    ""Scalability"": {
        ""score"": 5,
        ""reason"": ""Can be shared within local communities, but broader adoption may require validation of effectiveness.""
    },
    ""Sustainability"": {
        ""score"": 6,
        ""reason"": ""Natural ingredients suggest low environmental impact, but long-term use and efficacy are not discussed.""
    },
    ""Image_contains_summary"": ""The image shows a student presenting a homemade dental health powder using various natural ingredients.""
}"
47368	ఈ మంట నుండి కొంత ఉష్ణం పరిసరాల్లోకి విడుదలగుట వలన బర్నర్ పరిసరాల్లోని గాలి వంటగదిలో గాలి వేడెక్కడాన్ని మనం గమనిస్తూ ఉంటాం దీనివలన మనం చేసే వంట ఆలస్యం అవ్వడమే గాక చాలా ఎల్పిజి వృధా అవుతుంది.	బర్నర్ చుట్టూ కాపర్ ఘట్టాన్ని ఒక కాయిల్ లాగా పాత్ర నుంచుటకు ఇబ్బంది లేకుండా అమర్చవలెను ఈ కాయిల్ రెండు వైపులా ఒక ఇన్సులేటర్ వాటర్ ట్యాంకు అమర్చ వలెను ఇన్సులేటర్ ట్యాంకును స్టవ్కు దగ్గరగా, మనం వంట వండి పాత్రకు తగలకుండా అమర్చ వలెను ఇన్సులేటర్ ట్యాంకుకు ఒక టాప్ ను బిగించి వేడి నీటిని అవసరమైన వంట, ఇతర పనులలో ఉపయోగించుకోవచ్చు	https://drive.google.com/uc?export=download&id=1e88pynyFJoTB55T4p_dDwBx0eRYdYTUE	"{
    ""Novelty"": {
        ""score"": 6,
        ""reason"": ""The idea of using a copper coil to capture heat from a burner is a practical adaptation, though similar concepts exist.""
    },
    ""Usefulness"": {
        ""score"": 7,
        ""reason"": ""The solution effectively addresses LPG waste by utilizing excess heat for practical purposes.""
    },
    ""Feasibility"": {
        ""score"": 7,
        ""reason"": ""The implementation of a copper coil and insulated water tank is technically feasible with common materials.""
    },
    ""Scalability"": {
        ""score"": 6,
        ""reason"": ""The design can be adapted for various cooking setups, but scalability may depend on individual kitchen configurations.""
    },
    ""Sustainability"": {
        ""score"": 8,
        ""reason"": ""The solution promotes efficient energy use and reduces waste, contributing positively to environmental sustainability.""
    },
    ""Image_contains_summary"": ""The image illustrates a cooking setup with a copper coil designed to capture heat from a burner, demonstrating the solution's concept.""
}"
48888	రాత్రి పూట కరెంటు పోయినప్పుడు పిల్లలు భయపడతారు పెద్దవారికి కూడా వస్తువులు కనిపించవు అందుకోసమే ఎమర్జెన్సీ లైట్ అవసరం అవుతుంది	ఇంట్లో పనికిరాని వస్తువులతో ఉపయోగించి మేము తయారు చేసిన ఎమర్జెన్సీ లైట్ చూసి మా ఉపాధ్యాయులు మరియు మా ఇంటి సభ్యులు ఫ్రెండ్స్ అందరూ చాలా సంతోషించారు ఈ ఎమర్జెన్సీ లైట్ అందరికీ ఉపయోగపడుతుంది	https://drive.google.com/uc?export=download&id=1r_o9iyJdiW-6EffUSEUW-8Vmy9AYQv0k	"{
    ""Novelty"": {
        ""score"": 5,
        ""reason"": ""The emergency light uses repurposed materials, showing some creativity, but similar concepts already exist.""
    },
    ""Usefulness"": {
        ""score"": 7,
        ""reason"": ""Addresses a common issue of power outages effectively by providing light during emergencies.""
    },
    ""Feasibility"": {
        ""score"": 6,
        ""reason"": ""The solution appears implementable with basic materials, though details on construction and power source are unclear.""
    },
    ""Scalability"": {
        ""score"": 5,
        ""reason"": ""Can be made for individual use, but scaling for broader distribution may require additional resources.""
    },
    ""Sustainability"": {
        ""score"": 6,
        ""reason"": ""Using unused materials is environmentally friendly, but long-term durability and maintenance are not addressed.""
    },
    ""Image_contains_summary"": ""The image shows a student presenting an emergency light made from repurposed materials.""
}"
49180	రోడ్డు క్రాసింగ్, రోడ్డు రైలు క్రాసింగ్, వద్ద నిర్మించే భూస్వరంగాల వద్ద వర్షాకాలంలో నీ మీరు నిల్వ ఉండడం ప్రధాన సమస్య	"1. భూస్వరంగాల వద్ద, సారంగపు సమీపంలో అంతర్గత పైపులైందు నిర్మించి వీటిని పంపినట్లయితే మీరు అప్పటికప్పుడే తొలగిపోవును 
 2. నీరు ప్రమాదకర స్థాయికి చేరగానే స్వయం చలిత మోటార్ వ్యవస్థను ఏర్పాటు చేసి నీటిని తోడటానికి ఏర్పాటు చేయాలి. 
 ఈ విధంగా ట్రాఫిక్ నియంత్రణ చేయవచ్చుమరియు వాహనదారులను కచ్చితంగా ప్రయాణించినట్లుగా ఏర్పాటు చేయవచ్చు."	https://drive.google.com/uc?export=download&id=1DbFlvkd9-JUt5DHWz5pDNLKfrvZ8pQlR	"{
    ""Novelty"": {
        ""score"": 5,
        ""reason"": ""The solution proposes a common approach of using drainage systems to manage water accumulation, but the specific design of an underpass tunnel adds some originality.""
    },
    ""Usefulness"": {
        ""score"": 7,
        ""reason"": ""The solution effectively addresses the problem of water accumulation at road crossings, improving safety for vehicles and pedestrians.""
    },
    ""Feasibility"": {
        ""score"": 6,
        ""reason"": ""The implementation of a drainage and motor system is practical, but the specifics of construction and maintenance need further detail.""
    },
    ""Scalability"": {
        ""score"": 6,
        ""reason"": ""The design can be adapted to various locations, but scalability depends on local infrastructure and resources.""
    },
    ""Sustainability"": {
        ""score"": 7,
        ""reason"": ""The solution supports long-term water management, but ongoing maintenance and energy for the motor system must be considered.""
    },
    ""Image_contains_summary"": ""The image depicts a conceptual design of a safe underpass tunnel intended to manage water flow at road crossings.""
}"
65354	వరదల సమయంలో ఈ వస్తువును తక్కువ ఖర్చు తో తయారు చేసుకోవచ్చును.	వరదలపుడు ఈ టూల్ ను ఉపయోగించి ప్రాణాలను కాపాడుకోవచ్చు.దీనిని ఉపయోగించి వరద ప్రవాహంలో దీనిపై కూర్చుని ఒడ్డుకు చేరి.ప్రాణాలు కాపాడుకోవచ్చు.	https://drive.google.com/uc?export=download&id=1pY9G0lV0rRPuILHAzBaQiUFOWYbfN4aP	"{
    ""Novelty"": {
        ""score"": 5,
        ""reason"": ""The concept of using a tool for safety during floods shows some originality, but similar ideas exist.""
    },
    ""Usefulness"": {
        ""score"": 6,
        ""reason"": ""The tool aims to save lives during floods, providing a practical solution to a serious problem.""
    },
    ""Feasibility"": {
        ""score"": 7,
        ""reason"": ""Creating a low-cost tool for flood safety is realistic, especially with available materials.""
    },
    ""Scalability"": {
        ""score"": 5,
        ""reason"": ""While it can be used in various flood-prone areas, scaling requires awareness and distribution efforts.""
    },
    ""Sustainability"": {
        ""score"": 6,
        ""reason"": ""The tool can be made from readily available materials, but its long-term use depends on maintenance and community education.""
    },
    ""Image_contains_summary"": ""The image shows students presenting a flood safety tool made from plastic bottles, indicating a community-focused innovation.""
}"
17191	ಗೃಹತಜ್ಯವನ್ನು ಬೀದಿಗೆ ಎಸೆಯುವುದರಿಂದ ಸೊಳ್ಳೆಗಳ ಕಾಟ ಹಂದಿಗಳ ಕಾಟ ವಾಸನೆ ಇವುಗಳಿಂದ ಮನೆಯ ಸುತ್ತಮುತ್ತಲು ತೊಂದರೆಯಾಗುತ್ತಿದೆ ಬೀದಿಯ ಜನರಿಗೆ ಸಹ ತೊಂದರೆಯಾಗುತ್ತದೆ ರೋಗರುಜಿನಿಗಳು ಜನರಿಗೆ ಹರಡುತ್ತಿವೆ ಇವುಗಳನ್ನು ತಡೆಯಬೇಕಾಗಿದೆ	"1 ಎಚ್ಚರಹಿತ ಪರಿಸರಸ್ನೇಹಿ ಮಾದರಿಯಾಗಿದೆ 
 1 ಬೃಹ ತ್ಯಾಜ್ಯದಿಂದ ಸಾವಯವ ಗೊಬ್ಬರ ತಯಾರಿಸಲಾಗುವುದು 
 3 ಈ ಗೊಬ್ಬರವನ್ನು ಮಾರಾಟ ಮಾಡಿ ಹಣ ಗಳಿಸಬಹುದು 
 4 ಈ ಮಾದರಿ ನಗರವಾಸಿಗಳಿಗೆ ಸೂಕ್ತವಾಗಿದೆ 
 5 ಇಲಿ ಹೆಗ್ಗಣ ಸೊಳ್ಳೆ ಹಂದಿಗಳಿಂದ ಮುಕ್ತವಾಗುವುದು 
 6 ವಾಸನೆಯ ಕಾಟದಿಂದ ಮುಕ್ತವಾಗಬಹುದು"	https://drive.google.com/uc?export=download&id=1C_gslnJlyvFTl9GiT7ojZXJi0XmDHrfd	"{
    ""Novelty"": {
        ""score"": 6,
        ""reason"": ""The solution presents a practical approach to waste management by converting organic waste into fertilizer, which is a known concept but adapted for local urban needs.""
    },
    ""Usefulness"": {
        ""score"": 7,
        ""reason"": ""The solution effectively addresses multiple issues like waste management and pest control, providing tangible benefits to urban residents.""
    },
    ""Feasibility"": {
        ""score"": 7,
        ""reason"": ""The implementation of a composting system using organic waste is realistic and achievable within urban settings.""
    },
    ""Scalability"": {
        ""score"": 6,
        ""reason"": ""The model can be applied in various urban environments, but scaling may require community engagement and consistent waste supply.""
    },
    ""Sustainability"": {
        ""score"": 8,
        ""reason"": ""The solution promotes sustainable practices by recycling waste into fertilizer, reducing environmental impact and enhancing soil health.""
    },
    ""Image_contains_summary"": ""The image shows students presenting their project on converting organic waste into fertilizer, highlighting community engagement in waste management.""
}"
17734	ಕಸದ ಸಂಗ್ರಹಣೆ ಮತ್ತು ಸೂಕ್ತ ವಿಲೇವಾರಿ	"ಈ ಮಾದರಿಯ ಉಪಯೋಗಗಳು 
 1. ಕಸದ ತೊಟ್ಟಿಯು ತುಂಬಿ ತುಳುಕುವುದಿಲ್ಲ 
 2. ಸಾರ್ವಜನಿಕರ ನೈರ್ಮಲ್ಯವನ್ನು ಕಾಪಾಡುತ್ತದೆ.
 3. ಕಸದ ಸುರಕ್ಷಿತ ಸಂಗ್ರಹಣೆ.
 
 ಈ ಮಾದರಿ ಹತ್ತಿರ ಕಸವನ್ನು ತಂದಾಗ ಮುಚ್ಚಳವು ಸ್ವಯಂಚಾಲಿತವಾಗಿ 
 ತೆರೆಯುತ್ತದೆ."	https://drive.google.com/uc?export=download&id=1h_kbztmsxfsCEcHKmIh2uD1XwsBz6-ZC	"{
    ""Novelty"": {
        ""score"": 5,
        ""reason"": ""The solution presents a smart garbage collector concept, which shows some originality but is based on existing automated waste management ideas.""
    },
    ""Usefulness"": {
        ""score"": 7,
        ""reason"": ""The solution effectively addresses waste management by ensuring safe collection and public cleanliness.""
    },
    ""Feasibility"": {
        ""score"": 6,
        ""reason"": ""The implementation of an automated opening mechanism is feasible but requires detailed technical specifications for execution.""
    },
    ""Scalability"": {
        ""score"": 6,
        ""reason"": ""The design can be adapted for larger waste collection systems, but scalability depends on resource availability and infrastructure.""
    },
    ""Sustainability"": {
        ""score"": 7,
        ""reason"": ""The solution promotes environmental cleanliness, but long-term sustainability will depend on maintenance and operational efficiency.""
    },
    ""Image_contains_summary"": ""The image shows students presenting a smart garbage collector prototype, indicating an innovative approach to waste management.""
}"
25907	ಗ್ಯಾಸ್ ಸಿಲಿಂಡರ್ ಬಳಸುವಾಗ ಗ್ಯಾಸ್ ಸಿಲಿಂಡರನಲ್ಲಿ ಖಾಲಿ ಆಗುವ ಅನಿಲದ ಪ್ರಮಾಣ ಗೊತ್ತಾಗುವುದಿಲ್ಲ ಹಾಗೂ ಅ ಅನಿಲಸೋರಿಕೆಯಾಗುವುದು ತಿಳಿಯದಿರುವುದು	"ಈ ಉತ್ಪನ್ನವು ಿಲಿಂಡರ್‌ನಲ್ಲಿ ಖಾಲಿಯಾಗುವ ಅನಿಲದ ಪ್ರಮಾಣ ಹಾಗೂ ಸೋರಿಕೆಯನ್ನು ಸುಲಭವಾಗಿ ಅರಿಯುವಂತೆ ತಯಾರಿಸಲಾಗಿದೆ
 ಉತ್ಪನ್ನದ ಕಾರ್ಯವಿಧಾನ
 ಲೋಡ್ ಮೌಂಟ್ ಮೇಲೆಸಿಲಿಂಡರಿಟ್ಟಾಗ ಅದರ ಕೆಳಗಿರುವ ಲೊಡ್ ಸೇಲ್ ಒತ್ತಡವನ್ನು HX711amplifier ಗೆ ಕಳುಹಿಸುತ್ತದೆಅಲ್ಲಿಂದ aurdino nano ಗೆ ಕಳುಹಿಸಿದರೆ ಅದು ವಿದ್ಯುತ್ ಸಂಕೇತಗಳಾಗಿ ಪರಿವರ್ತನೆಗೊಂಡು ಎಲ್ಸಿಡಿ ಡಿಸ್ಪ್ ಗೆ ರವಾನಿಸಿದಾಗ ಆ ಪರದೆಯ ಮೇಲೆ ಸಿಲಿಂಡರ್ ನಲ್ಲಿರುವ ಅನಿಲದ ಪ್ರಮಾಣವನ್ನುಶೇಕಡವಾರು ರೂಪದಲ್ಲಿ ತೋರಿಸುತ್ತದೆ ಹಾಗೂಏನಾದರೂ ಸಿಲಿಂಡರ್ ಹಾಗೂಸ್ಟೌನಿಂದ ಅನಿಲ ಸೋರಿಕೆ ಆದರೆ ಸುಲಭವಾಗಿ ಅರಿಯುವಂತೆಈ ಉಪಕರಣದಲ್ಲಿ ಅಳವಡಿಸಿರುವ ಗ್ಯಾಸ್ ಸೆನ್ಸರ್ ಆ ಅನಿಲವನ್ನು ಹೀರಿಕೊಂಡು ತಕ್ಷಣವೇ ಬಜಾರ್ ನಲ್ಲಿ ಶಬ್ದವನ್ನು ಉಂಟು ಮಾಡಿ ಎಲ್ಇಡಿ ವಿದ್ಯುತ್ ದೀಪ ಬೆಳಗುತ್ತದೆ ಇದರಿಂದ ಅನಿಲ ಸೋರಿಕೆಯಾಗಿದೆ ಎಂದು ಸುಲಭವಾಗಿ ತಿಳಿಯಲು ಸಾಧ್ಯವಾಗುತ್ತದೆ ಇದರಿಂದ ಆಗುವ ಅವಘಡವನ್ನು ತಪ್ಪಿಸಲು ಸಹಾಯಕವಾಗಿದೆ"	https://drive.google.com/uc?export=download&id=1rLitESc6hfNeVAC3SI8a5oRYFQ9uje6b	"{
    ""Novelty"": {
        ""score"": 6,
        ""reason"": ""The solution introduces a sensor-based approach to monitor gas levels and detect leaks, which shows some originality in its application.""
    },
    ""Usefulness"": {
        ""score"": 8,
        ""reason"": ""Effectively addresses safety concerns by providing real-time monitoring of gas levels and leak detection.""
    },
    ""Feasibility"": {
        ""score"": 7,
        ""reason"": ""The implementation of sensors and Arduino is practical and achievable with available resources.""
    },
    ""Scalability"": {
        ""score"": 6,
        ""reason"": ""The system can be adapted for various gas cylinders but may require adjustments for different environments.""
    },
    ""Sustainability"": {
        ""score"": 7,
        ""reason"": ""The solution promotes safety and can be maintained over time with regular checks on the sensors and system.""
    },
    ""Image_contains_summary"": ""The image shows a prototype of a gas monitoring system using sensors and an Arduino setup.""
}"
28490	ಮಳೆಗಾಲ ಸಮಯದಲ್ಲಿ ರೈತರು ತಮ್ಮ ರಾಶಿಯ ಧಾನ್ಯಗಳನ್ನು ಗೋಣಿ ಚೀಲದಲ್ಲಿ ತುಂಬಲು ಆಳುಗಳ ಕೊರತೆಯಿಂದ ಕಷ್ಟಕರವಾಗುತ್ತಿತ್ತು	"1 take old iron plate
 2 cut iron plates in rectangle shape and weld. As a base
 3 weld another rectangle iron plates perpendicular to base iron plate
 4 world the iron play rods to the horizontal iron plate 
 5 make iron rectangle box it is used for crane piling 
 6 weld the hooks to the whole the bag
 7 XD wheels to the model to moving purpose"	https://drive.google.com/uc?export=download&id=1sTeD4QT-rPEaigk0q9mbnev81QMbjbtf	"{
    ""Novelty"": {
        ""score"": 5,
        ""reason"": ""The design of a crane-like device for handling grain bags shows some originality, but the concept of using iron plates and wheels is not new.""
    },
    ""Usefulness"": {
        ""score"": 6,
        ""reason"": ""The solution addresses the problem of handling grain bags during the rainy season, providing a practical tool for farmers.""
    },
    ""Feasibility"": {
        ""score"": 7,
        ""reason"": ""The construction of the device using available materials is realistic, although details on execution and durability are limited.""
    },
    ""Scalability"": {
        ""score"": 6,
        ""reason"": ""The device can be used by multiple farmers, but scaling would depend on the availability of materials and manufacturing capabilities.""
    },
    ""Sustainability"": {
        ""score"": 5,
        ""reason"": ""While the device can be reused, its long-term sustainability depends on the durability of the materials used and maintenance.""
    },
    ""Image_contains_summary"": ""The image shows two students presenting their project, which appears to be a wheeled device designed for handling grain bags.""
}"
30301	ಪ್ರಕೃತಿ ವಿಕೋಪದ ಸಂದರ್ಭದಲ್ಲಿ ತನ್ನನ್ನು ರಕ್ಷಿಸಿಕೊಳ್ಳುವ ಒಂದು ದಾರಿಯಾಗಿದೆ ತೇಲುವ ಮನೆ. ಇದು ಆಧುನಿಕ ತಂತ್ರಜ್ಞಾನವನ್ನು ಬಳಸಿ ನಿರ್ಮಿಸಲಾಗುವ ವಾಸಸ್ಥಳವಾಗಿದೆ.	"ನಿರ್ಮಾಣ ರೀತಿ
 ತೇಲುವ ಮನೆಯು ಪಂಚಾಂಗ ರಹಿತವಾಗಿರುತ್ತದೆ. ಸಾಮರ್ಥ್ಯವಿರುವ ವಸ್ತುವಿನಿಂದ ನಿರ್ಮಿಸಲಾಗುತ್ತದೆ.
 ವಿಧಗಳು 
 1ತಾತ್ಕಾಲಿಕ ತೇಲುವ ಮನೆ
 2 ಶಾಶ್ವತ ತೇಲುವ ಮನೆ
 ಪ್ರಯೋಜನಗಳು
 1ವೇಗದ ನಿರ್ಮಾಣ 
 2 ಅರಣ್ಯ ನಾಶ ಕಡಿತ 
 3 ಭೂಕಂಪನ ಪ್ರತಿರೋಧ 
 4 ಪರಿಸರ ವ್ಯವಸ್ಥೆಯಲ್ಲಿ ಸಹಕಾರಿ
 5ಸುಲಭ ಸಾರಿಗೆ
 6ಆಕರ್ಷಕ
 7ಕಡಿಮೆ ಖರ್ಚು
 ದುಷ್ಪರಿಣಾಮಗಳು
 1ಹೆಚ್ಚಿನ ನಿರ್ವಹಣೆ ಅಗತ್ಯ
 2 ಹೆಚ್ಚಿನ ಅಪಾಯದಲ್ಲಿ ಜಲಮಾಲಿನ್
 3 ನುರಿತ ಕಾರ್ಮಿಕರ ಅವಶ್ಯಕತೆ
 4 ಹವಾಮಾನ ಬದಲಾವಣೆ 
 5 ಕಡಿಮೆ ಜೀವಿತಾವಧಿ
 
 ಒಟ್ಟಿನಲ್ಲಿ ತೇಲುವ ಕಟ್ಟಡಕ್ಕೆ ಹೆಚ್ಚಿನ ವೈವಿಧ್ಯಮಯ ಕಚ್ಚಾ ಸಾಮಗ್ರಿಗಳು ಮತ್ತು ಸುಧಾರಿತ ನಿರ್ಮಾಣ ತಂತ್ರಗಳ ಅಗತ್ಯವಿರುತ್ತದೆ, ಹೆಚ್ಚಿನ ತಂತ್ರಜ್ಞಾನದ ಯಂತ್ರೋಪಕರಣಗಳ ಅಗತ್ಯವಿರುತ್ತದೆ, ಅದು ದುಬಾರಿಯಾಗಿದೆ. ಇದಕ್ಕೆ ನುರಿತ ಕಾರ್ಮಿಕರ ಅಗತ್ಯವಿರುತ್ತದೆ, ಇದು ಹೆಚ್ಚು ದುಬಾರಿಯಾಗಿದೆ ಮತ್ತು ಇಡೀ ವ್ಯವಸ್ಥೆಯು ಸಮಾಜಕ್ಕೆ ಹೊಸದಾಗಿರುವ ಕಾರಣ, ಹೆಚ್ಚಿನ ಬೇಡಿಕೆ ಇರಬಹುದು."	https://drive.google.com/uc?export=download&id=1h9qAUAxrS2csXC2Jd51JD8iVWN9nOUgp	"{
    ""Novelty"": {
        ""score"": 5,
        ""reason"": ""The concept of floating houses is a known adaptation for disaster resilience, but the project presents a unique approach with modern technology.""
    },
    ""Usefulness"": {
        ""score"": 7,
        ""reason"": ""The solution addresses the need for safe housing during natural disasters, offering practical benefits in terms of speed and environmental impact.""
    },
    ""Feasibility"": {
        ""score"": 6,
        ""reason"": ""While the idea is implementable, it requires advanced materials and skilled labor, which may pose challenges in execution.""
    },
    ""Scalability"": {
        ""score"": 5,
        ""reason"": ""The concept can be adapted to various environments, but its reliance on specialized materials and labor may limit widespread adoption.""
    },
    ""Sustainability"": {
        ""score"": 6,
        ""reason"": ""The project promotes environmental benefits but requires careful management of resources and maintenance to ensure long-term viability.""
    },
    ""Image_contains_summary"": ""This image captures students presenting a model of a floating house designed for disaster resilience, showcasing their innovative approach to modern housing solutions.""
}"
36500	ಗ್ರಾಮೀಣ ಪ್ರದೇಶದಲ್ಲಿ ಕೃಷಿ ಆಧಾರಿತ ಬೇಸಾಯ ನಮ್ಮದಾಗಿದ್ದು ಇಲ್ಲಿ ಬಹುತೇಕ ಬೋರೆಲ್ ಗಳನ್ನು ಕೊರೆದಿದ್ದೇವೆ ಬೋರ್ವೆಲ್ ಮೋಟಾರ್ ಕೆಟ್ಟಾಗ ಅದನ್ನು ಹೊರ ತೆಗೆಯಲು ಮೊದಲು ಜನರನ್ನ ಅವಲಂಬಿಸಿದ್ದಿವಿ ಇದು ಜನರಿಗೆ ಹೊರೆಯಾಗುತ್ತಿತ್ತು ನಂತರ ವಿದ್ಯುತ್ ಆಧಾರಿತ ಯಾಂತ್ರಿಕ ಮಷೀನ್ ತಯಾರಿಸಿದ್ದೀವಿ. ಇದು ಕರೆಂಟ್ ಇಲ್ಲದೆ ಇರುವಾಗ ಕಾರ್ಯನಿರ್ವಹಿಸುತ್ತಿರಲಿಲ್ಲ ಆದ್ದರಿಂದ ನಾವು ಸೈಕಲ್ ಮೋಟಾರ್ ಇಂಜಿನ್ ಆಧಾರಿತ ಬೋರ್ ಮೋಟಾರ್ ಮೇಲೆ ಕೆತ್ತುವ ಸಾಧನವನ್ನು ತಯಾರಿಸಿದ್ದೇವೆ ಇದಕ್ಕೆ ಯಾವುದೇ ವಿದ್ಯುತ್ತಿನ ಅವಶ್ಯಕತೆ ಇಲ್ಲ ನಮಗೆ ಯಾವಾಗ ಬೇಕಾದಾಗ ಮೋಟಾರ್ ಇಂಜಿನ್ ಸ್ಟಾರ್ಟ್ ಮಾಡಿ ಬೋರ್ ಮೋಟಾರ್ ಮೇಲೆ ಎತ್ತಬಹುದು	ಸಾಮಾನ್ಯವಾಗಿ ಕೃಷಿಗೆ ನೀರಾವರಿ ಅತಿ ಅವಶ್ಯಕವಾಗಿದೆ ಆದರೆ ನೀರಾವರಿಯಲ್ಲಿ ಬೋರ್ವೆಲ್ನಿಂದ ನೀರನ್ನು ಮೇಲೆ ಕೆತ್ತುವುದು ಅನಿವಾರ್ಯವಾಗಿದೆ ಇಂಥ ಸಂದರ್ಭದಲ್ಲಿ ನಾವು ಬರವಣಿಗೆ ವಿದ್ಯುತ್ ಮೋಟಾರನ್ನು ಅಳವಡಿಸಬೇಕಾಗುತ್ತದೆ ಆ ವಿದ್ಯುತ್ ಮೋಟಾರ್ ಕೆಟ್ಟಾಗ ಅದನ್ನು ಹೊರ ತೆಗೆಯಬೇಕಾಗುತ್ತದೆ ಹೊರ ತೆಗೆಯಲು ಅನೇಕ ಸಾಧನಗಳಿದ್ದರೂ ಅದು ನಿರ್ದಿಷ್ಟ ಸಮಯಕ್ಕೆ ಮಾತ್ರ ಬಳಸಬಹುದಾಗಿದೆ ಆದ್ದರಿಂದ ನಾವು ತಯಾರಿಸಿದ ಈ ಒಂದು ಸಾಧನ ಒಂದು ಚಿಕ್ಕ ಮೋಟರ್ ಸೈಕಲ್ ನ ಇಂಜಿನ ವಾಗಿದ್ದು ಇದನ್ನು ಮೂರು ಕಬ್ಬಿಣದ ಕಂಬಗಳನ್ನು ನಿಲ್ಲುವ ಹಾಗೆ ಮಾಡಿ ಅದಕ್ಕೆ ಜೋಡಿಸಲಾಗಿದೆ ಸೈಕಲ್ ಮೋಟಾರ್ ನ ಇಂಜಿನ್ ಸ್ಟಾರ್ಟ್ ಮಾಡಿದಾಗ ಬೆಲ್ಟ್ ನ ಸಹಾಯದಿಂದ ನಾವು ಮೊಟರನ್ನು ಮೇಲಕ್ಕೆ ಎತ್ತಬಹುದು ಮತ್ತು ಅತಿ ಕಡಿಮೆ ಇಂಧನದಲ್ಲಿ ನಾವು ಮೋಟಾರನ್ನ ಮೇಲೆ ಕೆತ್ತಬಹುದು ಮತ್ತು ಯಾವುದೇ ಸಮಯದಲ್ಲಿ ಮೇಲೆ ಕೆತ್ತಬಹುದು ಇದಕ್ಕೆ ವಿದ್ಯುತ್ ಅಥವಾ ಜಾಸ್ತಿ ಜನರ ಅವಶ್ಯಕತೆ ಇರುವುದಿಲ್ಲ ಆದ್ದರಿಂದ ಇದು ಸಮಾಜಕ್ಕೆ ಅತ್ಯಂತ ಉತ್ತಮ ಸಾಧನವಾಗಿದೆ	https://drive.google.com/uc?export=download&id=1tNVufMMHhTGCH7vC8Pv_JX0YLJV-zOX9	"{
    ""Novelty"": {
        ""score"": 6,
        ""reason"": ""The solution presents a bicycle engine-based lifting device, which is a practical adaptation of existing technology for agricultural use.""
    },
    ""Usefulness"": {
        ""score"": 8,
        ""reason"": ""Addresses a significant need for irrigation by providing a reliable method to lift water without electricity.""
    },
    ""Feasibility"": {
        ""score"": 7,
        ""reason"": ""The design is implementable using readily available materials, though practical testing is necessary to ensure reliability.""
    },
    ""Scalability"": {
        ""score"": 6,
        ""reason"": ""Can be adapted for various agricultural settings, but scaling may depend on local resources and acceptance.""
    },
    ""Sustainability"": {
        ""score"": 7,
        ""reason"": ""Utilizes minimal fuel and reduces reliance on electrical systems, promoting sustainable agricultural practices.""
    },
    ""Image_contains_summary"": ""The image shows a group of individuals operating a bicycle engine-based lifting device for agricultural purposes, demonstrating its practical application.""
}"
36574	ಡ್ರೈವರ್ ನ ನಿರ್ಲಕ್ಷಕ್ಕೆ ಒಳಗಾಗಿ ಅಪಘಾತಗಳು ಸಂಭವಿಸುತ್ತಿದ್ದವು.	ಈ ಸಾಧನವನ್ನು ತಯಾರಿಸಲು ರೇನ್ ಡ್ರಾಪ್ ಸೆನ್ಸಾರ್ ಮತ್ತು ಸರ್ವ ಮೋಟಾರ್ ಆರ್ಡಿನೋ ಬೋರ್ಡ್ ಹಾಗೂ ಬ್ರೆಡ್ ಬೋರ್ಡ್ ಬಳಸಿಕೊಂಡು ನಾವು ಸ್ವಯಂ ಚಾಲಿತ ವೈಪರನ್ನು ನಿರ್ಮಿಸಿದ್ದೇವೆ. ಇದು ಯಾವುದೇ ಸಮಯದಲ್ಲಿ ಮಳೆ ಅಥವಾ ಮಂಜು ಬಂದಾಗ ಯಾವುದೇ ರೀತಿಯ ನಿರ್ವಹಣೆಯ ಅವಶ್ಯಕತೆ ಇಲ್ಲದೆ ಸ್ವಯಂ ಚಾಲಿತವಾಗಿ ಕಾರ್ಯವನ್ನು ಪ್ರಾರಂಭಿಸುತ್ತದೆ ಹಾಗೂ ಮಂಜು ಮತ್ತು ಮಳೆ ನಿಂತಾಗ ಕಾರ್ಯವನ್ನು ಸ್ಥಗಿತಗೊಳಿಸುತ್ತದೆ.	https://drive.google.com/uc?export=download&id=1uGxzf0rj2-IKLRx6ONSk8_Ontb3EJ4cR	"{
    ""Novelty"": {
        ""score"": 5,
        ""reason"": ""The concept of an automatic wiper system using a rain drop sensor is known but demonstrates some student adaptation.""
    },
    ""Usefulness"": {
        ""score"": 7,
        ""reason"": ""Effectively addresses the problem of driver negligence during rain by automating wiper operation.""
    },
    ""Feasibility"": {
        ""score"": 6,
        ""reason"": ""The use of Arduino and sensors is practical, but the implementation details and durability in real-world conditions are not fully explained.""
    },
    ""Scalability"": {
        ""score"": 6,
        ""reason"": ""The solution can be adapted for various vehicles, but requires further development for broader application.""
    },
    ""Sustainability"": {
        ""score"": 7,
        ""reason"": ""The system can operate effectively with minimal maintenance, assuming reliable sensor performance.""
    },
    ""Image_contains_summary"": ""The image shows a prototype of an automatic wiper system built with an Arduino board and sensors.""
}"
38690	ವಯಸ್ಸಾದ ದುರ್ಬಲ ಅಥವಾ ಅಂಗವಿಕಲ ರಿಗೆ ಅಥವಾ ಹೆಚ್ಚು ಸಮಯ ಹೊರಗೆ ಕೆಲಸ ಮಾಡುವವರಿಗೆ ಮನೆ ಸ್ವಚ್ಛಗೊಳಿಸಲು ಸಮಯ ಇರುವುದಿಲ್ಲ	"ಕಸ ಇರುವ ಪ್ರದೇಶಕ್ಕೆ ವ್ಯಾಕ್ಯೂಂ ಕ್ಲೀನರ್ ಪೈಪನ್ನು
 ಅಳವಡಿಸಿದಾಗ ಕಸವನ್ನು ಒಳಗಡೆ ಎಳೆದುಕೊಳ್ಳುತ್ತದೆ."	https://drive.google.com/uc?export=download&id=1bNCJgV8VrEfI1CZZx8_mnCuEIOj89GRg	"{
    ""Novelty"": {
        ""score"": 5,
        ""reason"": ""The concept of a vacuum cleaner adapted for cleaning waste areas shows some originality, but similar devices already exist.""
    },
    ""Usefulness"": {
        ""score"": 7,
        ""reason"": ""Effectively addresses the problem of cleaning for elderly or disabled individuals by simplifying the task.""
    },
    ""Feasibility"": {
        ""score"": 6,
        ""reason"": ""The design appears practical, but details on power source and suction capability are unclear.""
    },
    ""Scalability"": {
        ""score"": 5,
        ""reason"": ""While it can be used in various settings, scaling may require additional design considerations for different environments.""
    },
    ""Sustainability"": {
        ""score"": 6,
        ""reason"": ""If designed with durable materials, it can be sustainable, but the environmental impact of components needs evaluation.""
    },
    ""Image_contains_summary"": ""The image shows a prototype of a vacuum cleaner being assembled, indicating a hands-on approach to the solution.""
}"
40862	ನಮ್ಮ ಸುತ್ತ ಮುತ್ತ ಹಲವಾರು ಜನರು ಭಾರವಾದ ವಸ್ತುಗಳನ್ನು ಹೊತ್ತುಕೊಂಡು ಹೋಗುವುದನ್ನು ನಾವು ನೋಡಿದಾಗ ಅದಕ್ಕೆ ಸರಳ ಉಪಾಯ ಕಂಡು ಹಿಡಿಯಬೇಕೆಂದು ಅನಿಸಿತು ಅದರ ಫಲವೇ ಜಗ್ಗುವ ಗಾಡಿ	ದಿನನಿತ್ಯ ನಮ್ಮ ಶಾಲೆಯಲ್ಲಿ ಮಧ್ಯಾಹ್ನದ ಬಿಸಿ ಊಟ ಮತ್ತು ಬಾಳಿಯನ್ನು ನೀಡುವಾಗ ನಮ್ಮ ಶಾಲೆಯಲ್ಲಿ ಇರತಕ್ಕಂತಹ ವ್ಯಕ್ತಿಗಳು ಅವುಗಳ ಎತ್ತುವುದನ್ನೇ ನೋಡಿದ್ದೇವೆ ಅದೇ ರೀತಿ ಹೊಲಗಳಲ್ಲಿ ಬಹಳಷ್ಟು ಜನರು ವ್ಯವಸಾಯದ ವಸ್ತುಗಳನ್ನು ತರುವುದನ್ನು ನೋಡಿದ್ದೇವೆ ಇದರಿಂದ ನಾವು ಚಿಕ್ಕ ಗಾಡಿಯನ್ನು ತಯಾರಿಸಿ ಅದರ ಮೇಲೆ ಯಾವ ಬೇಕಾದ ವಸ್ತುಗಳನ್ನು ಒಂದು ಸ್ಥಳದಿಂದ ಇನ್ನೊಂದು ಸ್ಥಳಕ್ಕೆ ತೆಗೆದುಕೊಂಡು ಈಸಿಯಾಗಿ ಹೋಗಬಹುದು	https://drive.google.com/uc?export=download&id=1J-W76j7gAXaLN_LoGDWW1sdUo9l1iYSU	"{
    ""Novelty"": {
        ""score"": 5,
        ""reason"": ""The idea of a small cart for transporting goods is a practical adaptation of existing concepts but lacks unique innovation.""
    },
    ""Usefulness"": {
        ""score"": 7,
        ""reason"": ""The cart effectively addresses the need for easier transportation of heavy items in daily school and agricultural activities.""
    },
    ""Feasibility"": {
        ""score"": 8,
        ""reason"": ""The design appears simple and achievable with accessible materials, making it realistic for implementation.""
    },
    ""Scalability"": {
        ""score"": 6,
        ""reason"": ""While the cart can be used in various settings, its scalability depends on the availability of materials and local needs.""
    },
    ""Sustainability"": {
        ""score"": 7,
        ""reason"": ""The use of durable materials can support long-term use, but maintenance and resource availability will impact sustainability.""
    },
    ""Image_contains_summary"": ""The image shows students using a small cart to transport goods, demonstrating the practical application of their solution.""
}"
41019	ಸರ್ಕಾರಕ್ಕೆ ಆರ್ಥಿಕ ಹೊರೆ ಗೇಟ್ ಮನ್ ಗಳ ಅಜಾಗರುಕತೆಯಿಂದ ವಾಹನಗಳ ಅಪಘಾತ ಉಂಟಾಗುತ್ತಿದ್ದವು ಹಗಲು ರಾತ್ರಿ ಎಲ್ಲ ಸಮಯದಲ್ಲೂ ಕಾರ್ಯನಿರ್ವಹಣೆ	"ಸ್ವಯಂ ಚಾಲಿತ ರೈಲ್ವೆ ಗೇಟ್ ಅನ್ನು ತಯಾರಿಸಲು ಬಳಸಿದ ಉಪಕರಣಗಳು I R ಸೆನ್ಸರ್ ಸರ್ವೋಮೋಟರ್ ಆರ್ಡಿನೋ ಬೋರ್ಡ್ ಬಜರ್ ಮುಂತಾದವುಗಳು
  ಸ್ವಯಂ ಚಾಲಿತ ರೈಲ್ವೆ ಗೇಟ್ ಇದು ಸ್ವಯಂ ಚಾಲಿತವಾಗಿ ಗೇಟ್ ಹಾಕುವುದು ಮತ್ತು ಹೇಗೆಂದರೆ ನಾವು ರೈಲ್ವೆ ಗೇಟ್ನಿಂದ ಸ್ವಲ್ಪ ದೂರದಲ್ಲಿ ಅಳವಡಿಸಿದ್ದೇವೆ ಅದು ಅಲ್ಲಿ ರೈಲು ಬಂದ ತಕ್ಷಣ ಸೆನ್ಸರ್ ಸೆನ್ಸ್ ಮಾಡಿ ಅದು ರೈಲ್ವೆ ಗೇಟ್ ಹಾಕುವಂತೆ ಮಾಡುತ್ತದೆ ನಂತರ ರೈಲು ಸಂಪೂರ್ಣವಾಗಿ ದಾಟಿದ ನಂತರ ಅದರ ನಂತರದಲ್ಲಿ ಅಳವಡಿಸಿದ್ದ ಸೆನ್ಸರ್ ಸೆನ್ಸ್ ಮಾಡಿ ರೈಲ್ವೆ ಗೇಟ್ ತೆಗೆಯುವಂತೆ ಮಾಡುತ್ತದೆ ಇದರಿಂದ ಗೇಟ್ ಮನ್ಗಳ ಅವಶ್ಯಕತೆ ಇರುವುದಿಲ್ಲ ಮತ್ತು ಇದು ಹಗಲು-ರಾತ್ರಿ ಎರಡು ಸಮಯದಲ್ಲಿ ಕಾರ್ಯನಿರ್ವಹಿಸುವುದರಿಂದ ರಾತ್ರಿ ವೇಳೆಯಲ್ಲಿ ಗೆಟ್ ಮನ್ ಗಳು ನಿದ್ದೆಗೆ ಜಾರುವ ಸಂದರ್ಭವಿತ್ತು ಆದರೆ ಇದು ಎಲ್ಲ ಸಮಯದಲ್ಲೂ ಕಾರ್ಯನಿರ್ವಹಿಸುತ್ತದೆ
  ಈ ಮಾದರಿಯನ್ನು ನಾವು ಪಾರ್ಕಿಂಗ್ ಗೇಟ್ಗಳಲ್ಲಿ ಮತ್ತು ಮನೆಯ ಗೇಟುಗಳಿಗೂ ಕೂಡ ಅಳವಡಿಸಬಹುದು
  ಗೇಟ್ ಮನ್ ಗಳು ನಿದ್ದೆಗೆ ಜಾರಿದಾಗ ಮತ್ತು ರಾತ್ರಿ ಸಮಯದಲ್ಲಿ ಸಮಸ್ಯೆಯಾಗುತ್ತಿತ್ತು ಮತ್ತು ಸರಕಾರಕ್ಕೆ ಗೇಟ್ ಮನ್ ಗಳ ಸಂಬಳವೂ ಕೂಡ ಆರ್ಥಿಕ ಹೊಣೆಯಾಗುತ್ತಿತ್ತು"	https://drive.google.com/uc?export=download&id=18m5k4I7YH6sstuME-BMXJmlAykIDeGst	"{
    ""Novelty"": {
        ""score"": 5,
        ""reason"": ""The self-operating railway gate system shows some originality but is based on existing automation concepts.""
    },
    ""Usefulness"": {
        ""score"": 7,
        ""reason"": ""Effectively addresses the issue of human error at railway gates, improving safety and reducing reliance on gatekeepers.""
    },
    ""Feasibility"": {
        ""score"": 6,
        ""reason"": ""The implementation is achievable with available technology, though practical deployment may require further testing.""
    },
    ""Scalability"": {
        ""score"": 7,
        ""reason"": ""The system can be adapted for various gate types, including parking and home gates, making it broadly applicable.""
    },
    ""Sustainability"": {
        ""score"": 8,
        ""reason"": ""The automated system reduces the need for human gatekeepers, potentially lowering long-term operational costs.""
    },
    ""Image_contains_summary"": ""The image shows a prototype of a self-operating railway gate with a model car, illustrating the proposed solution.""
}"
43231	ಕೆರೆಯ ಮಧ್ಯಭಾಗ ಅಥವಾ ನದಿಯ ಮಧ್ಯಭಾಗದಲ್ಲಿರುವ ಕಸವನ್ನು ಸ್ವಚ್ಛಗೊಳಿಸಲು ಮತ್ತು ಅದನ್ನು ಸ್ವಚ್ಛಗೊಳಿಸಲು ಮಾನವನನ್ನು ಬಳಸಿದ್ದಲ್ಲಿ ಅವರ ಪ್ರಾಣ ಹಾನಿಯನ್ನು ತಪ್ಪಿಸಲು	ನಾವು ಒಂದು ಕೆರೆಗೆ ಭೇಟಿ ಕೊಟ್ಟಂತಹ ಸಮಯದಲ್ಲಿ ಆ ಕೆರೆಯು ಮಧ್ಯಭಾಗದಲ್ಲಿ ಬಹಳ ಗಲೀಜು ಆಗಿರುವುದು ಕಂಡು ಬಂತು ಅವಾಗ ನಾವು ಆ ಮಧ್ಯಭಾಗದಲ್ಲಿರುವ ಕಸವನ್ನು ತೆಗೆದುಹಾಕಲು ಈ ಮಾದರಿಯನ್ನು ತಯಾರಿಸಿದೆವು ಈ ಬ್ಲೂಟೂತ್ ಆಧಾರಿತ ಬೋಟ್ Andriod ಫೋನ್‌ನಿಂದ ನಿಯಂತ್ರಿಸಲಾಗುತ್ತದೆ, ಅದು ರೋಬೋಟ್‌ಗೆ ಲಗತ್ತಿಸಲಾದ ಇತರ andriod ಮೊಬೈಲ್ ಫೋನ್‌ಗೆ ಬ್ಲೂಟೂತ್ ಸಂಪರ್ಕವನ್ನು ಮಾಡುತ್ತದೆ. ಬ್ಲೂಟೂತ್ ಸಂಪರ್ಕವು ರೂಪುಗೊಂಡ ತಕ್ಷಣ, ಮೊಬೈಲ್ ಅಪ್ಲಿಕೇಶನ್‌ನಲ್ಲಿ ಯಾವುದೇ ಗುಂಡಿಯನ್ನು ಒತ್ತಿದರೆ, ಒತ್ತಿದ ಬಟನ್‌ಗೆ ಸಂಬಂಧಿಸಿದ ಕೋಡ್ ಅನ್ನು ಬ್ಲೂಟೂತ್ ಮಾಡ್ಯೂಲ್‌ನ ಇನ್ನೊಂದು ತುದಿಯಲ್ಲಿ ಸ್ವೀಕರಿಸಲಾಗುತ್ತದೆ. ರೋಬೋಟ್‌ನಲ್ಲಿ ಜೋಡಿಸಲಾದ ಬ್ಲೂಟೂತ್ ಸಹಾಯದಿಂದ ರೋಬೋಟ್ ಈ ಕೋಡ್ ಅನ್ನು ಗ್ರಹಿಸುತ್ತದೆ. ಸ್ವೀಕರಿಸಿದ ಕೋಡ್ ಅನ್ನು ಬ್ಲೂಟೂತ್ ಮಾಡ್ಯೂಲ್ HC-05 ಸಹಾಯದಿಂದ ಮೈಕ್ರೋಕಂಟ್ರೋಲರ್ ಮೂಲಕ ಸಂಸ್ಕರಿಸಲಾಗುತ್ತದೆ. ಕೋಡ್ ಸಂಖ್ಯೆಯನ್ನು ಮೈಕ್ರೊಕಂಟ್ರೋಲರ್ಗೆ ಕಳುಹಿಸಲಾಗುತ್ತದೆ. ಮೈಕ್ರೊಕಂಟ್ರೋಲರ್ ಯಾವುದೇ ಇನ್‌ಪುಟ್‌ಗೆ ನಿರ್ಧಾರ ತೆಗೆದುಕೊಳ್ಳಲು ಪ್ರೋಗ್ರಾಮ್ ಮಾಡಲ್ಪಟ್ಟಿದೆ ಮತ್ತು ಮೋಟಾರ್ ಡ್ರೈವರ್‌ಗಳಿಗೆ ಅದರ ನಿರ್ಧಾರವನ್ನು ಔಟ್‌ಪುಟ್ ಮಾಡುತ್ತದೆ ಮೋಟಾರ್‌ಗಳನ್ನು ಫಾರ್ವರ್ಡ್ ಅಥವಾ ಬ್ಯಾಕ್‌ವರ್ಡ್ ಚಲನೆ ಅಥವಾ ತಿರುವು ಮತ್ತು ಬಿನ್ ಮೂವ್‌ಮೆಂಟ್‌ಗೆ ಚಾಲನೆ ಮಾಡುತ್ತದೆ.	https://drive.google.com/uc?export=download&id=1-pndoh9E_V5fBkLHKOc4CGjJTdLm-g4K	"{
    ""Novelty"": {
        ""score"": 6,
        ""reason"": ""The concept of a Bluetooth-controlled boat for waste removal is a practical adaptation of existing technology, showing original thought in application.""
    },
    ""Usefulness"": {
        ""score"": 7,
        ""reason"": ""Effectively addresses the problem of waste in water bodies, providing a practical solution for cleaning without human risk.""
    },
    ""Feasibility"": {
        ""score"": 6,
        ""reason"": ""The implementation relies on accessible technology, but requires careful execution to ensure reliability in real water conditions.""
    },
    ""Scalability"": {
        ""score"": 6,
        ""reason"": ""The solution can be adapted for various water bodies, but scaling may depend on local resources and infrastructure for deployment.""
    },
    ""Sustainability"": {
        ""score"": 7,
        ""reason"": ""The project promotes environmental cleanliness and can be maintained with minimal resources, but ongoing support is needed for operation.""
    },
    ""Image_contains_summary"": ""The image shows a prototype of a Bluetooth-controlled boat designed for cleaning waste from the middle of a lake or river.""
}"
45689	ಹಗಲು ಹೊತ್ತು ಸದಾ ದೀಪಗಳು ಉರಿಯುವುದರಿಂದ ವಿದ್ಯುತ್ ನಷ್ಟವಾಗುತ್ತಿತ್ತು	ಈ ಮಾದರಿಯನ್ನು ಸಿದ್ದಗೊಳಿಸಲು ಬಳಸಿದ ಪ್ರಮುಖ ಉಪಕರಣಗಳು ಎಂದರೆIC LM555 ಬೆಳಕಿನ ಕಿರಣಗಳು lDR ಮೇಲೆ ಬಿದ್ದಾಗ ಅಡೆತಡೆ ಉಂಟಾಗಿ lDR ನ ವಿದ್ಯುತ್ ರೋಧ ಹೆಚ್ಚಾಗುತ್ತದೆ ಇದರಿಂದ ವೋಲ್ಟೇಜ್ ಆಗಿ ದೀಪಗಳು ಆರುತ್ತವೆ ನಂತರ ಕತ್ತಲೆಯಾದಾಗ LDR ಇ ಮೇಲೆ ಬೆಳಕು ಬಿಡುವುದು ನೀಡುತ್ತದೆ ಆಗ ಸರ್ಕ್ಯೂಟ್ ಪೂರ್ಣಗೊಳ್ಳುತ್ತದೆ ಮತ್ತು ವೋಲ್ಟೇಜಾಗಿ ಹೆಚ್ಚಾಗಿ ಎಲ್ಲಾ ದೀಪಗಳು ಹತ್ತುತ್ತವೆ ಅಂದರೆ ಬೆಳಕಿದ್ದಾಗ ದೀಪಗಳು ಕತ್ತಲೆಯಾದಾಗ ತನ್ನಿಂದ ತಾನೇ ದೀಪಗಳು ಉರಿಯಲಾರಂಭಿಸುತ್ತವೆ ಇದರಿಂದ ಬೆಳಕಿನ ಅಪವೇಯ ತಪ್ಪುತ್ತದೆ	https://drive.google.com/uc?export=download&id=1CCyYwAXAShDEGQD08Z8Lwy2E-JHsdFoW	"{
    ""Novelty"": {
        ""score"": 5,
        ""reason"": ""The solution employs an LDR-based circuit to automate street lighting, which is a known concept but adapted for energy conservation.""
    },
    ""Usefulness"": {
        ""score"": 7,
        ""reason"": ""The solution effectively addresses the problem of unnecessary energy consumption during daylight.""
    },
    ""Feasibility"": {
        ""score"": 7,
        ""reason"": ""The implementation of an LDR circuit is practical and achievable with basic electronic components.""
    },
    ""Scalability"": {
        ""score"": 6,
        ""reason"": ""The solution can be scaled to multiple street lights, but requires consistent maintenance and installation effort.""
    },
    ""Sustainability"": {
        ""score"": 8,
        ""reason"": ""The system reduces energy waste, promoting sustainable use of resources in street lighting.""
    },
    ""Image_contains_summary"": ""This image shows students presenting their model for an automated street lighting system using an LDR circuit.""
}"
61924	ನೀರನ್ನು ನೇರವಾಗಿ ಭೂಮಿಯಲ್ಲಿ ನೀರಾವರಿ ಮಾಡುವುದರಿಂದ, ಮಣ್ಣಿನ ತೇವಾಂಶದಲ್ಲಿನ ವ್ಯತ್ಯಾಸದಿಂದ ಸಸ್ಯಗಳು ಹೆಚ್ಚಿನ ಒತ್ತಡಕ್ಕೆ ಒಳಗಾಗುತ್ತವೆ, ಆದ್ದರಿಂದ ಸಸ್ಯದ ನೋಟವು ಕಡಿಮೆಯಾಗುತ್ತದೆ. ಸಿಸ್ಟಮ್ನ ಸ್ವಯಂಚಾಲಿತ ನಿಯಂತ್ರಣದ ಅನುಪಸ್ಥಿತಿಯು ಅನುಚಿತ ನೀರಿನ ನಿಯಂತ್ರಣ ವ್ಯವಸ್ಥೆಗೆ ಕಾರಣವಾಗುತ್ತದೆ.	"ಕ್ಯೂಸ್ಮಾರ್ಟ್ ನೀರಾವರಿ...
 
 ಸ್ಮಾರ್ಟ್ ನೀರಾವರಿ ಹಲವಾರು ಸಮಸ್ಯೆಗಳನ್ನು ಪರಿಹರಿಸಲು ಸಹಾಯ ಮಾಡುತ್ತದೆ, ಅವುಗಳೆಂದರೆ:
 
 ನೀರಿನ ತ್ಯಾಜ್ಯ
 
 ಸ್ಮಾರ್ಟ್ ನೀರಾವರಿ ವ್ಯವಸ್ಥೆಗಳು ಸಸ್ಯಗಳಿಗೆ ಅಗತ್ಯವಿರುವಾಗ ಸರಿಯಾದ ಪ್ರಮಾಣದ ನೀರನ್ನು ಒದಗಿಸುವ ಮೂಲಕ ನೀರಿನ ವ್ಯರ್ಥವನ್ನು ಕಡಿಮೆ ಮಾಡಬಹುದು. ಸಾಂಪ್ರದಾಯಿಕ ನೀರಿನ ವಿಧಾನಗಳು ಅತಿಯಾದ ನೀರುಹಾಕುವುದು, ಆವಿಯಾಗುವಿಕೆ ಮತ್ತು ಅಸಮರ್ಥತೆಗಳಿಂದ 50% ನಷ್ಟು ನೀರನ್ನು ವ್ಯರ್ಥ ಮಾಡಬಹುದು.
 
 ಬೆಳೆ ಇಳುವರಿ
 
 ಸ್ಮಾರ್ಟ್ ನೀರಾವರಿ ವ್ಯವಸ್ಥೆಗಳು ಸಸ್ಯಗಳಿಗೆ ಸೂಕ್ತವಾದ ನೀರನ್ನು ಒದಗಿಸುವ ಮೂಲಕ ಬೆಳೆ ಇಳುವರಿ ಮತ್ತು ಗುಣಮಟ್ಟವನ್ನು ಸುಧಾರಿಸಬಹುದು.
 
 ಪರಿಸರ ರಕ್ಷಣೆ
 
 ಸ್ಮಾರ್ಟ್ ನೀರಾವರಿ ಪರಿಸರ ವ್ಯವಸ್ಥೆಗಳನ್ನು ರಕ್ಷಿಸಲು ಮತ್ತು ನೀರನ್ನು ಕಾಪಾಡಿಕೊಳ್ಳಲು ಸಹಾಯ ಮಾಡುತ್ತದೆ"	https://drive.google.com/uc?export=download&id=1rKIgULQTWzdz6jlAgX5Ag0zAxAeGDanp	"{
    ""Novelty"": {
        ""score"": 6,
        ""reason"": ""The smart irrigation system presents a contextual adaptation of existing irrigation technologies, addressing specific local issues of water wastage and crop yield.""
    },
    ""Usefulness"": {
        ""score"": 7,
        ""reason"": ""Effectively reduces water wastage and improves crop yield, directly addressing the problem of inefficient irrigation.""
    },
    ""Feasibility"": {
        ""score"": 7,
        ""reason"": ""The implementation of a smart irrigation system using available technology is practical and achievable with moderate effort.""
    },
    ""Scalability"": {
        ""score"": 6,
        ""reason"": ""The system can be adapted for various agricultural settings, though scaling may require adjustments for different crop types and climates.""
    },
    ""Sustainability"": {
        ""score"": 8,
        ""reason"": ""Promotes environmental conservation by optimizing water usage and reducing waste, supporting long-term agricultural sustainability.""
    },
    ""Image_contains_summary"": ""The image shows a prototype of a smart irrigation system, featuring sensors and a water delivery mechanism, illustrating the practical application of the proposed solution.""
}"
2169	Loss of living beings	Many living beings will affect	https://drive.google.com/uc?export=download&id=1tLlkvIXlwzTfIXzhecVRPdJO-QgVJmDQ	"{
    ""Novelty"": {
        ""score"": 2,
        ""reason"": ""The solution lacks specific details and originality, making it seem generic and not innovative.""
    },
    ""Usefulness"": {
        ""score"": 3,
        ""reason"": ""The problem of loss of living beings is acknowledged, but the proposed solution does not clearly address how it will help.""
    },
    ""Feasibility"": {
        ""score"": 4,
        ""reason"": ""The implementation of the solution is unclear, making it difficult to assess how realistic it is.""
    },
    ""Scalability"": {
        ""score"": 3,
        ""reason"": ""The solution does not demonstrate how it can be expanded to address the issue on a larger scale.""
    },
    ""Sustainability"": {
        ""score"": 2,
        ""reason"": ""There are no details provided about the long-term viability or environmental impact of the proposed solution.""
    },
    ""Image_contains_summary"": ""The image shows four students presenting a project, but the details of the project and its connection to the problem statement are unclear.""
}"
2692	"1.அழுக்கான தயாரிப்பு சூழ்நிலை
 2.பாதுகாப்பு சேமிப்பு முறை
 3.மாசுபாடு"	"அழுக்கான தயாரிப்பு சூழ்நிலைகள்: விவசாய மற்றும் உணவுப் பொருள் உற்பத்தியாளர் பகுதிகளில் சுகாதார நிபந்தனைகள் குறைவாக இருக்கும்போது,
 
 
 2. பாதுகாப்பான சேமிப்பு முறைகள்: உணவுப் பொருட்களைச் சரியாகச் சேமிக்காத போது, அவை தொற்று மற்றும் அழுக்கால் பாதிக்கப்படலாம். நிலைத்திருக்கும் காலத்தைக் கவனிக்காமல் உணவு பாதுகாப்பு குறைக்கப்படுகிறது.
 
 
 3. மாசுபாடு: pesticides, heavy metals, மற்றும் இவ்வாறான வேதியியல் பொருட்கள் உணவுப் பொருட்களில் உள்ளதால், மக்கள் உடல் நலத்திற்கு பாதிப்புகளை ஏற்படுத்தும்.
 
 
 4. உணவு போலிகள்: உணவுப் பொருட்களின் உண்மைத்தன்மையை உறுதிப்படுத்த முடியாத போது, மக்கள் மோசமான அல்லது பாதிக்கப்பட்ட உணவுகளை சாப்பிடுவார்கள்.
 
 
 5. உணவுப் பாதுகாப்பு விதிமுறைகள்: பல நாடுகளில் உணவுப் பாதுகாப்பு விதிமுறைகள் அல்லது நடைமுறைகள் குறைவாக இருக்கலாம், இதனால் பாதுகாப்பான உணவு கிடைப்பதற்கு கடினமாகிவிடுகிறது.
 
 
 6. பாரம்பரிய விவசாயம்: மூலிகை மற்றும் மரபுச்செல்வத்தைப் பயன்படுத்தாத விவசாயம், உயர் மாசுபாடு மற்றும் அழுக்கின் ஆபத்தை அதிகரிக்கிறது."	https://drive.google.com/uc?export=download&id=1PLOsD58sQTwudJs2I2DrUhsKquzVRi4z	"{
    ""Novelty"": {
        ""score"": 5,
        ""reason"": ""The project addresses common agricultural issues with a basic understanding of food safety and hygiene.""
    },
    ""Usefulness"": {
        ""score"": 7,
        ""reason"": ""The solution effectively highlights important aspects of food safety and proposes relevant storage methods.""
    },
    ""Feasibility"": {
        ""score"": 6,
        ""reason"": ""Implementing safe storage and hygiene practices is realistic, but requires community engagement and education.""
    },
    ""Scalability"": {
        ""score"": 6,
        ""reason"": ""The solution can be expanded to various agricultural settings, but may need adaptation for different contexts.""
    },
    ""Sustainability"": {
        ""score"": 7,
        ""reason"": ""Promoting safe food practices and reducing pollution contributes to long-term sustainability in agriculture.""
    },
    ""Image_contains_summary"": ""The image shows a model related to agricultural practices, including a cattle shed and a water purification tank, indicating a focus on sustainable farming.""
}"
5576	கிராமப்புறங்களில் LPG பயன்பாடு அதிகரித்துள்ளது. ஆனால் அவற்றைப் பற்றிய விழிப்புணர்வு அதிகமாக இல்லை. எனவே சிறியவர்கள் மற்றும் வயதானவர்கள் LPG யை பயன்படுத்தும் போது கவன குறைவாக செயல்படுகின்றனர்.	கிராமப்புறங்களில் LPG பயன்பாடு அதிகரித்துள்ளது. ஆனால் அவற்றைப் பற்றிய விழிப்புணர்வு அதிகமாக இல்லை. எனவே சிறியவர்கள் மற்றும் வயதானவர்கள் LPG யை பயன்படுத்தும் போது கவன குறைவாக செயல்படுகின்றனர். இவற்றைப் பயன்படுத்தும் போது அடுப்பை அணைப்பதற்கு மறந்து விடுகின்றனர். எனவே LPG கசிவு ஏற்பட்டு பெரிய விபத்துக்கள் மற்றும் சுற்றுச்சூழல் பாதிப்பு ஏற்படுகிறது எனவே LPG வாயுவின் கசிவு ஏற்பட்டவுடன் தானியங்கியாக LPG கசிவை OFF செய்வதற்கு Sensor உருவாக்கப்படுவதற்கான யோசனையை சமர்ப்பிக்கிறோம்.	https://drive.google.com/uc?export=download&id=11J_qyPteJ9g8eJC3zRvv4I-mPjpWIzLt	"{
    ""Novelty"": {
        ""score"": 5,
        ""reason"": ""The idea of an automatic sensor to detect LPG leaks is a known concept, but the adaptation for rural awareness is somewhat original.""
    },
    ""Usefulness"": {
        ""score"": 7,
        ""reason"": ""The solution addresses a significant safety issue by preventing LPG leaks, which can lead to accidents.""
    },
    ""Feasibility"": {
        ""score"": 6,
        ""reason"": ""While the concept is implementable, the practical execution and integration into existing LPG systems may require further planning.""
    },
    ""Scalability"": {
        ""score"": 6,
        ""reason"": ""The solution can be scaled to various rural areas, but it would depend on local infrastructure and awareness efforts.""
    },
    ""Sustainability"": {
        ""score"": 7,
        ""reason"": ""The solution promotes long-term safety and environmental protection, but ongoing education and maintenance will be necessary.""
    },
    ""Image_contains_summary"": ""The image shows a project presentation on LPG safety, highlighting the need for awareness and the proposed sensor solution.""
}"
6606	நீரின் அளவு குறைந்து கொண்டு வருகிறது.	நீரின் அளவை அதிகரிப்பதால் தடுக்க முடியும். நன்றாக வேலை செய்கிறது. மக்கள் அனைவருக்கும் உதவுகிறது.	https://drive.google.com/uc?export=download&id=1BL4QiLDbWN5BnCegBgXUKS7g-TIJfiFS	"{
    ""Novelty"": {
        ""score"": 4,
        ""reason"": ""The solution presents a basic water level indicator, which is a known concept but shows some adaptation.""
    },
    ""Usefulness"": {
        ""score"": 6,
        ""reason"": ""The water level indicator helps in monitoring water levels, which can assist in water conservation efforts.""
    },
    ""Feasibility"": {
        ""score"": 7,
        ""reason"": ""The implementation of a water level indicator using basic components is practical and achievable.""
    },
    ""Scalability"": {
        ""score"": 6,
        ""reason"": ""The solution can be applied in various settings, but scaling may require additional resources for widespread adoption.""
    },
    ""Sustainability"": {
        ""score"": 5,
        ""reason"": ""The system can function over time with proper maintenance, but its sustainability depends on the durability of components.""
    },
    ""Image_contains_summary"": ""The image shows a water level indicator prototype, displaying water levels with labeled markers and an electronic alert system.""
}"
8527	நிறைய காட்டு விலங்குகள் இடம்பெறுகிறது இடம்பெயரும் பொழுது வாகனங்களில் சிக்க நேரிடும் அதுமட்டுமல்லாமல் வாகன ஓட்டிகளுக்கு இடையூறாகவும் உள்ளது வாகனங்கள் ஒலிகளால் பாதிப்படைகிறது ஆகவே காட்டு விலங்குகளை பாதுகாக்க காட்டு விலங்குகளின் உடம்பில் reflector பயன்படுத்தி விலங்குகள் சாலைகளில் செல்லும் பொழுது எந்தவிதமான பாதிப்புக்கு உள்ளாகாமல் பாதுகாப்புக்கு சிறந்த வழி	"Reflectorபயன்படுத்தி வனவிலங்குகள் வாகன ஒலி மற்றும்
 ஒளியை கண்டவுடன் தாங்கள் இடத்திற்குச் சென்று விடும்"	https://drive.google.com/uc?export=download&id=1NnNCA3hvOpjKvqitAN36OCeCfbOcYm6t	"{
    ""Novelty"": {
        ""score"": 5,
        ""reason"": ""Using reflectors to protect wildlife from vehicle noise and light shows some originality, but similar concepts exist in wildlife conservation.""
    },
    ""Usefulness"": {
        ""score"": 6,
        ""reason"": ""The solution addresses the problem of wildlife-vehicle collisions, providing a practical approach to enhance safety.""
    },
    ""Feasibility"": {
        ""score"": 7,
        ""reason"": ""Implementing reflectors is realistic and can be done with available materials, though effectiveness may vary by location.""
    },
    ""Scalability"": {
        ""score"": 6,
        ""reason"": ""The solution can be applied in various regions, but scaling may depend on local wildlife and road conditions.""
    },
    ""Sustainability"": {
        ""score"": 7,
        ""reason"": ""Reflectors are low-maintenance and can last a long time, contributing to long-term wildlife safety.""
    },
    ""Image_contains_summary"": ""The image shows students engaged in a project, likely demonstrating their innovation related to the proposed solution.""
}"
8698	வாய்ப்புகள் கிடைக்காதது	"எங்களுக்கு ஒரு கண் பார்வையற்றார்கள் தடுமாறி கீழே விழுதல் அல்லது எங்காவது சென்று ஏற்றிக் கொள்ளுதல் போன்றவற்றை கண்டறிந்து அதற்கான உபயோக உடையை யோசித்தனர். அந்த உடையானது எதிரில் ஏதும் தடுப்புகள் போன்றவை இருந்தால் அதில் மோதிக் கொள்வதற்கு முன்பே 
  ஒளியை எழுப்பி எச்சரிக்கை செய்கிறது"	https://drive.google.com/uc?export=download&id=154Hi6Y--Uymj57ej3mHrRZC_SjMMiHhe	"{
    ""Novelty"": {
        ""score"": 5,
        ""reason"": ""The idea of a wearable warning system for visually impaired individuals is a known concept, but the specific design and adaptation show some originality.""
    },
    ""Usefulness"": {
        ""score"": 7,
        ""reason"": ""The solution effectively addresses a significant safety issue for visually impaired individuals by providing timely warnings.""
    },
    ""Feasibility"": {
        ""score"": 6,
        ""reason"": ""The concept is implementable with existing technology, but details on the sensors and their integration are not fully explained.""
    },
    ""Scalability"": {
        ""score"": 5,
        ""reason"": ""While the solution can be adapted for different users, scaling it for mass production and distribution may require additional resources.""
    },
    ""Sustainability"": {
        ""score"": 6,
        ""reason"": ""The solution can be maintained over time, but ongoing support and battery management for the sensors will be necessary.""
    },
    ""Image_contains_summary"": ""The image depicts a wearable device designed for visually impaired individuals, featuring sensors for obstacle detection.""
}"
9679	பெருகி வரும் வாகனப் புகையால் ஓசோன் படலத்தின் அடர்த்தி குறைந்து புவி வெப்பமடைகிறது. புவி வெப்பமடைவதால் பருவகால மாற்றங்கள் நிகழ்ந்து உணவுப்பொருட்களின் உற்பத்தி பாதிக்கப்படுகிறது.	வாகனங்களின் புகை போக்கிகளுக்குள் கார்பன் டை ஆக்சைடு வடிகட்டியை பொருத்துதல்.	https://drive.google.com/uc?export=download&id=1Vk17lOG3OCW9xW2LDk5ehHbSKLJ5qmrZ	"{
    ""Novelty"": {
        ""score"": 4,
        ""reason"": ""The solution proposes a carbon dioxide filter for vehicles, which is a known concept but lacks unique adaptation or innovation.""
    },
    ""Usefulness"": {
        ""score"": 6,
        ""reason"": ""The solution addresses a relevant environmental issue by potentially reducing carbon emissions from vehicles.""
    },
    ""Feasibility"": {
        ""score"": 5,
        ""reason"": ""While the idea is implementable, practical details on how the filter would function and integrate into existing vehicles are not provided.""
    },
    ""Scalability"": {
        ""score"": 5,
        ""reason"": ""The solution could be scaled to various vehicles, but implementation across different models and types may require significant adaptation.""
    },
    ""Sustainability"": {
        ""score"": 6,
        ""reason"": ""If effectively designed, the carbon filter could contribute to long-term environmental benefits, but maintenance and replacement considerations are unclear.""
    },
    ""Image_contains_summary"": ""The image shows a model of a car, likely representing the student's concept for implementing a carbon dioxide filter in vehicles.""
}"
10064	பேட்ரி	It was explained in our video	https://drive.google.com/uc?export=download&id=1Bh_WLaoqsnYfmoPES_2FhqJANaLlPW_n	"{
    ""Novelty"": {
        ""score"": 3,
        ""reason"": ""The concept of using batteries is common, with no unique adaptation or innovative approach presented.""
    },
    ""Usefulness"": {
        ""score"": 4,
        ""reason"": ""While batteries are essential for powering devices, the solution lacks specific details on how it addresses a particular problem.""
    },
    ""Feasibility"": {
        ""score"": 5,
        ""reason"": ""The implementation of batteries is practical, but the lack of detailed explanation about the setup reduces clarity.""
    },
    ""Scalability"": {
        ""score"": 4,
        ""reason"": ""The solution can be applied in various contexts, but without a clear framework for expansion.""
    },
    ""Sustainability"": {
        ""score"": 5,
        ""reason"": ""Batteries can be sustainable if managed properly, but the solution does not address environmental impacts or recycling.""
    },
    ""Image_contains_summary"": ""The image shows a group of students presenting their project related to batteries, but lacks specific details about their solution.""
}"
10990	மக்களுக்கு நேரடியாக நீரைப் பயன்படுத்துவதற்கு மின் மோட்டார் தேவை	Current dc motor.poor people	https://drive.google.com/uc?export=download&id=1wobSsY-5JUejlFDu9gEISTMF70LACIbv	"{
    ""Novelty"": {
        ""score"": 3,
        ""reason"": ""Using a DC motor for water pumping is a common solution, lacking significant originality or adaptation.""
    },
    ""Usefulness"": {
        ""score"": 5,
        ""reason"": ""The solution addresses the need for direct water access, but lacks details on efficiency or effectiveness.""
    },
    ""Feasibility"": {
        ""score"": 6,
        ""reason"": ""Basic implementation is possible with accessible components, but practical deployment details are unclear.""
    },
    ""Scalability"": {
        ""score"": 4,
        ""reason"": ""While it can serve individual needs, scaling to larger communities requires more robust systems.""
    },
    ""Sustainability"": {
        ""score"": 5,
        ""reason"": ""The system can operate with minimal resources, but long-term sustainability depends on maintenance and power supply.""
    },
    ""Image_contains_summary"": ""The image shows a simple setup with a DC motor connected to a water source, indicating a basic water pumping solution.""
}"
20669	அசுத்தமான தண்ணீரை நல்ல குடிநீராக மாற்றுதல்	நீர் வடிகட்டியின் மூலம் சுத்தமான குடிநீரை பெறுதல்	https://drive.google.com/uc?export=download&id=1rX7MAxr4fihnVqmg7lJu5q4MBg5D1Eyu	"{
    ""Novelty"": {
        ""score"": 5,
        ""reason"": ""The use of a water filter to purify dirty water is a common solution, but the student's implementation may show some unique aspects.""
    },
    ""Usefulness"": {
        ""score"": 7,
        ""reason"": ""The solution effectively addresses the important issue of providing clean drinking water.""
    },
    ""Feasibility"": {
        ""score"": 7,
        ""reason"": ""The prototype demonstrates a practical approach to filtering water, though details on materials and process could enhance clarity.""
    },
    ""Scalability"": {
        ""score"": 6,
        ""reason"": ""While the solution can be adapted for larger systems, scalability will depend on the availability of materials and infrastructure.""
    },
    ""Sustainability"": {
        ""score"": 6,
        ""reason"": ""The sustainability of the solution depends on the materials used and the maintenance of the filtering system.""
    },
    ""Image_contains_summary"": ""The image shows students presenting a water filtration prototype, indicating a hands-on approach to solving water quality issues.""
}"
24811	எலக்ட்ரிக் கார்களின் விலை அதிகமாக உள்ளது. சார்ஜ் போடுவதற்கு குறைந்த இடமே உள்ளது. அதிக தூரம் பயணம் செய்ய முடிவதில்லை. வெப்பநிலை இடத்திற்கு இடம் வேறுபடுகிறது.	எலக்ட்ரிக் கார்களை பயன்படுத்துவதால் சுற்றுப்புறம் பாதுகாக்கப்படுகிறது. குறைந்த தூரம் பயணம் செய்பவர்களுக்கு உதவியாக இருக்கும். அதிக வெப்பநிலை உள்ள இடங்களில் பயன்படுத்தலாம் . குளிர் பிரதேசங்களில் தவிர்க்கலாம்.	https://drive.google.com/uc?export=download&id=1ARe7dywFPNKQsKosH0I12nOcU1jFDc9u	"{
    ""Novelty"": {
        ""score"": 4,
        ""reason"": ""The idea of using electric cars is common, but the context of addressing specific environmental conditions shows some originality.""
    },
    ""Usefulness"": {
        ""score"": 5,
        ""reason"": ""The solution addresses the need for environmentally friendly transportation, but lacks detailed implementation strategies.""
    },
    ""Feasibility"": {
        ""score"": 6,
        ""reason"": ""Using electric cars is practical, but the constraints related to charging infrastructure and distance need further exploration.""
    },
    ""Scalability"": {
        ""score"": 5,
        ""reason"": ""The solution can be expanded, but requires significant infrastructure development to support widespread use.""
    },
    ""Sustainability"": {
        ""score"": 7,
        ""reason"": ""Electric vehicles contribute to environmental protection, but their long-term sustainability depends on energy sources and infrastructure.""
    },
    ""Image_contains_summary"": ""The image depicts handwritten notes discussing the benefits and challenges of electric cars.""
}"
25223	என்னுடைய யோசனை EASY BOARD RUBBING. ஆசிரியர்கள் மற்றும் மாணவர்கள் கரும்பலகையை பக்கத்தில் இருந்து சுத்தம் செய்யும் போது பாதிப்பிற்கு உள்ளாகிறார்கள்.எனவே என்னுடைய யோசனைப் படி கார்களில் உள்ள wiper போல வைத்து கரும்பலகைகளுக்கு அடியில் வைத்து ஒரு switch மூலம் கட்டுப்படுத்த முடியும். இதனால் யாருக்கும் உடல் உபாதைகள் ஏற்படாது.	"என்னுடைய யோசனை EASY BOARD RUBBING. ஆசிரியர்கள் மற்றும் மாணவர்கள் கரும்பலகையை பக்கத்தில் இருந்து சுத்தம் செய்யும் போது பாதிப்பிற்கு உள்ளாகிறார்கள்.எனவே என்னுடைய யோசனைப் படி கார்களில் உள்ள wiper போல வைத்து கரும்பலகைகளுக்கு அடியில் வைத்து ஒரு switch மூலம் கட்டுப்படுத்த முடியும். இதனால் யாருக்கும் உடல் உபாதைகள் ஏற்படாது.
 
 எங்களுடைய தீர்வு நன்றாக வேலை செய்கிறது.
 
 ஆசிரியர்கள் மற்றும் மாணவர்களுக்கு உதவுகிறது."	https://drive.google.com/uc?export=download&id=1MHzpIBeCWuqiAHtQDOeZhVful3Pu7n7S	"{
    ""Novelty"": {
        ""score"": 5,
        ""reason"": ""The idea of using a wiper-like mechanism for cleaning blackboards is a practical adaptation but lacks significant originality.""
    },
    ""Usefulness"": {
        ""score"": 6,
        ""reason"": ""The solution addresses a common problem of cleaning blackboards, potentially improving the experience for teachers and students.""
    },
    ""Feasibility"": {
        ""score"": 7,
        ""reason"": ""The concept is implementable using existing technology, though practical details on execution are not provided.""
    },
    ""Scalability"": {
        ""score"": 5,
        ""reason"": ""While the idea can be applied in multiple classrooms, the scalability depends on the availability of materials and installation effort.""
    },
    ""Sustainability"": {
        ""score"": 6,
        ""reason"": ""The solution appears sustainable with minimal maintenance, but details on durability and resource use are not specified.""
    },
    ""Image_contains_summary"": ""The image depicts a diagram of the proposed mechanism for the Easy Board Rubbing solution.""
}"
27837	"நாங்கள் ஆய்விற்காக நாமக்கல் மாவட்டம், கொல்லிமலை வட்டம் ,குண்டூர் நாட்டில் உள்ள நத்துக்குழிபட்டி மற்றும் அதனை சுற்றி உள்ள தமிழ்நாடு அரசு, பள்ளி கல்வித்துறையில் உள்ள மலைவாழ் பகுதியில் அமைந்துள்ள பள்ளிகளில் படிக்கும் மாணவர்களிடம் சென்று முதலில் கல்வி மற்றும் அவர்கள் எதிர்கொள்ளும் பிரச்சனைகள் சார்ந்த வினாபட்டியலைக் கொண்டு ஆய்வு மேற்கொண்டோம். அடுத்ததாக , அவர்களின் விடைகளில் இருந்து சில ஆலோசனைகளை பெற்றுக் கொண்டோம்.
 
  ஒவ்வொரு நாளும் அவர்கள் எவ்வகையான பிரச்சனைகளை சந்திக்கிறார்கள் என்பதை அறிந்து கொள்ளும் வகையில் எங்களது ஆய்வு அமைக்கப்பட்டது. மேலும் இந்த ஆய்வின் மூலம் மாணவ, மாணவிகள் ஒவ்வொரு நாளும் தாங்கள் எதிர்கொள்ளும் பிரச்சனைகளை கேட்டறிந்து அதன் மூலம் அவர்களின் பிரச்சனைகளுக்கு தீர்வு காணும் வகையில் எங்களது ஆய்வு மேற்கொள்ளப்பட்டது"	"இதில் மொத்தமாக 32 + விதத்தில் மாணவர்களுக்கு பயன்படும் வகையில் இந்த ப்ராஜெக்ட் வடிவமைக்கப்பட்டுள்ளது. இதை ஏழை எளிய மாணவர்களும் தங்களுக்கு கிடைக்கும் பொருட்களை வைத்துக் கொண்டு தாங்களே மிகக் குறைந்த செலவில் எளிதில் உருவாக்கி கொள்ளும் வகையில் மிக மிக எளிமையாக வடிவமைக்கப்பட்டுள்ளது. 
 
 • 1.WRITING TABLE 
 • 2. EXAM PAD 
 • 3.CHESS BOARD 
 • 4. LEAF FILE PROJECT WORK PURPOSE 
 • 5.IMPORTANTLY FILES FOR CERTIFICATE PURSE 
 • 6. LED LIGHT WITHOUT ELECTRICITY OR LOW LIGHT 
 • 7. SMALL TABLE FAN 
 • 8.VEGETABLE CUTTING PURPOSE 
 • 9.LUNCH TIME DINING TABLE 
 • 10.FIRST AID BOX ETC..
 இதில் மொத்தமாக 32+ விதத்தில் மாணவர்களுக்கு பயன்படும் வகையில் இந்த ப்ராஜெக்ட் வடிவமைக்கப்பட்டுள்ளது.
 இதை ஏழை எளிய மாணவர்களும் தங்களுக்கு கிடைக்கும் பொருட்களை வைத்துக் கொண்டு தாங்களே மிகக் குறைந்த செலவில் எளிதில் உருவாக்கி கொள்ளும் வகையில் மிக மிக எளிமையாக வடிவமைக்கப்பட்டுள்ளது. 
 எதிர்காலத்தில் இவ்வடிவமைப்பில் பல்வேறு நவீன தொழில்நுட்பத்தை புகுத்தி , மெருகேற்றி அரசுப் பள்ளி மாணவர்களுக்கு வழங்கலாம்."	https://drive.google.com/uc?export=download&id=1RBlDnBfpd-fGnW_emdH6lyfJRvGjTdz3	"{
    ""Novelty"": {
        ""score"": 6,
        ""reason"": ""The project introduces practical solutions tailored for students in rural areas, utilizing locally available materials, which reflects original thinking.""
    },
    ""Usefulness"": {
        ""score"": 8,
        ""reason"": ""The proposed solutions directly address the daily challenges faced by students, enhancing their educational experience.""
    },
    ""Feasibility"": {
        ""score"": 7,
        ""reason"": ""The project is designed to be easily implemented by students with minimal resources, making it realistic to execute.""
    },
    ""Scalability"": {
        ""score"": 6,
        ""reason"": ""While the solutions can be adapted for other schools, the effectiveness may vary based on local resources and needs.""
    },
    ""Sustainability"": {
        ""score"": 7,
        ""reason"": ""The project promotes sustainable practices by utilizing available materials, which can be maintained over time with proper care.""
    },
    ""Image_contains_summary"": ""The image shows two students with a smart school bag designed for Kolli Hills school students, reflecting the project's focus on practical solutions for educational challenges.""
}"
4328	ആഗോളതാപനം കാരണം ഇന്ന് ജലദൗർലഭ്യമുണ്ട്.എല്ലാവരും പൈപ്പ് വെള്ളത്തെ ആശ്രയിക്കുന്നു.നല്ല കിണറുകളുണ്ടെങ്കിലും മൂടുന്നു.കാരണം കിണർ വൃത്തിയാക്കാൻ സാധിക്കുന്നില്ല.വായു സഞ്ചാരം കുറവായതു കാരണം അപകടമാണ്.ഇതിനാൽ ഗ്രാമീണർ പോലും കിണർ മൂടി പൈപ്പ് ജലത്തെ ആശ്രയിക്കുന്നു.ഇത് ഭാവിയിൽ കിണർ വെള്ളവുമില്ല,പൈപ്പ് വെള്ളവുമില്ല എന്ന സ്ഥിതിയിലെത്തിക്കും.	കിണർ വൃത്തിയാക്കാനായി തൊഴിലാളികൾക്ക് സബ്‍സിഡിയോടെ ഉപയോഗിക്കാവുന്ന ഒരു യന്ത്രം ആണ് ഇത്.ഇതിൽ രണ്ട് റോപ്പും ഒരു മോട്ടോറും ബക്കറ്റും ചെളിയും മാലിന്യവും നീക്കാനായി ഒരു കോരികയും ഉണ്ടായിരിക്കും.കിണർ വെള്ളം മോട്ടോർ അടിച്ച് വറ്റിച്ച ശേഷം കരയിൽ നിന്നു കൊണ്ട് തൊഴിലാളി ഇതിനെ താഴേയ്ക്ക് ഇറക്കുന്നു.യന്ത്രത്തിലെ മോട്ടോർ പ്രവർത്തിപ്പിച്ച് ചെളി കോരുന്നു.തുടർന്ന് കോരികയെ പതുക്കെ യന്ത്രസഹായത്തോടെ ചരിച്ച് അടുത്ത റോപ്പിൽ ഇറക്കുന്ന ബക്കറ്റിലേയ്ക്ക് ഈ ചെളിയും മാലിന്യവും നിക്ഷേപിക്കുന്നു.തുടർന്ന് മോട്ടോർ പ്രവർത്തിപ്പിച്ച് റോപ്പിനെ കരയിലേയ്ക്ക് വലിച്ച് ബക്കറ്റിലെ ചെളി കളഞ്ഞ ശേഷം പ്രവർത്തനം തുടരുന്നു.ഇങ്ങനെ വായു സഞ്ചാരമില്ലാത്ത കിണർ അപകടരഹിതമായി വൃത്തിയാക്കാം.തോടുകളും മറ്റും വൃത്തിയാക്കാനും ഇതുപയോഗിക്കാം.	https://drive.google.com/uc?export=download&id=1GiO5rsfddIM_pUX8tTXpAtyg3LG7qnsx	"{
    ""Novelty"": {
        ""score"": 5,
        ""reason"": ""The idea of a machine to clean wells is a familiar concept, but the specific design and method of operation show some originality.""
    },
    ""Usefulness"": {
        ""score"": 7,
        ""reason"": ""The solution effectively addresses the problem of cleaning wells, which is crucial for maintaining water quality in rural areas.""
    },
    ""Feasibility"": {
        ""score"": 6,
        ""reason"": ""The implementation of the machine is practical, but details on materials and construction methods are lacking.""
    },
    ""Scalability"": {
        ""score"": 6,
        ""reason"": ""While the machine can be used in various wells, scaling it for widespread use may require additional resources and training.""
    },
    ""Sustainability"": {
        ""score"": 7,
        ""reason"": ""The machine promotes sustainable water management by ensuring wells remain clean, but ongoing maintenance and operation costs need to be considered.""
    },
    ""Image_contains_summary"": ""The image depicts a handmade prototype of a cleaning device for wells, showcasing the design intended for practical use.""
}"
5518	ഓരോ വീടും, കെട്ടിടവും, ഓഫീസും, വ്യവസായശാലകളും ഓവർഹെഡ് വാട്ടർ ടാങ്കുകൾ ഉപയോഗിക്കുന്നു. ഇവ നിറയ്ക്കാൻ വളരെയധികം ജലം ഉപയോഗിക്കുന്നു. എന്നാൽ മിക്കപ്പോഴും, ടാങ്കിൽ വെള്ളം നിറഞ്ഞതിന് ശേഷം പമ്പ് ഓഫ് ചെയ്യാൻ നമ്മൾ മറക്കുന്നു, അതിനാൽ ടാങ്കറുകളിൽ നിന്ന് വെള്ളം കവിഞ്ഞൊഴുകുകയും വൈദ്യുതി ഉപയോഗം അതിലൂടെ കൂടുകയും ചെയ്യുന്നു.	"*ജലസംഭരണി കവിഞ്ഞൊഴുകുന്നത് വെള്ളം പാഴാകുന്നതിന് കാരണമാകുന്ന ഒരു പ്രശ്നമാണ്. ഈയൊരു വാട്ടർ ഓവർഫ്ലോ അലാറം സ്ഥാപിക്കുന്നത് വഴി വെള്ളം കവിഞ്ഞൊഴുകുന്നതും പാഴായി പോകുന്നതും തടയാൻ സാധിക്കും.
 *water ടാങ്ക്കൽ, നീന്തൽ കുളങ്ങൾ, വ്യവസായിക പ്രക്രിയകൾ, ബേസ്‌മെന്റ്,കാർഷിക ജലസേചന സംവിധാനങ്ങൾ ഇവിടെയെല്ലാം നമുക്കിത് ഉപയോഗപ്പെടുത്താവുന്നതാണ്.
 * എളുപ്പത്തിൽ സ്ഥാപിക്കാനും ചിലവ് കുറഞ്ഞതും സുരക്ഷിതവും ആണ് ഇത്.
 * വൈദ്യുതിയും ലാഭിക്കാൻ നമ്മളെ സഹായിക്കും.
 *audio visual alert നൽകുന്നു"	https://drive.google.com/uc?export=download&id=12_kdipZolmsRC5S2x0aXoua7wHab19CW	"{
    ""Novelty"": {
        ""score"": 6,
        ""reason"": ""The water overflow alarm system presents a practical adaptation of existing technology to address a common issue.""
    },
    ""Usefulness"": {
        ""score"": 8,
        ""reason"": ""Effectively prevents water wastage and reduces electricity consumption by alerting users before overflow occurs.""
    },
    ""Feasibility"": {
        ""score"": 7,
        ""reason"": ""The solution is easy to install and cost-effective, making it realistic for widespread adoption.""
    },
    ""Scalability"": {
        ""score"": 7,
        ""reason"": ""Can be implemented in various settings, including homes, industries, and agricultural systems, with minor adjustments.""
    },
    ""Sustainability"": {
        ""score"": 8,
        ""reason"": ""Promotes water conservation and energy efficiency, contributing to long-term environmental benefits.""
    },
    ""Image_contains_summary"": ""The image depicts a prototype of a water overflow alarm system, showcasing a creative and practical solution for preventing water wastage.""
}"
6543	"സ്കൂളുകളിൽ വ്യത്യസ്ത തരത്തിലുള്ള മാലിന്യങ്ങളുടെ ശെരിയായ രീതിയിലുള്ള നിർമാർജനം നടക്കുന്നില്ല .ഇതുകൊണ്ട് തന്നെ സ്കൂളുകളിലും സ്കൂളിൻ്റെ പരിസര പ്രദേശങ്ങളിൽ ഉള്ള മാലിന്യങ്ങൾ ക്രമാതീതമായി വർദ്ധിക്കുന്നു .ഇത് എല്ലാ സ്‌കൂളുകളിലും പൊതുവായി കണ്ടുവരുന്ന പ്രശ്‌നമാണ്. എന്തെന്നാൻ സ്‌കൂളുകളിൽ വ്യത്യസ്‌തതരത്തിലുള്ള മാലിന്യ സംസ്ക്‌കരണം നടക്കുന്നില്ല, മാലിന്യങ്ങളുടെ തോത് പോകെ പോകെ വർധിച്ചു വരുന്നു.
 
 * പ്ലാസ്റ്റിക് മാലിന്യങ്ങൾ
 
 •പേപ്പർ മാലിന്യങ്ങൾ
 
 •ഭക്ഷ്യ മാലിന്യങ്ങൾ
 
 •ചോക്ക് പൊട്ടുകൾ 
 
 •റബ്ബർ മാലിന്യങ്ങൾ
 
 •ഇരുമ്പ് മാലിന്യങ്ങൾ
 
 •തുണിത്തര മാലിന്യങ്ങൾ
 
 •സെറാമിക് മാലിന്യങ്ങൾ
 
 ഇത്തരത്തിലുള്ള മാലിന്യങ്ങളാണ് സ്കൂളുകളിൽ പ്രധാനമായി കണ്ടുവരുന്നത്.ഇത്തരത്തിലുള്ള മാലിന്യങ്ങളുടെ അമിധമായ വർധനവ് സ്കൂളിൻ്റെ പരിസ്ഥിതിയെയും കുട്ടികളുടെ ആരോഗ്യത്തെയും പ്രതികൂലമായി ബാധിക്കുന്നു അതുകൂടാതെ നമ്മുടെ സമൂഹത്തെയും ബാധിക്കുന്നു.
 വ്യത്യസ്ത മാലിന്യങ്ങൾ സ്കൂളുകളിൽ കൂട്ടിയിട്ട് കത്തിക്കുന്നതുകൊണ്ട് പ്രകൃതിക്ക് ദോഷമുണ്ടാക്കുന്നു"	"ഞങ്ങൾ ഈ ആശയം കണ്ടെത്തിയത് പ്രാധാനമായും സ്കൂളുകളിലെ മാലിന്യങ്ങളുടെ അളവ് കുറക്കുന്നതിനു വേണ്ടിയാണ് .സ്കൂളുകളിൽ നിന്ന് ലഭിക്കുന്ന വ്യത്യസ്ത തരത്തിലുള്ള മാലിന്യങ്ങളെ നമുക്കുപയോഗമുള്ള രീതിയിൽ മാടിയെടുക്കുന്നതാണ് ഞങൾ അവതരിപ്പിക്കുന്ന ഈ ആശയം.ഉദാഹരണത്തിന് സ്കൂളുകളിൽ നിന്നും ലഭിക്കുന്ന റബ്ബർ മാലിന്യങ്ങളെ നമുക്ക് ഇന്ധനമാക്കി മാറ്റാൻ കഴിയുംഈ ഇന്ധനം വിൽക്കുന്നതു വഴി നമുക്ക് നല്ലൊരു വരുമാന മാർഗ്ഗം കണ്ടെത്താനാവും.നമ്മുടെ സമൂഹത്തെ മാലിന്യ വിമുക്തമാക്കാനും കഴിയും.സ്കൂളിലെ കുട്ടികളും അധ്യാപകരും അതുപോലെ മറ്റുള്ളവരുമാണ് ഈ പ്രശ്നം നേരിടുന്നത്.പ്ലാസ്റ്റിക് മാലിന്യങ്ങൾ ശേഖരിച്ച് പുതിയ ഉൽപന്നങ്ങൾ ആക്കുന്നു.ഈ ഉൽപ്പന്നങ്ങൾ ഒരു വെബ്സൈറ്റ് വഴി വിൽക്കുന്നത്തിലൂടെ നമുക്ക് ഒരു വരുമാന മാർഗം ലഭിക്കുന്ന ഇതിലൂടെ തന്നെ നമ്മുടെ രാജ്യത്തിൻ്റെ വരുമാനം വർധിപ്പിക്കാനും സാധിക്കുന്നു .അതുകൂടാതെ നമ്മുടെ സമൂഹത്തിലെ മാലിന്യങ്ങൾ നിർമാർജനം ചെയ്യുവാനും സാധിക്കും.
 അതുപോലെത്തന്നെ,
  അതുപോലെ തന്നെ നമ്മുടെ രാജ്യത്തിൻ്റെ വികസന പ്രവർത്തനങ്ങളിൽ പങ്കാളികൾ ആവാനും സാധിക്കുന്നതാണ്"	https://drive.google.com/uc?export=download&id=1qO_DR7vWN0qeyI9fM1KAJEQYJg4fRnAG	"{
    ""Novelty"": {
        ""score"": 6,
        ""reason"": ""The idea of recycling various types of waste in schools is a practical adaptation of existing waste management concepts, showing student initiative.""
    },
    ""Usefulness"": {
        ""score"": 8,
        ""reason"": ""The solution effectively addresses waste accumulation in schools, promoting environmental health and potential income generation.""
    },
    ""Feasibility"": {
        ""score"": 7,
        ""reason"": ""Implementing a recycling program is realistic within school settings, although it requires coordination and resources.""
    },
    ""Scalability"": {
        ""score"": 6,
        ""reason"": ""The solution can be replicated in other schools, but scaling may depend on local infrastructure and community involvement.""
    },
    ""Sustainability"": {
        ""score"": 7,
        ""reason"": ""The approach promotes long-term waste management practices, but ongoing effort and education are needed to maintain effectiveness.""
    },
    ""Image_contains_summary"": ""The image illustrates a recycling process with different types of waste and the resulting recycled products, emphasizing the importance of waste management.""
}"
7603	കുട്ടികളിൽ കണ്ടെത്തിയ പോഷകാഹാര അപര്യാപ്തത	"ബോധവത്കരണം - പോഷകാഹാരത്തിന്റെ ആവശ്യകതയും . അപര്യാപ്തത മൂലമുണ്ടാകുന്ന രോഗങ്ങളെ കുറിച്ച് ബോധവത്കരണം
 സമീകൃതാഹാര വിതരണം
 ആഴ്ച്ചയിൽ ഒരു ദിവസം Happy dishes ആചരണം
 കുട്ടികൾ വീട്ടിൽ നിന്നും ഉണ്ടാക്കിയ പോഷക സമൃദ്ധമായ ഭക്ഷണങ്ങൾ സ്കൂളിൽ കൊണ്ടുവന്ന് അധ്യാപകരുടെ നേതൃത്വത്തിൽ കഴിക്കുന്നു അധ്യാപകരും അതിൽ പങ്കാളികളാകുന്നു"	https://drive.google.com/uc?export=download&id=1BV-PkJkGovEOsTzHEhYk2npUbIvSYtN-	"{
    ""Novelty"": {
        ""score"": 6,
        ""reason"": ""The initiative promotes awareness of nutritional needs and involves community participation, which reflects a creative approach to addressing a known issue.""
    },
    ""Usefulness"": {
        ""score"": 8,
        ""reason"": ""The solution directly addresses nutritional deficiencies in children by providing healthy meals and raising awareness about nutrition.""
    },
    ""Feasibility"": {
        ""score"": 7,
        ""reason"": ""The implementation of weekly events and participation from teachers and students is practical and achievable within a school setting.""
    },
    ""Scalability"": {
        ""score"": 6,
        ""reason"": ""The program can be expanded to other schools, but requires coordination and resources to ensure consistency across different locations.""
    },
    ""Sustainability"": {
        ""score"": 7,
        ""reason"": ""The initiative can be sustained through community involvement and regular events, but ongoing support and resources will be necessary.""
    },
    ""Image_contains_summary"": ""The image shows a student participating in a school event focused on sharing nutritious meals, reflecting the initiative's community engagement.""
}"
8240	ഞങ്ങൾ ഒരു ഫാനോടുകൂടിയ എമർജൻസിയുടെ പ്രോട്ടോടൈപ്പ് ആണ് നിർമിച്ചത്. കറണ്ട് പോകുമ്പോൾ നമ്മുടെ ആൾക്കാർ സാധാരണയായി ഉപയോഗിക്കുന്ന ഒന്നാണ് എമർജൻസി. ഇപ്പോഴത്തെ കാലാവസ്ഥയുടെ ഒരു പ്രത്യേകത ഭയങ്കര ചൂടാണ്. കറണ്ടില്ലാത്തപ്പോൾ എമർജൻസി യുടെ സഹായത്തോടെ നമ്മുക്ക് അത്യാവശ്യം ജോലികളും പഠനവുമൊക്കെ സാധിക്കും. എന്നാൽ അന്തരീക്ഷത്തിൽ ചൂട് കൂടുതലായതുകൊണ്ട് നമ്മൾ വിയർക്കാൻ തുടങ്ങും. ഇത് പ്രവർത്തിച്ചെയ്യുന്നതിനു പ്രതികൂലമായി ബാധിക്കും. ഇത് ഒഴിവാക്കാനാണ് എമർജൻസി ലൈറ്റ് with ഫാൻ എന്ന ഒരു ഐഡിയ ഞങ്ങൾ മുന്നോട്ടു വയ്ക്കുന്നത്. ലൈറ്റും ഫാനും രണ്ടു വ്യത്യസ്ത സ്വിച്ചിൽ ക്രമീകരിച്ചിരിക്കുന്നതുകൊണ്ട്നമ്മുക്ക് ആവശ്യമുള്ളപ്പോൾ മാത്രം ഫാൻ ഉപയോഗിച്ചാൽ മതി.. ഇത്‌ എനർജി ലഭിക്കാൻ സാധിക്കും. ഇത്തരം ഒരു ഉപകരണം വികസിച്ചുവന്നാൽ അത് ജനങ്ങൾക്ക് വളരെ ഉപകാരപ്പെടും.	ഞങ്ങളുടെ ജീവിതത്തിൽ ഉള്ള ഒരു പ്രശ്നമായിരുന്നു ഇത്. ഇതിനു എന്ത് പരിഹാരമണുള്ളതെന്നു ഞങ്ങൾ ആലോചിച്ചു. അതിനായ് ഞങ്ങൾക്ക് തോന്നിയ ഐഡിയ ഉപയോഗിച്ച് അതിന്റെ ഒരു പ്രോട്ടോടൈപ്പ് നിർമിച്ചു. ഇതിന്റെ നിർമാണത്തിന് ഞങ്ങളുടെ പേരെന്റ്സും ടീച്ചറും സഹായിച്ചു. ഇത് പ്രവർത്തിക്കുന്നത് സാധാരണ എമർജൻസി പോലെ തന്നെ. എന്നാൽ ലൈറ്റ് കൊടുത്തിരിക്കുന്നതിന്റെ മറുവശത്തായി ഒരു ചെറിയ ഫാൻ കൂടി കണക്ട് ചെയ്യുന്നു. ഇവയെ വ്യത്യസ്ത സ്വിച്ച് കൊണ്ട് ബന്ധിപ്പിക്കുന്നു. കറണ്ട് പോകുമ്പോൾ ലൈറ്റ്നോടൊപ്പോം ഫാൻ കൂടി വർക്ക്‌ ചെയ്യിക്കാം. ഇത് മൂലം നമ്മുക്ക് കംഫോർട്ട് ആയി ജോലിചയ്യാനും പഠിക്കാനും സാധിക്കും. ഇത് വികസിച്ചെടുത്താൽ ജനങ്ങൾക്ക് വളരെ ഉപകാരപ്പെടും.	https://drive.google.com/uc?export=download&id=1zoTY20xqYjuph8ig7YdQ7jAte7P7siyM	"{
    ""Novelty"": {
        ""score"": 5,
        ""reason"": ""The concept of combining an emergency light with a fan is a practical adaptation but not a novel idea.""
    },
    ""Usefulness"": {
        ""score"": 7,
        ""reason"": ""The solution effectively addresses discomfort during power outages by providing light and cooling.""
    },
    ""Feasibility"": {
        ""score"": 6,
        ""reason"": ""The prototype appears implementable with basic components, though details on power source and durability are unclear.""
    },
    ""Scalability"": {
        ""score"": 6,
        ""reason"": ""The design can potentially be scaled for broader use, but production and distribution logistics are not addressed.""
    },
    ""Sustainability"": {
        ""score"": 5,
        ""reason"": ""While the device can provide comfort, its long-term sustainability depends on energy source and maintenance.""
    },
    ""Image_contains_summary"": ""The image shows a prototype of an emergency light with a fan, demonstrating the project concept.""
}"
9064	കാലാവസ്ഥാ വ്യതിയാനം, പാരിസ്ഥിതിക തകർച്ച, ഫോസിൽ ഇന്ധന സ്രോതസ്സുകളുടെ ശോഷണം എന്നിവയാൽ നയിക്കപ്പെടുന്ന അഭൂതപൂർവമായ ഊർജ്ജ പ്രതിസന്ധിയാണ് ലോകം അഭിമുഖീകരിക്കുന്നത്. ആഗോള ഊർജ്ജ ആവശ്യകതകൾ വർദ്ധിച്ചുകൊണ്ടിരിക്കുന്നതിനാൽ, സുസ്ഥിരവും പുനരുപയോഗിക്കാവുന്നതുമായ ഊർജ്ജ സ്രോതസ്സുകളിലേക്ക് മാറേണ്ടത് അനിവാര്യമായിരിക്കുന്നു.	"""ഊർജ്ജത്തിൻ്റെ ഭാവി പുനഃസ്ഥാപിക്കുക"" പദ്ധതി ലക്ഷ്യമിടുന്നത് സുസ്ഥിരവും തുല്യവും ഊർജ്ജ-സുരക്ഷിതവുമായ ഭാവിയിലേക്ക് മാറുന്നതിനുള്ള നൂതനമായ പരിഹാരങ്ങൾ പര്യവേക്ഷണം ചെയ്യുകയണ്.
  1. സോളാർ വിൻഡോകൾ: വീടുകൾക്കും സ്‌കൂളുകൾക്കും വേണ്ടിയുള്ള സൗരോർജ ജാലകങ്ങൾ 
  2. കാറ്റ് ടർബൈനുകൾ: വീട്ടുമുറ്റത്ത് സ്ഥാപിക്കുന്നതിനുള്ള ചെറുകിട ടർബൈനുകൾ.
 *ഇത് എങ്ങനെ പ്രവർത്തിക്കുന്നു
  1. പുനരുപയോഗ ഊർജ്ജ സ്രോതസ്സുകൾ വൈദ്യുതി ഉത്പാദിപ്പിക്കുന്നു.
  2. സ്മാർട്ട് ഗ്രിഡുകൾ ഊർജ്ജ വിഹിതം കൈകാര്യം ചെയ്യുന്നു.
  4. സാമൂഹിക ഇടപെടൽ ഊർജ്ജ സംരക്ഷണം പ്രോത്സാഹിപ്പിക്കുന്നു.
  *ആരെയാണ് സഹായിക്കുന്നത്:*
 1. പ്രാദേശിക കമ്മ്യൂണിറ്റികൾ: വിശ്വസനീയമായ, ശുദ്ധമായ ഊർജ്ജ പ്രവേശനം.
  2. പരിസ്ഥിതി: ഹരിതഗൃഹ വാതക ഉദ്‌വമനം കുറച്ചു.
  3. ഭാവി തലമുറകൾ: സുസ്ഥിര ഊർജ്ജ പാരമ്പര്യം.
  *പ്രയോജനങ്ങൾ:*
 1. പുനരുൽപ്പാദിപ്പിക്കാവുന്ന ഊർജ്ജ സ്രോതസ്സ്
  2. കുറഞ്ഞ ഊർജ്ജ ബില്ലുകൾ
  3. തൊഴിൽ സൃഷ്ടിക്കൽ"	https://drive.google.com/uc?export=download&id=1DO3U9km34IEnn7sFKh36nAFcDWJZc1ZT	"{
    ""Novelty"": {
        ""score"": 6,
        ""reason"": ""The project proposes common renewable energy solutions like solar panels and wind turbines, showing some originality in their application but lacking unique innovation.""
    },
    ""Usefulness"": {
        ""score"": 8,
        ""reason"": ""The solution effectively addresses energy needs by promoting renewable sources, which can significantly benefit local communities.""
    },
    ""Feasibility"": {
        ""score"": 7,
        ""reason"": ""The implementation of solar panels and small wind turbines is practical, though initial setup costs and technical knowledge may pose challenges.""
    },
    ""Scalability"": {
        ""score"": 7,
        ""reason"": ""The solution can be adapted for various communities, but scaling may depend on local resources and infrastructure.""
    },
    ""Sustainability"": {
        ""score"": 9,
        ""reason"": ""Utilizing renewable energy sources promotes long-term environmental sustainability and reduces reliance on fossil fuels.""
    },
    ""Image_contains_summary"": ""The image depicts a model showcasing solar panels and wind turbines, illustrating the proposed renewable energy solutions for homes and schools.""
}"
9327	എല്ലാവിഷയങ്ങളിലും ചെറിയ ക്ലാസ്സ്‌ മുതൽ തന്നെ പ്രയാസമേറിയതും കൺഫ്യൂഷൻ ഉണ്ടാക്കുന്നതുമായ ധാരാളം പാഠഭാഗങ്ങൾ ഉണ്ട്.	ബുദ്ധിമുട്ടുള്ള പാഠഭാഗങ്ങൾ പഠിക്കുന്നതിനുവേണ്ടിയാണ് ഇങ്ങനെയൊരു മോഡൽ രൂപകല്പന ചെയ്തത്.. ഇത് നിർമ്മിക്കുന്നതിനുവേണ്ടി രണ്ട് തുല്യ ആകൃതിയുള്ള കാർഡ് ബോർഡ്, കേബിൾ, ബാറ്ററി, ബസർ സ്ക്രൂ കണക്ട് ചെയ്ത രണ്ട് പേനയുടെ ബോഡിയും, ചാർട്ട് പേപ്പർ, പഠിക്കേണ്ട പാഠഭാഗത്തിന്റെ വലിപ്പമുള്ള ചിത്രവും ആവശ്യമുണ്ട്. കാർഡ് ബോർഡിന് മുകളിൽ വൈറ്റ് ചാർട്ട് പേപ്പർ ഒട്ടിക്കുക. ആദ്യത്തെ കാർഡ്ബോർഡിൽ ചോദ്യവലികൾ എഴുതിയൊട്ടിക്കണം ഓരോ ചോദ്യത്തിലും ഓരോ ചെറിയ സ്ക്രൂ കണക്ട് ചെയ്യണം അടുത്ത കാർഡ്ബോർഡിൽ പഠിക്കേണ്ട ഭാഗം ഒട്ടിക്കണം. അതിനുശേഷം കേബിൾ ഉപയോഗിച്ച് കണക്ട് ചെയ്യുക.. രണ്ടു പേനയുടെ ബോഡിയിലും ഓരോ സ്ക്രൂ വീതം കണക്ട് ചെയ്യുക.കാർഡ് ബോർഡിന്റെ മറുവശത്ത് ബാറ്ററിയും ബസ്സറും കണക്ട് ചെയ്യണം സ്ക്രൂ ഉള്ള പേനയുടെ ബോഡി കൊണ്ടാണ് ചോദ്യവും ഉത്തരവും തമ്മിൽ ടച്ച്‌ ചെയ്യുന്നത്.ഉത്തരം ശരിയാണെങ്കിൽ ബസറിൽ നിന്ന് ശബ്ദം വരും. തെറ്റാണെങ്കിൽ ശബ്ദം കേൾക്കില്ല. ഇങ്ങനെ നമ്മുക്ക് വളരെ രസകരമായി പഠിക്കാം.	https://drive.google.com/uc?export=download&id=1OcW5h5ZZyO62OxooffsQWCoJ9_IbmrjD	"{
    ""Novelty"": {
        ""score"": 6,
        ""reason"": ""The model creatively combines a quiz format with a physical interaction mechanism, but the concept of using sensors for educational purposes is not entirely new.""
    },
    ""Usefulness"": {
        ""score"": 7,
        ""reason"": ""The solution effectively engages students in learning by providing immediate feedback, enhancing retention of difficult subjects.""
    },
    ""Feasibility"": {
        ""score"": 7,
        ""reason"": ""The components required for the model are generally accessible, and the construction process is straightforward for students.""
    },
    ""Scalability"": {
        ""score"": 6,
        ""reason"": ""While the model can be adapted for various subjects, scaling it for larger classrooms or different educational contexts may require additional resources.""
    },
    ""Sustainability"": {
        ""score"": 8,
        ""reason"": ""The model promotes ongoing learning and can be reused for different topics, making it a sustainable educational tool.""
    },
    ""Image_contains_summary"": ""The image shows a student-made interactive learning model with questions and answers related to the human body, demonstrating the proposed solution.""
}"
9638	വർധിച്ചു വരുന്ന ഗതാഗത കുരുക്ക്, തൊഴിലാളികളുടെ ലഭ്യത കുറവ് മൂലം മാലിന്യ നീക്കം ദുഷ്കരമാകുന്ന ഈ കാലത്ത് പൊതുജങ്ങളുടെ ജീവിതത്തെ ബാധിക്കാതെ ഉള്ള മാലിന്യ സംഭരണവും അവയുടെ സംസ്കരണ സ്ഥലത്തേക്ക് ഉള്ള സുഗമമായ കൈമാറ്റവും ഭൂഗർഭാന്തര സംവിധാനങ്ങളിലൂടെ ഈ ആശയം എങ്ങനെ പ്രാവർത്തികമാക്കാം.	വീടുകളിൽ നിന്നും ഫ്ലാറ്റുകളിൽ നിന്നും ശേഖരിച്ച മാലിന്യം പ്രത്യേകം തയ്യാറാക്കിയ മാലിന്യ പെട്ടിയിൽ നിക്ഷേപിച്ചു കഴിഞ്ഞാൽ ഒരു നിശ്ചിത അളവ് മാലിന്യമാകുമ്പോൾ പെട്ടിയുടെ അടിയിലെ വാൽവ് തുറക്കുകയും മർദ്ദം കുറഞ്ഞ പൈപ്പ് വ്യൂഹത്തിലേക്ക് മാലിന്യം സ്വയം കൈമാറ്റം ചെയ്യപ്പെടുകയും ചെയ്യുന്നു. മാലിന്യം മർദ്ദ വ്യത്യാസത്തിൽ പൈപ്പിലൂടെ അടുത്തുള്ള മാലിന്യ ശേഖരണ സ്ഥലത്ത് എത്തുകയും അവിടെ വേർതിരിക്കലും പുനചക്രമണവും സാധ്യമാവുകയും ചെയ്യും. മേൽ പ്രവർത്തി പൂർണ്ണമായും ഓട്ടോമാറ്റിക് ആയതിനാൽ മാലിന്യം ഒരു സ്ഥലത്ത് കെട്ടിക്കിടക്കുന്ന പ്രശ്നം ഉണ്ടാകുകയോ മാലിന്യം റോഡിലൂടെ ട്രാഫിക് ബുദ്ധിമുട്ട് ഉണ്ടാക്കി ദൂരേക്ക് കൊണ്ടുപോകേണ്ടി വരുകയോ ചെയ്യുന്നില്ല.	https://drive.google.com/uc?export=download&id=1I7J6GKYuawoMKgJBH6r2f1XEyTtaA_PR	"{
    ""Novelty"": {
        ""score"": 6,
        ""reason"": ""The automated waste disposal system presents a practical adaptation of existing waste management concepts with some original features.""
    },
    ""Usefulness"": {
        ""score"": 8,
        ""reason"": ""Effectively addresses waste accumulation and traffic issues by automating waste transfer to collection points.""
    },
    ""Feasibility"": {
        ""score"": 7,
        ""reason"": ""The proposed system is implementable using available materials and technology, though practical deployment may require further planning.""
    },
    ""Scalability"": {
        ""score"": 7,
        ""reason"": ""The solution can be adapted to various residential and urban settings, although infrastructure support is necessary for widespread implementation.""
    },
    ""Sustainability"": {
        ""score"": 8,
        ""reason"": ""The automated system promotes efficient waste management and reduces environmental impact by minimizing waste accumulation.""
    },
    ""Image_contains_summary"": ""The image shows a student presenting a model of an automated waste disposal system designed to facilitate efficient waste management.""
}"
10250	"EV യുടെ ചാർജ് പെട്ടന്ന് തീരുന്നതിനുള്ള പരിഹാരം
 ചാർജ് പെട്ടെന്ന് തീരുന്നു.അത്യാവശ്യ സാഹചര്യങ്ങളിൽ യാത്ര ചെയ്യുമ്പോൾ വാഹനം ഇടയിൽ നിൽക്കുന്നതിന് പരിഹാരമായി വാഹനത്തിൻറെ മോട്ടോറിൽ നിന്ന് ബെൽറ്റ് വഴി മറ്റൊരു മോട്ടോറിലേക്ക് കണക്ട് ചെയ്യുക.അതിൻറെ ഔട്ട്പുട്ട് DC യിലൂടെ ചാർജ് പോയിന്റുമായി ബന്ധിപ്പിക്കുക. അപ്പോൾ വാഹനം ഓടുന്ന സമയത്ത് കാറ്റിൻ്റെ ശക്തികൊണ്ട് വാഹനം ചാർജ് നിറയുന്നതാണ്."	"EV യുടെ ചാർജ് പെട്ടന്ന് തീരുന്നതിനുള്ള പരിഹാരം
 ചാർജ് പെട്ടെന്ന് തീരുന്നു.അത്യാവശ്യ സാഹചര്യങ്ങളിൽ യാത്ര ചെയ്യുമ്പോൾ വാഹനം ഇടയിൽ നിൽക്കുന്നതിന് പരിഹാരമായി വാഹനത്തിൻറെ മോട്ടോറിൽ നിന്ന് ബെൽറ്റ് വഴി മറ്റൊരു മോട്ടോറിലേക്ക് കണക്ട് ചെയ്യുക.അതിൻറെ ഔട്ട്പുട്ട് DC യിലൂടെ ചാർജ് പോയിന്റുമായി ബന്ധിപ്പിക്കുക. അപ്പോൾ വാഹനം ഓടുന്ന സമയത്ത് കാറ്റിൻ്റെ ശക്തികൊണ്ട് വാഹനം ചാർജ് നിറയുന്നതാണ്."	https://drive.google.com/uc?export=download&id=1G9WFBg0zX6QN1L0KLkVM9SF4Oezl7r3e	"{
    ""Novelty"": {
        ""score"": 5,
        ""reason"": ""The idea of using a motor to charge an EV while in motion shows some originality, but similar concepts exist in energy recovery systems.""
    },
    ""Usefulness"": {
        ""score"": 6,
        ""reason"": ""The solution addresses the issue of rapid battery depletion, providing a practical method for extending range during emergencies.""
    },
    ""Feasibility"": {
        ""score"": 5,
        ""reason"": ""While the concept is technically possible, practical implementation details and efficiency are not clearly outlined.""
    },
    ""Scalability"": {
        ""score"": 4,
        ""reason"": ""The solution may face challenges in scaling due to varying vehicle designs and energy requirements.""
    },
    ""Sustainability"": {
        ""score"": 6,
        ""reason"": ""Utilizing wind energy for charging promotes sustainability, but the overall effectiveness and resource management need further clarification.""
    },
    ""Image_contains_summary"": ""The image depicts a prototype of a small vehicle with electronic components, likely related to the proposed charging solution.""
}"
10358	"നഗരങ്ങളിൽ ആണ് ഏറ്റവും കൂടുതൽ മാലിന്യ പ്രശ്നം രൂക്ഷമായി കാണുന്നത് . ഇന്ന് പല നഗരങ്ങളും നേരിടുന്ന ഏറ്റവും വലിയ പ്രശ്നമാണ് മാലിന്യ പ്രശ്നം. 
 ജനസംഖ്യാ വർധനവും വ്യവസായ ശാലകളുടെ വർധനവും മാലിന്യ പ്രശ്നം ഭാവിയിലും കൂട്ടുകയേ ഉള്ളൂ. ഇതിന് ഒരു ശാശ്വത പരിഹാരം ശരിയായ രീതിയിൽ മാലിന്യ സംസ്കരണമാണ്."	"നഗരങ്ങൾ കേന്ദ്രീകരിച്ച് പ്ലാസ്റ്റിക് മലിനീകരണവും ്്ജലദൗർലഭ്യവും കൂടുതലാണ്. പ്ലാസ്റ്റിക് സംസ്കരണം ശരിയായ രീതിയിൽ നടക്കുന്നത് നഗരത്തെ വൃത്തിയാക്കി വെക്കാൻ സഹായിക്കുന്നു. 
  1. ഫ്ളാറ്റുകൾ കേന്ദ്രീകരിച്ച് സോളാർ എനർജി ഉപയോഗിക്കുന്നത് 
 2. വാട്ടർ റീ യൂസ് ചെയ്യുന്നത്
 3. പ്ലാസ്റ്റിക് മാലിന്യം ശുദ്ധീകരിച്ച് വ്യവസ്ഥയ ശാലകൾക്ക് നൽകുന്നത്"	https://drive.google.com/uc?export=download&id=16mPCHZgz46rcB_7uihPg65Escyr3gMDL	"{
    ""Novelty"": {
        ""score"": 5,
        ""reason"": ""The solution presents a familiar approach to waste management and recycling, utilizing solar energy and water reuse, but lacks innovative adaptations.""
    },
    ""Usefulness"": {
        ""score"": 7,
        ""reason"": ""Addresses urban waste management effectively by promoting plastic recycling and resource reuse, contributing to a cleaner environment.""
    },
    ""Feasibility"": {
        ""score"": 6,
        ""reason"": ""The proposed methods are practical but may require significant community engagement and infrastructure support for implementation.""
    },
    ""Scalability"": {
        ""score"": 6,
        ""reason"": ""The solution can be adapted to various urban settings, but scaling may depend on local resources and commitment to sustainability.""
    },
    ""Sustainability"": {
        ""score"": 8,
        ""reason"": ""Promotes long-term environmental health by focusing on recycling and renewable energy, supporting sustainable urban living.""
    },
    ""Image_contains_summary"": ""The image depicts a model representing a clean city initiative, showcasing elements like solar panels and waste processing facilities.""
}"
10511	അധിനിവേശ സസ്യങ്ങളുടെ സാന്നിധ്യം കണ്ടെത്തുക അവമൂലം ഉണ്ടാകുന്ന പാരിസ്ഥിതിക പ്രശ്നങ്ങൾക്ക് പരിഹാരം കണ്ടെത്തുക.	"അധിനിവേശ സസ്യങ്ങൾ ബയോമാസ്സ് ആയതിനാൽ. നശിപ്പിച്ചു കളയുന്നതിനേക്കാൾ അവിയിൽ നിന്ന് പ്രകൃതി ദത്ത നാരുകൾ എടുത്ത് പ്രോഡക്ടസ് ആക്കി മാറ്റാം. ബ്രഷ്, മാറ്റുകൾ, ബാഗുകൾ,കര കൗശല വസ്തുക്കൾ എന്നിവ നിർമ്മിക്കാം. 
 ജൈവ വളം നിർമിക്കാൻ ഉപയോഗിക്കാം. 
 പുതയിടാൻ ഉപയോഗിക്കാം. 
 അധിനിവേശ സ്വഭാവം കാർഷിക വിളകളുടെ വിത്തുകളിലേക്ക് എത്തിക്കാൻ ആയാൽ ( ജീനോമിക് ലെവൽ ). കാർഷിക രംഗത്ത് വിളവ് കൂടും. 
 . നിയന്ത്രിത ഉപയോഗം കൃഷി സ്ഥല ലഭ്യത കൂട്ടാൻ സഹായിക്കും."	https://drive.google.com/uc?export=download&id=1xnCjchopAv2cWssiEdO04inRiJ1BGXSx	"{
    ""Novelty"": {
        ""score"": 6,
        ""reason"": ""The idea of utilizing invasive species for creating products and organic fertilizers shows creativity, but similar concepts exist in environmental management.""
    },
    ""Usefulness"": {
        ""score"": 7,
        ""reason"": ""The solution addresses environmental issues by converting invasive plants into useful products, thus providing a practical benefit.""
    },
    ""Feasibility"": {
        ""score"": 6,
        ""reason"": ""While the concept is implementable, details on the actual process and resource availability are lacking, which may affect execution.""
    },
    ""Scalability"": {
        ""score"": 5,
        ""reason"": ""The approach can be scaled, but its effectiveness may vary based on local conditions and species involved.""
    },
    ""Sustainability"": {
        ""score"": 8,
        ""reason"": ""The solution promotes ecological balance and reduces waste, supporting long-term environmental sustainability.""
    },
    ""Image_contains_summary"": ""The image shows two students engaged in a project, likely related to their innovative solution for managing invasive plant species.""
}"
10533	മോട്ടറിടാത്ത ഒരു ദിവസവും നമ്മുടെ ജീവീതത്തിൽ കടന്നുപോകാറില്ല. എന്നാൽ മാസവും നല്ല രീതിയിലുള്ള കരന്റുമ്പില്ലും നമ്മൾ അഭിമുഗീകരിക്കാറുണ്ട്. എന്നാൽ വീടുകളിൽ സോളാർപേനലുകൾ വെക്കൽ വലിയ രീതിയിൽ പൈസ ചിലാവാകും. ഇത് ഒരു പ്രശ്നം തന്നെ	ട്ടാഗിയിലേക് വെള്ളം ചാടുബോൾ ജനറേറ്റർ കറങ്ങുകയും തുടർന്ന് ജനറേറ്റർ കുരന്റ് ഉൽപാതിപ്പി ചെയ്യുന്നു. ഈ കരന്റ് ഇൻവേറ്ററിലെതുകയും ചെയ്യുന്നു. ഈ കരന്റ് നമ്മുക്ക് ആവശ്യമുള്ളപോൾ ഉപയോഗിക്കുകയും ചെയ്യാം. ഇതിലൂടെ ഒരു വിദം കരന്റുമ്പില്ലിനെ നമുക്ക് നിയന്ത്രിക്കാൻ കഴിയും. ഇത് കൂടുതലും വിടകൾക്കും പിന്നെ സ്കൂളുകൾക്കും പിന്നെ ഹോസ്പിറ്റിലലുകൾക്കുമാണ് ഉപകാരപെടുക.	https://drive.google.com/uc?export=download&id=1ScBksl992flRB3F_nj239JrldLKGEGU5	"{
    ""Novelty"": {
        ""score"": 5,
        ""reason"": ""The concept of using water flow to generate electricity is known, but the specific application and mechanism described show some original thinking.""
    },
    ""Usefulness"": {
        ""score"": 7,
        ""reason"": ""The solution addresses the need for electricity in homes, schools, and hospitals, providing a practical alternative to traditional power sources.""
    },
    ""Feasibility"": {
        ""score"": 6,
        ""reason"": ""While the basic idea is implementable, details on the system's efficiency and scalability in real-world applications are lacking.""
    },
    ""Scalability"": {
        ""score"": 5,
        ""reason"": ""The solution could be adapted for larger installations, but challenges in resource availability and infrastructure may limit broader implementation.""
    },
    ""Sustainability"": {
        ""score"": 8,
        ""reason"": ""Utilizing water flow for energy generation is environmentally friendly and supports sustainable practices if maintained properly.""
    },
    ""Image_contains_summary"": ""The image shows a water-powered generator setup, indicating a prototype for generating electricity using water flow.""
}"
10966	ഇന്ന് വികസനവുമായി ബന്ധപ്പെട്ട് നമ്മുടെ രാജ്യത്ത് ആറ് വരി ഹൈവേ ലൈനുകൾ കൂടി കൂടി വരികയാണ് .മുഴുവൻ സമയങ്ങളിലും വാഹനങ്ങൾ നിരന്തരം ഓടിക്കൊണ്ടിരിക്കുന്നു .ഊർജ പ്രതിസന്ധി എന്ന് നാം നിരന്തരം കേട്ട് കൊണ്ടിരിക്കുന്ന പ്രധാന പ്രശ്നമാണ് . ഈ വികസന പ്രവർത്തനത്തോടൊപ്പം ഊർജ പ്രതിസന്ധിക്ക് ഒരു പരിഹാരവും കൂടി കൊണ്ടുവരിക എന്നതാണ് ഞങ്ങളുടെ ആശയം.ഊർജത്തിന്റെ ആവശ്യകത വര്ധിക്കാനിടയായ സാഹചര്യങ്ങളിൽ പ്രധാനപ്പെട്ട ഒന്നാണ് ജനസംഖ്യ വർദ്ധനവ് .ഇതു ഊർജ ഉപഭോഗത്തെ വലിയതരത്തിൽ ബാധിക്കുന്നു .ഊർജത്തിന്റെ ആവശ്യത്തിലുള്ള വർധനവും ലഭ്യതയിലുള്ള കുറവുമാണ് ഊർജ്ജപ്രതിസന്ധി .പാരമ്പര്യേതര ഊർജസ്രോതസ്സുകൾ ഉപയോഗപ്പെടുത്തി നമുക്ക് ഇതു ഒരു പരിധിവരെ പരിഹരിക്കാം.	സ്വയം പര്യാപ്ത ഹൈവേലൈന്‍ വഴി മൂന്നു രീതിയില്‍ വൈദ്യുതി നിര്‍മിക്കാന്‍ കഴിയുന്നു. ഹൈവേയുടെ ഒരു സൈഡില്‍ ക്രമീകരിച്ചിരിക്കുന്ന സോളാര്‍ പാനലുകള്‍ വഴി വൈദ്യുതി നിര്‍മ്മിക്കാന്‍ കഴിയുന്നു. വാഹനങ്ങള്‍ 50 km/hr വേഗതയില്‍ പോകുമ്പോള്‍ ലഭ്യമാകുന്ന കാറ്റില്‍ നിന്ന് വൈദ്യുതി ഉണ്ടാക്കാനുള്ള horizontal axis wind turbine രണ്ട് ഹൈവേ ലൈനിനു മധ്യത്തില്‍ ക്രമീകരിച്ചിരിക്കുന്നു. മൂന്നാമതായി പീസോ ഇലക്ട്രിസിറ്റിയും നിര്‍മ്മിക്കാം. വസ്തുക്കളെ അമര്‍ത്തുന്നതിലൂടെയുള്ള മര്‍ദ്ദത്തില്‍ നിന്നും വൈദ്യുതി നിര്‍മിക്കുന്നതാണ് പീസോ ഇലക്ട്രിസിറ്റി. റോഡിന് 5 cm താഴെയായി പീസോ ഇലക്ട്രിക് ഘടകങ്ങള്‍ ക്രമീകരിക്കുന്നതിനാല്‍ പീസോ ഇലക്ട്രിസിറ്റിയും നിര്‍മ്മിക്കാവുന്നതാണ്.	https://drive.google.com/uc?export=download&id=1ORXsr2QYAUqvK2WkME_SqjtTHjwMQlx_	"{
    ""Novelty"": {
        ""score"": 6,
        ""reason"": ""The integration of solar panels, wind turbines, and piezoelectric elements for energy generation on highways shows creative adaptation but relies on established technologies.""
    },
    ""Usefulness"": {
        ""score"": 8,
        ""reason"": ""The solution effectively addresses energy needs by utilizing renewable sources, contributing positively to energy sustainability.""
    },
    ""Feasibility"": {
        ""score"": 7,
        ""reason"": ""The proposed system can be realistically implemented with available technologies, though infrastructure considerations may complicate deployment.""
    },
    ""Scalability"": {
        ""score"": 7,
        ""reason"": ""The solution can be adapted to various highway contexts, but scaling may require significant investment and planning.""
    },
    ""Sustainability"": {
        ""score"": 9,
        ""reason"": ""Utilizing renewable energy sources ensures long-term sustainability and reduces reliance on non-renewable energy.""
    },
    ""Image_contains_summary"": ""The image depicts a prototype model showcasing a highway with solar panels, wind turbines, and piezoelectric elements for energy generation.""
}"
2113	आजकल हम दैनिक जीवन मे स्वास्थ्यवर्धक भोजन नहीं कर रहे हैं जिससे हमारे बहुत सारी बीमारियां हो रही है आजकल बच्चे जंक फूड खा रहे हैं जिससे मोटापा बढ़ रहा है	"हमें दैनिक जीवन में यह संतुलित भोजन करना चाहिए 
 
 *नाश्ता*
 
 1. ओट्स का पोहा (Oats Poha)
 2. फलों का सलाद (Fruit Salad)
 3. सब्जी की टिक्की (Veggie Tikki)
 4. ग्रीक योगर्ट और फल (Greek Yogurt with Fruit)
 5. इडली सांभर (Idli Sambhar)
 
 *दोपहर का भोजन*
 
 1. ब्राउन राइस और सब्जी की करी (Brown Rice and Veggie Curry)
 2. साबुत अनाज की रोटी और सब्जी (Whole Grain Roti and Veggie)
 3. चिकन या मछली की ग्रिल (Grilled Chicken or Fish)
 4. सलाद और साबुत अनाज की पुलाव (Salad and Brown Rice Pulav)
 5. दाल मखनी और साबुत अनाज की रोटी (Dal Makhni and Whole Grain Roti)
 
 *शाम का नाश्ता*
 
 1. फलों का जूस (Fruit Juice)
 2. हरी चाय और बिस्किट (Green Tea and Biscuits)
 3. नट्स और ड्राई फ्रूट्स (Nuts and Dry Fruits)
 4. सब्जी के स्नैक्स (Veggie Snacks)
 5. दही और फल (Yogurt and Fruit)
 
 इन स्वस्थ भोजन विचारों को अपनाकर आप अपने स्वास्थ्य को बेहतर बना सकते हैं और अपने शरीर को आवश्यक पोषक तत्व प्रदान कर सकते हैं।"		"{
    ""Novelty"": {
        ""score"": 4,
        ""reason"": ""The proposal suggests common healthy food options without introducing any unique or innovative meal plans.""
    },
    ""Usefulness"": {
        ""score"": 8,
        ""reason"": ""Promotes balanced nutrition which can effectively address obesity and health issues in children.""
    },
    ""Feasibility"": {
        ""score"": 7,
        ""reason"": ""The suggested meals are practical and can be prepared with readily available ingredients.""
    },
    ""Scalability"": {
        ""score"": 6,
        ""reason"": ""While the meal ideas can be adopted by many, scaling requires education on healthy eating habits.""
    },
    ""Sustainability"": {
        ""score"": 7,
        ""reason"": ""Encouraging healthy eating habits can lead to long-term benefits for health and well-being.""
    },
    ""Image_contains_summary"": ""Healthy meal suggestions to combat obesity and promote balanced nutrition.""
}"
9054	हमारे देश में मच्छरों एवं अन्य कीटों के कारण मलेरिया और डेंगू जैसे बहुत सारे रोग उत्पन्न होते है जिसका एक बहुत बड़ा कारण लोगों द्वारा मच्छर दानी का पर प्रयोग नहीं करना क्योंकि मच्छर दानी को बांधने में समस्या होती है उसके लिए या तो चारपाई के चारों पायो पर एक एक लकड़ी बांधनी होती है या दीवारों पर कील की सहायता से बांधना होता है जो बहुत ही कठिन होता है इसलिए लोग मच्छर दानी का प्रयोग नहीं करते.	एक सामान्य आयताकार मच्छर दानी जिसके ऊपरी दोनो किनारों पर एक एक लकड़ी का ब्रैकेट जो नीचे की तरफ जुड़े हैं तथा फ़ोल्ड किये जा सकते है इसी प्रकार मच्छर दानी के निचले भाग में भी लकड़ी का चौकोर ब्रैकेट जो एक तरफ से खुला हो लगा दिया जा जाता है जो आसानी से ओपन और फोल्ड किया जा सकता है इस प्रकार आसानी से ओपन और फोल्ड हो सकने वाली मच्छर दानी तैयार हो जाती है जिसे आसानी से चारपाई और जमीन पर नीचे लगाया जा सकता है वो भी बिना किसी सहारे के, इसे सहेजना भी काफी आसान है.		"{
    ""Novelty"": {
        ""score"": 6,
        ""reason"": ""The design of a foldable mosquito net with brackets shows some originality, but similar concepts exist.""
    },
    ""Usefulness"": {
        ""score"": 7,
        ""reason"": ""The solution addresses the practical issue of using mosquito nets effectively, providing a clear benefit.""
    },
    ""Feasibility"": {
        ""score"": 8,
        ""reason"": ""The proposed design is practical and can be constructed with readily available materials.""
    },
    ""Scalability"": {
        ""score"": 6,
        ""reason"": ""The design can be adapted for various sizes, but production may require standardization.""
    },
    ""Sustainability"": {
        ""score"": 7,
        ""reason"": ""The use of simple materials supports long-term usability, though durability details are not provided.""
    },
    ""Image_contains_summary"": ""The image depicts a prototype of a foldable mosquito net with brackets, illustrating its unique design for easy setup and storage.""
}"
10367	"हमारे देश के सभी शिक्षक सांकेतिक भाषा में पारंगत नहीं होते , न ही सभी विद्यालय में विशेष शिक्षक उपलब्ध होते है , जहां पर है भी , वहां में ऐसे विशेष बच्चो को संपूर्ण विषयों के सांकेतिक भाषा में पढ़ा पाना मुश्किल हो जाता है जिससे एक समावेशी शिक्षा के लक्ष्यों को प्राप्त कर पाने में समस्या का सामना करना पड़ता है ।
 जैसा कि हम जानते है नई शिक्षा नीति 2020 का समावेशी शिक्षा पर विशेष जोर है साथ ही नई शिक्षा नीति 2020 कहती है कि जो हमारे दिव्यांग बच्चे है वे सामान्य विद्यालयों में शिक्षा ग्रहण करेंगे , अलग से विशेष विद्यालय नहीं होंगे , उन बच्चों के लिए सामान्य विद्यालयों में ही जारी सुविधा उपलब्ध करना है ।
 
 
 यदि हम विशेष बच्चो में ऐसे बच्चो की बात करे जो सुन बोल नहीं सकते जिनके लिए विद्यालय क्या समस्या है तो हम देख पाते है कि ऐसे बच्चो के लिए सांकेतिक भाषा में पारंगत शिक्षक की कमी है जिसके कारण जो बच्चे सुन बोल नहीं सकते उनके लिए शिक्षा बड़ी चुनौती बन रही है ।"	स्कूल के विद्यार्थी जो सुन बोल नहीं सकते उनको संकेतों के माध्यम से शिक्षा देने के लिए तत्पर		"{
    ""Novelty"": {
        ""score"": 5,
        ""reason"": ""The solution addresses a common issue of providing education to hearing-impaired students but lacks unique methods or innovative approaches.""
    },
    ""Usefulness"": {
        ""score"": 7,
        ""reason"": ""The solution directly supports inclusive education by aiming to teach hearing-impaired students through sign language.""
    },
    ""Feasibility"": {
        ""score"": 6,
        ""reason"": ""While the intent is clear, the implementation depends on training teachers in sign language, which may require significant resources.""
    },
    ""Scalability"": {
        ""score"": 5,
        ""reason"": ""The solution can be applied in various schools, but scaling will depend on the availability of trained teachers and resources.""
    },
    ""Sustainability"": {
        ""score"": 6,
        ""reason"": ""The initiative can be sustained with proper training programs, but ongoing support and resources will be necessary to maintain effectiveness.""
    },
    ""Image_contains_summary"": ""This project aims to provide education to hearing-impaired students through sign language instruction, addressing the need for inclusive education as emphasized in India's National Education Policy 2020.""
}"
45710	हम आय दिन देख रहे है कि मोटरसाइकिल से कितनी दुर्घटना हो रही है। हर दिन कोई न कोई मर रहा है और ये प्रदूषण भी करती है।इसलिए इससे सुरक्षा के लिए हमे हेलमेट का उपयोग तो जरूर करना चाहिए इससे व्यक्ति का सिर बचा रहता है। इसमें भी एक पैनिक बटन लगाना चाहिए ताकि जब व्यक्ति असुरक्षित हो तो वह इसका उपयोग कर सकता है।	मोटरसाइकिल मै भी एक पैनिक बटन लगाना चाहिए । साथ ही मोटरसाइकिल के दोनो तरफ स्टैंड लगाने चाहिए।ताकि अगर वह उसे सम्हाल न पाए तो वह स्टैंड का उपयोग कर सकता है। और पैनिक बटन को बाइक पर लगाने से व्यक्ति समस्या के समय बटन दबाकर पुलिस को बुला सकता है।		"{
    ""Novelty"": {
        ""score"": 5,
        ""reason"": ""The idea of a panic button on a motorcycle is a familiar concept, but the addition of side stands shows some original thinking.""
    },
    ""Usefulness"": {
        ""score"": 6,
        ""reason"": ""The solution addresses safety concerns effectively by allowing users to call for help in emergencies.""
    },
    ""Feasibility"": {
        ""score"": 6,
        ""reason"": ""Adding a panic button and side stands is technically achievable, but implementation details are not fully explained.""
    },
    ""Scalability"": {
        ""score"": 5,
        ""reason"": ""The solution can be implemented on various motorcycles, but widespread adoption may require collaboration with manufacturers.""
    },
    ""Sustainability"": {
        ""score"": 7,
        ""reason"": ""The solution promotes long-term safety, but its operational sustainability depends on maintenance and user awareness.""
    },
    ""Image_contains_summary"": ""N/A""
}"
100754	हमारे आस पास प्लास्टिक बैग केरी बैग,प्लास्टिक बोटल आदी बहुत अधिक मात्रा में पाए जाते हैं हम इन सभी प्लास्टिक बैग केरी बेग आदी एकत्रित करके प्लास्टिक कचरे का इस्तमाल सड़क निर्माण में काम में लाया जा सकता है प्लास्टिक से सड़क निर्माण करके की प्रक्रिया कुछ इस प्रकार से है कटे हुए प्लास्टिक कचरे को एग्रीमेंट में मिलाया जाता हैं यह 30 से 60 सेकंड में एग्रीमेंट पर समान रूप से मिल जाता है इसी प्रकार से प्लॉस्टिक कचरे से लेपित एग्रीमेंट को गर्म बिटूमेन के साथ मिलाया जाता हैं इस मिश्रण का इस्तमाल सड़क निर्माण के लिया किया जाता हैं प्लास्टिक से बनीं सड़के टूट फुट के प्रति क जादा मज़बूत या प्रतिरोधी होती हैं/ इन सड़कों में अत्याधिक या कहे की भारी बारिश और जादा तापमान जैसी चरम मौसम स्थितियों का सामना करने कि क्षमता होती हैं प्लास्टिक कचरे का इस्तमाल करने से बीटूमेन की जरूरत कम हो जाती हैं जिससे लागत में बचत होती हैं और प्लास्टिक से सड़के पर्यावरण के लिए फायदेमंद होती हैं इन सड़को को बनाने की प्रक्रिया आसान हे और किसी खास मशीन की जरूरत नही ,प्लास्टिक से सड़के बनाने से प्लास्टिक बिनने वाले मजदूरो काम।	प्लास्टिक की सड़के बनाने में सबसे पहले प्लास्टिक केरी बेग कप, नरम और कठोर फोम और प्लास्टिक सहित बेकार प्लास्टिक को इकट्ठा करना शामिल है फिर इन्हें धोकर साफ किया जाता हैं पर्यावरण के लिए फायदेमंद प्लास्टिक से सड़क बनाने से पर्यावरण को होने वाले नुकसान को कम किया जा सकता है प्लास्टिक कचरे का इस्तमाल करने से लेडफिल या समुद्र में कचरा जाने से बचाया जा सकता है लागत में बचत प्लास्टिक से सड़क बनाने से बीटूमेन की जरूरत कम होती है जिसमें लागत में काफ़ी बचत होती है टिकाउ प्लास्टिक से बनी सड़के ज्यादा टिकाउ होती है ये भारी बारिश और ज्यादा गर्मी जैसी मौसम की मुश्किल परिस्थिति में भी टूटती फूटती नहीं हैं फिसलन कम प्लास्टिक से बनीं सड़के पारंपरिक सड़कों के मुकाबले ज्यादा सुरक्षित होती हैं इन पर फिसलन कम होती हैं रोजगार प्लास्टिक से सड़क बनाने से कूड़ा बिनने वालों को रोजगार मिलता है कम रखरखाव प्लास्टिक से बनी सड़को का रखरखाव कम करना पड़ता हैं पर्यावरण अनुकूल प्लास्टिक से सड़के बनाने कि प्रक्रिया में कोई जहरीली गैसे नही निकलती l		"{
    ""Novelty"": {
        ""score"": 6,
        ""reason"": ""The idea of using plastic waste in road construction is a known concept, but the local adaptation and emphasis on environmental benefits show some originality.""
    },
    ""Usefulness"": {
        ""score"": 8,
        ""reason"": ""The solution effectively addresses plastic waste management while providing durable roads, offering significant environmental and economic benefits.""
    },
    ""Feasibility"": {
        ""score"": 7,
        ""reason"": ""The method described is practical and can be implemented with available resources, though it requires community engagement for plastic collection.""
    },
    ""Scalability"": {
        ""score"": 7,
        ""reason"": ""The approach can be scaled to various regions, especially in areas with high plastic waste, but requires consistent supply and community involvement.""
    },
    ""Sustainability"": {
        ""score"": 9,
        ""reason"": ""Using plastic waste in road construction reduces environmental pollution and promotes sustainable practices, making it a long-term solution.""
    },
    ""Image_contains_summary"": ""The solution involves collecting plastic waste for road construction, highlighting environmental benefits and community involvement.""
}"
97800	"हर बच्चे को मुफ्त एवं प्राथमिक एवं माध्यमिक शिक्षा देनी चाहिए |
 लिंग और धन असमानताओं को खत्म करना |
 किफायती व्यवसायिक प्रशिक्षण तक समान पहुंच सुनिश्चित करना |"	"इस समस्या को इस प्रकार सुलझाया जा सकता है कि सरकार शिक्षा तो फ्री कर ही रही है | और जो ये अन्य फ्री में पैसे देने वाली योजनाएं चला रही है , इसके बजाय सरकार को देश के वो गरीब वर्गों का सर्वे करना चाहिए जो न तो खुद शिक्षित हे और न ही अपने बच्चों को शिक्षित कर पा रहे हे | उनका सर्वे करे उनको आर्थिक मदद दी जाय |
 सरकार को यह कदम भी उठाना चाहिए कि जो JEE तथा NEET की परीक्षा के लिए जो बड़े नाडे संस्थान खोले गए हे सरकार भी एक ऐसा संस्था खोले जो गरीब वर्गों के लिए ही हो और उनकी शिक्षा उन संस्थानों में हो"		"{
    ""Novelty"": {
        ""score"": 5,
        ""reason"": ""The proposal offers a familiar approach to addressing educational inequality but lacks unique or innovative strategies.""
    },
    ""Usefulness"": {
        ""score"": 6,
        ""reason"": ""The solution addresses critical issues of access to education and financial support for underprivileged groups.""
    },
    ""Feasibility"": {
        ""score"": 7,
        ""reason"": ""Implementing surveys and financial aid programs is realistic, though it requires substantial government coordination.""
    },
    ""Scalability"": {
        ""score"": 6,
        ""reason"": ""While the approach can be expanded, it relies heavily on government resources and infrastructure.""
    },
    ""Sustainability"": {
        ""score"": 5,
        ""reason"": ""Continued funding and political will are necessary for the long-term success of these initiatives.""
    },
    ""Image_contains_summary"": ""The proposal outlines a plan for improving access to education for underprivileged children in India.""
}"
28685	"कार पार्किंग सिस्टम के साथ कार रेन प्रोटेक्शन और स्मोक डिटेक्शन सिस्टम एक ऐसा प्रोजेक्ट है जो कई समस्याओं का समाधान करने के लिए बनाया जा रहा है।
  * कार की सुरक्षा: यह सिस्टम कार को बारिश से होने वाले नुकसान से बचाने में मदद करता है। बारिश के पानी से कार के पेंट और इंटीरियर को नुकसान हो सकता है। यह सिस्टम कार को धूप से भी बचाता है।
  * आग से सुरक्षा: स्मोक डिटेक्टर सिस्टम कार पार्किंग में आग लगने की स्थिति में तुरंत अलार्म बजाता है। इससे लोगों को समय रहते सुरक्षित स्थान पर जाकर अपनी जान बचाने का मौका मिल जाता है।
  * पार्किंग की समस्या का समाधान: यह सिस्टम कार पार्किंग की समस्या का भी समाधान करता है। यह सिस्टम कार को सुरक्षित और व्यवस्थित तरीके से पार्क करने में मदद करता है।
  * प्रदूषण नियंत्रण: यह सिस्टम कारों से निकलने वाले धुएं को कम करने में मदद करता है। स्मोक डिटेक्टर सिस्टम धुएं का पता लगाकर तुरंत अलार्म बजा देता है, जिससे कार के मालिक को धुएं का कारण पता चल जाता है और वह इसे ठीक करवा सकता है।"	"1. एकीकृत स्मार्ट पार्किंग सिस्टम:
  * पार्किंग स्थानों का ऑटोमैटिक आवंटन: एक स्मार्ट सिस्टम जो खाली पार्किंग स्थानों को ढूंढकर कारों को स्वचालित रूप से पार्क करने में मदद करता है।
  2. आग का पता लगाने और अलार्म सिस्टम: प्रत्येक पार्किंग स्थान पर धुआं और तापमान सेंसर लगाए जा सकते हैं जो आग लगने की स्थिति में तुरंत अलार्म बजा देंगे।
 3बारिश से सुरक्षा:
  * स्वचालित छायादार संरचना: बारिश होने पर कारों को ढकने के लिए स्वचालित छायादार संरचनाएं लगाई जा सकती हैं।"		"{
    ""Novelty"": {
        ""score"": 6,
        ""reason"": ""The integration of parking, smoke detection, and rain protection systems shows some originality, but similar concepts exist in existing smart parking solutions.""
    },
    ""Usefulness"": {
        ""score"": 8,
        ""reason"": ""Effectively addresses multiple real-world problems including vehicle protection, fire safety, and pollution control.""
    },
    ""Feasibility"": {
        ""score"": 7,
        ""reason"": ""The proposed technologies are generally implementable, though the integration and automation aspects may require significant resources.""
    },
    ""Scalability"": {
        ""score"": 7,
        ""reason"": ""The system can be adapted to various parking environments, but scalability may depend on infrastructure and technology availability.""
    },
    ""Sustainability"": {
        ""score"": 8,
        ""reason"": ""Promotes long-term vehicle protection and environmental benefits through pollution control and fire safety measures.""
    },
    ""Image_contains_summary"": ""This project describes an integrated smart parking system that provides rain protection, smoke detection, and efficient parking solutions.""
}"
6934	आजकल की डिजिटल दुनिया में, सुरक्षा एक महत्वपूर्ण पहलू बन चुकी है। बैंक लॉकर की सुरक्षा भी अत्यंत महत्वपूर्ण है क्योंकि ग्राहक अपने बहुमूल्य दस्तावेज़ और सामान को सुरक्षित रखना चाहते हैं। पारंपरिक लॉकर सिस्टम में उपयोगकर्ताओं को चाबी या पिन का इस्तेमाल करना पड़ता था, लेकिन RFID (Radio Frequency Identification) तकनीक के साथ लॉकर सिस्टम को और भी सुरक्षित और सुविधाजनक बनाया जा सकता है।	RFID एक वायरलेस तकनीक है जो रेडियो तरंगों के माध्यम से डिवाइसों के बीच डेटा ट्रांसफर करती है। इसमें एक RFID टैग और एक RFID रीडर होता है। RFID टैग में एक छोटा चिप और एंटीना होता है, जो डेटा को रीडर को भेजता है। यह डेटा बिना किसी शारीरिक संपर्क के पढ़ा जा सकता है, जिससे यह तकनीक पारंपरिक चाबी या पिन सिस्टम से कहीं अधिक सुरक्षित और प्रभावी होती है। बैंक लॉकर सिस्टम में RFID तकनीक का उपयोग ग्राहक की पहचान और लॉकर खोलने की प्रक्रिया को आसान और सुरक्षित बनाने के लिए किया जाता है। यहाँ पर RFID रीडर और RFID कार्ड का प्रमुख रूप से उपयोग होता है।ग्राहक को एक RFID कार्ड प्रदान किया जाता है जिसमें उनके लॉकर का डाटा और पहचान होती है। जब ग्राहक बैंक में प्रवेश करता है, तो वह अपने RFID कार्ड को रीडर के पास लाता है। यह रीडर ग्राहक के कार्ड से डेटा प्राप्त करता है और उसकी पहचान सत्यापित करता है। RFID रीडर एक डिवाइस है जो RFID टैग से सिग्नल प्राप्त करता है। यह सिग्नल रीडर को ग्राहक की पहचान, लॉकर का विवरण और अन्य जानकारी भेजता है। अगर ग्राहक का डेटा सही होता है, तो सिस्टम लॉकर को खोलने का आदेश देता है		"{
    ""Novelty"": {
        ""score"": 6,
        ""reason"": ""The use of RFID technology for bank lockers is a known concept but presents a modern adaptation to enhance security.""
    },
    ""Usefulness"": {
        ""score"": 8,
        ""reason"": ""The solution effectively improves security and convenience for users by eliminating the need for physical keys or PINs.""
    },
    ""Feasibility"": {
        ""score"": 7,
        ""reason"": ""Implementing RFID systems is technically feasible, though initial setup costs and infrastructure need consideration.""
    },
    ""Scalability"": {
        ""score"": 8,
        ""reason"": ""RFID systems can be easily scaled to multiple lockers and locations, making it suitable for widespread use.""
    },
    ""Sustainability"": {
        ""score"": 7,
        ""reason"": ""The technology is sustainable as it reduces the need for physical keys, but ongoing maintenance and updates are necessary.""
    },
    ""Image_contains_summary"": ""RFID technology enhances the security and convenience of bank lockers by using wireless identification for user authentication.""
}"
