CID	Problem	Solution	Image URL	Image Summary
3	Project synopsis :- In many places, many goods are stolen from the grid like Copper plates, wires, aluminium and these goods are very expensive due to which there is a lot of loss. Dispute there has been a 24 hour security guard there, but theft happens because one security guard cannot Guard everywhere . Every item like Copper plates, wires etc are expensive and sometimes electricity is also stolen.	"We developed a system in which we will place mirrors in such a way that they can reflect the light and also place a laser light at one corner and also place a receiver in which there is an alarm which sounds when light is not received . 
 
 Because one security guard cannot Guard everywhere so, when we plays this system automatically when someone come inside from some other ways the alarm will sound and guard been alert .(https://youtu.be/gKJiCGNaAwg?si=xMmwyxQNDkwS7kD5)"	https://drive.google.com/uc?export=download&id=1Xa-_KlHb9tyFLNcFXRKQ4KylVf5kGa4c	"- The image shows a blurry, low-light view of an electronic setup.
- It appears to be a student-made Proof of Concept (POC).
- Visible components include a circuit board with indicator lights (green, yellow), wires, and bright light sources (red, blue/cyan).
- Some green, possibly triangular structures are visible in the background, which might represent the ""mirrors"" mentioned in the solution.
- The student is likely trying to convey the presence of a light source (laser) and electronic control for their proposed security system.
- The image partially supports the solution by showing active electronic components and light, but its blurriness makes it hard to identify specific elements like the laser, mirrors, or receiver clearly.
- It does not clearly demonstrate the reflection mechanism or the alarm function."
12	"The ""Bus Safety System: Protecting Kids & Pedestrians"" is an innovative solution designed to enhance safety around buses, particularly for children and other pedestrians who might be at risk when a bus is stationary. This system addresses a critical safety issue: when a bus is stopped, children or pedestrians may walk in front of the bus, potentially putting themselves in danger if the driver cannot see them. Our system utilizes simple yet effective technology to prevent such accidents and ensure a safer environment.
 Problem Statement
 When a bus stops, especially in areas where visibility is limited, children might walk in front of the bus without the driver's knowledge. This can lead to dangerous situations where the bus might accidentally move forward, potentially causing accidents. To address this problem, a reliable and responsive safety system is needed to alert both the driver and the pedestrians."	"Our solution is the ""Bus Safety System: Protecting Kids & Pedestrians,"" which aims to enhance safety around stationary buses. It uses IR sensors mounted at the front of the bus to detect the presence of pedestrians. When a pedestrian is detected, the system activates a buzzer and a red visual light to alert the driver. Simultaneously, a playback module announces a pre-recorded message, ""Please move away from the front of the bus,"" to notify pedestrians. Additionally, the system integrates with the bus’s control to prevent movement if a pedestrian is detected. This solution helps children, pedestrians, and drivers by providing clear, immediate alerts and preventing accidents. It ensures that pedestrians are aware of their proximity to the bus and prevents the bus from moving until the area is clear, thereby addressing visibility issues and enhancing overall safety."	https://drive.google.com/uc?export=download&id=1-9OqbK2PLzzqFWfsWN26Dcu2YSi3IRC-	"- The image shows a student presenting a physical prototype of the ""Bus Safety System"" on a miniature road setup.
- It appears to be a student-made Proof of Concept (POC) using a toy bus, an Arduino-like circuit board, various wires, sensors (including an IR sensor), and LEDs.
- The student is conveying the physical implementation of their solution, demonstrating how sensors detect objects/pedestrians and trigger alerts (represented by red lights on the bus) and a potential movement prevention mechanism (a barrier-like structure).
- The image effectively supports the stated problem and solution by visually representing the core components of the proposed system, such as pedestrian detection and driver/pedestrian alerts, within a miniature bus safety scenario."
30	sugarcane like crops are not easy to cut	We are making a project that can easily cut the sugarcane it helps farmers and it reduce the work load.	https://drive.google.com/uc?export=download&id=191j58_AEm7HcZddzF3iwHKU6sWFdq_LV	"- The image shows a student-made prototype of a machine, primarily constructed from cardboard.
- It appears to be a proof-of-concept (POC) model, likely built by students.
- The student is trying to convey a mechanical system featuring a corrugated cardboard conveyor belt, possibly for feeding sugarcane into a processing unit (the orange box).
- The image supports the stated problem and solution by visually representing a potential machine designed to automate or ease the process of cutting sugarcane, thereby reducing workload."
52	In some war there are some people who faces problem to kill the enemies fast by the missile truck	Our team are creating a special machine which can help soldiers to fight	https://drive.google.com/uc?export=download&id=1LZW_XZlh58_aVWJiheWNV5oZUB_hK1Rb	"- The image shows two students presenting a simple cardboard model of a truck with yellow wheels.
- This appears to be a student-made prototype or Proof of Concept (POC).
- The students are likely conveying their proposed ""special machine"" solution, which is a truck, as a means to address the problem of engaging enemies faster.
- The image provides a basic visual representation of a truck, aligning with the "
208	In hotels, hospitals, and other large facilities, drying clothes efficiently is essential due to the high volume of laundry processed daily. Typically, clothes are placed outside in the sun to dry, but sudden or unexpected rainfall leads to all of these clothes getting soaked again. This situation causes considerable inconvenience, as the entire drying process is disrupted, making it challenging to keep up with daily laundry demands. Additionally, staff are burdened with the task of constantly checking for rain and rushing to bring clothes inside, which wastes time and effort. This frequent issue results in inefficiency in laundry management, adding unnecessary delays and workload.	To address the stability and balance issues of conventional modes of transportation like bicycles and motorcycles, the development of self-balancing bikes offers a promising solution. Self-balancing bikes use advanced technologies to enhance stability and safety, making them more accessible and safer for inexperienced riders. Self-balancing bikes can use gyroscopes to detect and counteract tilts, helping to maintain balance automatically.	https://drive.google.com/uc?export=download&id=1FiTc2jhOjmKpd6lz4EwtDMC8DuwNYj42	"- The image shows a student-made model of a house with a solar panel on its roof.
- A power bank is connected to the model, suggesting it powers components within the house model.
- It appears to be a student-made proof-of-concept or diorama.
- The student might be trying to convey an idea related to solar energy integration or a smart home system, given the solar panel and power connection.
- The image does not support the stated problem (efficient clothes drying in large facilities) or the proposed solution (self-balancing bikes) as there is no visible connection between the house model and either topic."
345	Natural Farming is a multilingual half yearly publication by National Centre for Organic an Natural Farming. Articles havindirect relevance Natural Farming technology and its regulatory mechanism, development of package of practices, success stories, news related to conferences, seminars etc.	"Natural Farming can be defined as “chemical- free farming and livestock based"". Soundly grounded in agro-ecology, it is a diversified farming system that integrates crops, trees and livestock, allowing the optimum use of functional biodiversity. Natural Farming holds the promise of enhancing farmers’ income while delivering many other benefits, such as restoration of soil fertility and environmental health, and mitigating and/or reducing greenhouse gas Substantial increase in input costs has led to decline in crop income over the years. The price of urea, DAP and potash has risen by60% - 600 % in last decade. Though, per hectare real value of output increased foremost crops in recent years, but the rise in input cost was much higher, resulting into reduced farm income. Moreover, green revolution technology is now contemplated to be degrading the agro-ecosystem: and diminishing the economic returns for the farmers. Several studies have shown that chemical fertilizer and pesticides ."	https://drive.google.com/uc?export=download&id=1mt94RO0pW0LrDV_mt3hoKalDJSrb_NlR	"- The image shows a student-made diorama or model depicting two different farming approaches.
- It appears to be a student-made Proof of Concept (POC) or educational model.
- The student is conveying a comparison between conventional agriculture (labeled 'This Agriculture' on one side with an irrigation system) and 'Natural Farming' (on the other side with more diverse elements like trees and a house).
- The image supports the stated problem and solution by visually illustrating the concept of natural farming as a diversified, integrated system, contrasting it with what might represent chemical-intensive farming."
372	Nowadays thefts are very much in the society. They are robbering the homes, offices, banks etc. So controlling theft in the society.	Anti theft alram is a sensor based it detects the when theft is going to theft the materials in home iffice also in a banks.	https://drive.google.com/uc?export=download&id=1cERBmqaf7U20BQaq0IeTIHhpMPR5oFaW	"- The image displays a physical prototype of a house model, constructed from cardboard, with electronic components attached.
- It appears to be a student-made Proof of Concept (POC).
- The student is attempting to convey a visual representation of their 'Anti theft alram' solution, demonstrating its application in a building setting.
- The image effectively supports the stated problem of theft and the proposed solution of a sensor-based anti-theft alarm for homes."
713	Liquid waste can become especially challenging and hazardous when not handled effectively, as it can cause issues due to its ability to spread quickly and pollute large areas with minimal contact. Waste can occur in many forms and requires special methods of disposal to ensure safety and prevent contamination.in our socity water is polluted due to varies reason	"Root Zoning. Root zoning is a process that is used to handle liquid waste or wastewater from homes and businesses. ...
  Solidification. ...
  Composting. ...
  Sedimentation. ...
  De watering. ...
  Incineration."	https://drive.google.com/uc?export=download&id=1qFUzpMQ0ZT85VLM8W3knoYzsYAgdsvrR	"- The image shows a simple experimental setup featuring two clear plastic jars with red lids, connected by a clear tube. A student's hand is visible, pressing down on one of the jar lids. An empty clear plastic cup is also on the table.
- This appears to be a student-made Proof of Concept (POC) or a demonstration model, utilizing common household items.
- The student is likely attempting to convey a basic process of liquid transfer or a preliminary stage of liquid separation/filtration, which could be part of a liquid waste management system.
- The image broadly supports the general problem of handling liquid waste. However, it does not clearly illustrate or demonstrate any of the specific, more complex solutions (Root Zoning, Solidification, Composting, Sedimentation, De-watering, Incineration) mentioned in the proposed solution."
752	Road light project	Road light project	https://drive.google.com/uc?export=download&id=1ibkknzirZszKxN3pEUkQaBEwtRVKWsg8	"- The image shows a student presenting a tabletop prototype of a road light system.
- It appears to be a student-made Proof of Concept (POC), likely for a school project.
- The prototype features a miniature road segment with a multi-branched street light pole, connected to electronic components, wiring, and two 9V batteries.
- The student is conveying a functional model of a road light, possibly demonstrating an automated or smart lighting solution.
- The image directly supports the broad problem and solution of a 'Road light project' by providing a tangible representation of the innovation."
825	"Hydroponic farming can face a number of challenges, including: 
 High setup cost: Setting up a hydroponic system can be expensive, especially for large-scale systems. 
 Constant power supply: Hydroponic systems need electricity to run continuously. 
 Maintenance and monitoring: Growers need to be vigilant to avoid component failure. 
 Common problems: Some common problems include wilting, dead roots, system clogging, infestation, and nutrient deficiencies"	"Problem: Wilting
 
 It can be due to several factors such as less irrigation or high temperature, where the plant loses its rigidity, and leaves start drying.in our project automatic mobile controlled drip irrigation is used.this is managed from our house and controled thousands of hydroponic plants in one time .
 
  
 
 Solution: You should let your roots dry between each irrigation cycle. A backup pump should always be handy if the operating one gets fail because the plants can wilt quickly without water supply.
 
  
 
 Problem: Dead Roots
 
 There are many reasons for dead roots like high temperature of water, very high or very low EC, overwatering in dense substrates, and others. Dead roots can also be a sign of root rot pathogen infecting the system.
 
  
 
 Solution: First, you should remove the plants having dead roots and then regulate the water temperature accordingly to increase aeration. Regular cleaning and sanitization of the system can eliminate the pathogen."	https://drive.google.com/uc?export=download&id=1pWF3R1BX-la66uPGx051dNW_2hVLcHUl	"- The image shows three students presenting a small, two-tiered hydroponic prototype made from repurposed plastic containers.
- It appears to be a student-made Proof of Concept (POC) demonstrating a basic hydroponic setup.
- The students are conveying a simple, potentially low-cost approach to hydroponic farming.
- The image supports the general concept of hydroponics and indirectly suggests an attempt to address high setup costs. However, it does not visually demonstrate the proposed solutions such as 'automatic mobile controlled drip irrigation' or specific mechanisms for preventing 'wilting' or 'dead roots'."
876	Our school is facing drinking water scarcity since long.. Tape water is not available in the school.our school manages water by buckets or by tankers.. The Village in which school is located has been divided into three habitations or Mohlas Dodder Mohala,Khoja Mohlas And Raja Mohlas.. The School is located in Raja Mohla which is situated on High altitude as compared to the other two habitations or Mohlas.Two habitations among the three recieve frequent supply of tap water but the School habitation couldn't receive enough water to full fill the demand of water in the school.. Due this problem the inhabitants of the School habitation and School itself suffers a lot.	The village have about 10 natural water springs excreting pure crystal clear water continuously.The water flows 24×7 and gets wasted due to miss management.If that water is collected in a well constructed water bowl at spring site,then lifted through water pump and supplied to the school and inhabitants of school habitation.. water crisis in the school and school habitation will resolve for ever in the area.	https://drive.google.com/uc?export=download&id=1zGk2zzfGsObr34CiRTdVTNtDhGBgwdfy	"- The image shows a student collecting clear water from a small stream or outflow using a plastic bottle.
- This appears to be a student-captured image, likely illustrating a local natural water source.
- The student is conveying the availability of natural water, which is the core resource for their proposed solution.
- The image supports the solution by visually confirming the presence of natural water, but does not depict any part of the proposed collection or distribution infrastructure."
940	rajasthan main water ki kami hai	Drip Irrigation:- faldaal podho bagicho avm vraksho main pani dene ka sarvotam tarika hai. isse podho ko boond boond karke jal prapt hota hai	https://drive.google.com/uc?export=download&id=1MPPLxcvzjI0n7Xx0iziXcvncrXLf4lox	"- The image displays a hand-drawn diagram illustrating a drip irrigation system.
- It shows a water source (a bucket) connected via pipes to a grid of plants, depicting water being delivered directly to the plants.
- Accompanying handwritten text in Hindi explains the purpose of drip irrigation, lists materials (water, pipe), and describes the method.
- This appears to be a student-made diagram, likely from a Class 6 student, explaining the concept.
- The student is conveying how drip irrigation works by delivering water drop-by-drop directly to plants, emphasizing its efficiency.
- The image effectively supports the proposed solution of drip irrigation as a water-saving method, directly addressing the problem of water scarcity."
950	This project may give solution to burning problem of drying clothes in rainy season. As iam hosteler I unable to dry my clothes in rainy season	"Rain sensor detects rain and sends signals to arduino
 Arduino activates relay module
 Relay module control Motor to close/open water resistant cover
 Clothes are protected form rain"	https://drive.google.com/uc?export=download&id=1ZIU8lf7xycM3sTsH6eHI8lpJOhDNLE9y	"- The image shows a student demonstrating a multi-level physical prototype resembling a house or hostel building.
- Miniature clothes are hanging on lines on the lower and upper levels of the model.
- The student is holding a water bottle, appearing to simulate rain over the prototype.
- A red LED light is visible on the upper structure, along with some wiring, suggesting electronic components are integrated.
- This appears to be a student-made Proof of Concept (POC) model, constructed from craft materials.
- The student is trying to convey how their innovation protects clothes from rain by showing a setup where clothes are exposed and then simulating rain.
- The image supports the problem by visually representing clothes being dried. It supports the proposed solution conceptually by showing a model that could house an automated system, though the specific components like the rain sensor, Arduino, relay, motor, and the closing mechanism of the water-resistant cover are not clearly visible or demonstrated in action."
1827	मैं अभी एक हफ्ते के लिए मनाली टूर में फैमिली के साथ गया थाl इस टूर में हमारा आधे से ज्यादा सफर ट्रेन में हुआ, जिससे मैं ट्रेन में यह देखा कि सफर के दौरान हमारे रिजर्वेशन सीट के पास ही ट्रेन का टॉयलेट था जिसमें से गंदी बदबू आ रही थी जब मैं बाथरुम गया तब वहां देखा की टॉयलेट में बहुत ज्यादा गंदगी थी लोग टॉयलेट का उपयोग करके फ्लश(पानी का उपयोग ) किए बिना बाहर आ जाते थे जिसके कारण बदबू न केवल टॉयलेट में बल्कि पास की बोगी में भी होने लगा l	हमारी टीम ने इस समस्या को सुलझाने के लिए यहां एक आसान तरीका ढूंढा जिसमें हमने टॉयलेट के फ्लश को और टॉयलेट के दरवाजा को इस तरह से मैनेज किया की अगर व्यक्ति टॉयलेट को फ्लश किए बिना चला जाता है तो जैसे ही वह दरवाजा खोलेगा फ्लश ऑटोमेटिक ऑन हो जाएगा और फ्लश के कंप्लीट होने के कुछ सेंकड बाद दरवाजा वापस लॉक हो जाएगा l जिससे ट्रेन के सभी यात्रियों को टॉयलेट जाने में सुविधा होगी l	https://drive.google.com/uc?export=download&id=14DDtr8_lZRvGn_GeG9vL4-d0wCMaZwXI	"- The image displays a student-made cardboard prototype of a toilet area.
- It features a miniature toilet bowl, walls, and a door, suggesting a conceptual model of a train toilet.
- This appears to be a student-made Proof of Concept (POC) or a physical model.
- The student is conveying the physical layout where their automatic flushing system would be implemented.
- The image supports the problem and solution by visualizing the environment (a toilet) where the proposed innovation would operate, though it does not show the automatic mechanism itself."
2428	हमारी समस्या यह है कि कई बार लोगों के घर में सिलेंडर खत्म हो जाता है तो और उस वक्त दूसरे घर से लाने में दिक्कत होती है इस विषय पर है।	इस समस्या का सुझाव हमने बहुत अच्छी तरीके से की है। हमारी टीम ने सिलेंडर के ऊपर एक मीटर लगाया है। उस मीटर से पता चलता रहे की सिलेंडर के अंदर कितनी गैस बाकी है इससे बहुत सारे घरों के अंदर मदद भी होगी मदद इसलिए होगी कि जब उनके के घर में सिलेंडर खत्म होने वाला होगा तो वह लोग पहले से ही एक सिलेंडर खरीद लेंगे।अतः यह हमारी समस्या का सुझाव है।	https://drive.google.com/uc?export=download&id=1LSreaaYr0b8xgGBnaQ4PURf4yM2KiU3p	"- The image displays a student-drawn diagram of a red LPG cylinder on a whiteboard.
- A meter with a needle is depicted attached to the top of the cylinder.
- This appears to be a student-made conceptual diagram or sketch.
- The student is conveying their proposed solution: a meter attached to the cylinder to indicate the remaining gas level.
- The image directly supports the stated problem and solution by visually representing the core idea of adding a gas level indicator to prevent unexpected gas depletion."
2535	पौधों को पानी देने के लिए कुशल और विश्वसनीय प्रणालियों की कमी से या तो ज़रूरत से ज़्यादा पानी या कम पानी मिल सकता है, जो पौधों के स्वास्थ्य, विकास और उपज पर प्रतिकूल प्रभाव डालता है। सौर पैनलों द्वारा संचालित नमी सेंसर एक समाधान प्रदान कर सकते हैं, लेकिन उनके कार्यान्वयन में चुनौतियाँ उनकी प्रभावशीलता और विश्वसनीयता को सीमित कर सकती हैं। पारंपरिक सिंचाई विधियों पर निर्भरता अक्सर कृषि और बागवानी में अकुशल जल उपयोग की ओर ले जाती है, जिसके परिणामस्वरूप पौधों को ज़रूरत से ज़्यादा पानी या कम पानी मिल पाता है। जबकि सौर पैनलों द्वारा संचालित नमी सेंसर वास्तविक समय की मिट्टी की नमी के स्तर के आधार पर पानी देने को स्वचालित करने के लिए एक आशाजनक समाधान प्रदान करते हैं, कई चुनौतियाँ उनकी प्रभावशीलता में बाधा डालती हैं। इन चुनौतियों में असंगत सौर ऊर्जा आपूर्ति, अंशांकन समस्याएँ, तकनीकी विफलताएँ और उपयोगकर्ता की समझ की कमी शामिल है। नतीजतन, इसका परिणाम पौधों के खराब स्वास्थ्य, संसाधन की बर्बादी, आर्थिक नुकसान और पर्यावरण क्षरण होता है। विश्वसनीयता और दक्षता को बढ़ाने की सख्त ज़रूरत है।	"प्रस्तावित समाधान एक एकीकृत सौर-संचालित नमी सेंसर सिंचाई प्रणाली है जो वास्तविक समय की मिट्टी की नमी के स्तर के आधार पर पानी देने की प्रक्रिया को स्वचालित करती है। यह प्रणाली उन्नत नमी सेंसर, कुशल सौर पैनल और स्मार्ट सिंचाई तकनीकों को जोड़ती है ताकि संसाधनों की बर्बादी को कम करते हुए इष्टतम संयंत्र जलयोजन सुनिश्चित किया जा सके।
 यह कैसे काम करता है...1. नमी सेंसर: - स्थापना: नमी की मात्रा को सटीक रूप से मापने के लिए मिट्टी में विभिन्न गहराई पर नमी सेंसर लगाए जाते हैं।
 2. सौर ऊर्जा आपूर्ति: - सौर पैनल। उच्च दक्षता वाले सौर पैनल नमी सेंसर और सिंचाई प्रणाली को शक्ति प्रदान करते हैं। वे सूर्य के प्रकाश के संपर्क को अधिकतम करने के लिए तैनात किए जाते हैं, जिससे विश्वसनीय ऊर्जा उत्पादन सुनिश्चित होता है। - ऊर्जा भंडारण: एक रिचार्जेबल बैटरी दिन के दौरान उत्पन्न अतिरिक्त ऊर्जा को बादल मौसम या रात के समय सिस्टम को शक्ति प्रदान करने के लिए संग्रहीत करती है।3. डेटा प्रोसेसिंग और सिंचाई नियंत्रण: 4, उपयोगकर्ता इंटरफ़ेस
 ,यह किसकी मदद करता है
 1. किसान और कृषि श्रमिक:
 2. माली और बागवानी विशेषज्ञ
 3, शहर"	https://drive.google.com/uc?export=download&id=1dDjlkaQVCFOCl1lcS125zI1MHjQT2Ke-	"- The image shows a prototype setup for an automated irrigation system.
- It includes an Arduino microcontroller board, a relay module with an illuminated LED, a small pump (likely submerged in the bucket), and a soil moisture sensor placed in a pot.
- This appears to be a student-made Proof of Concept (POC) using common electronic components.
- The student is conveying the core functional aspect of their innovation: using a moisture sensor to control water delivery to plants.
- The image effectively supports the 'moisture sensors' and 'data processing and irrigation control' aspects of the proposed solution, demonstrating the automation of watering based on soil moisture. However, it does not show the solar power supply or energy storage components mentioned in the solution."
2539	शहर में कई लोग ट्रैफिक सिग्नल के पास बिना सिग्नल के ही चले जाते हैं जिससे दुर्घटना होने की आशंका रहती है इसके लिए हमने स्मार्ट ट्रैफिक सिस्टम बनाया है जो एक ही सिग्नल को ही जाने देता है उसके बाद बाकी सिग्नल बंद हो जाता है जिससे घटना होने की संभावना बहुत कम हो जाती है	स्मार्ट ट्रैफिक सिस्टम में अगर सिग्नल बाय साइड की और है तो वह ऑटोमेटिक बाकी सभी रास्तों को गेट के द्वारा बंद कर देता है जिससे कोई भी गाड़ी सवार व्यक्ति बिना सिग्नल के रास्ता पार नहीं कर सकता है जिससे सिग्नल पर होने वाले घटनाएं को बहुत ही काम किया जा सकता है क्योंकि एक ही साइड से वाहनों का जाना हो सकता है जिससे उनके टकराने की संभावना बहुत ही काम हो जाएगी और सड़क में होने वाली घटनाओं को कम किया जा सकता है जिससे मनुष्य की जनहानि बहुत कम होगी यह मनुष्य के लिए बहुत लाभदायक है खासकर वाहन चलाने वालों के लिए यह हमारे प्रोजेक्ट का एक आइडिया है जिसे हमने प्रोटोटाइप के रूप में बनाया है यह ट्रैफिक संबंधित होने वाली दुर्घटनाओं को बहुत काम कर देता है यही स्मार्ट ट्रैफिक सिस्टम है	https://drive.google.com/uc?export=download&id=1gQDp19vrzZrnDtCpzIqnmKkrRxWvwmZl	"- The image displays a student-made physical prototype of a smart traffic intersection.
- It features a painted road layout with lane markings, pedestrian crossings, and multiple light poles (some with small LEDs).
- A yellow barrier labeled ""STOP"" is visible across one lane, representing the 'gate' mechanism described in the solution.
- The student is conveying their concept of a smart traffic system that physically blocks off roads to prevent vehicles from crossing against a signal.
- The image strongly supports the stated problem and solution by visually demonstrating the core idea of using barriers to enforce traffic rules and reduce accidents."
2821	"औद्योगिक कार्यशालाओं में, आरा मशीनों का उपयोग आम तौर पर सामग्री काटने के लिए किया जाता है। हालाँकि, ये मशीनें ऑपरेटरों के लिए महत्वपूर्ण सुरक्षा जोखिम पैदा करती हैं, जिसमें आकस्मिक हाथ की चोट एक बड़ी चिंता का विषय है। आपातकालीन स्टॉप बटन या सुरक्षात्मक गार्ड जैसे पारंपरिक सुरक्षा तंत्र दुर्घटनाओं को रोकने के लिए पर्याप्त तेज़ी से प्रतिक्रिया नहीं कर सकते हैं।
 
 इस परियोजना का उद्देश्य एक *अल्ट्रासोनिक सेंसर* और *Arduino* का उपयोग करके एक *वास्तविक समय सुरक्षा प्रणाली* को डिज़ाइन और कार्यान्वित करना है। यदि कोई वस्तु (जैसे ऑपरेटर का हाथ) आरा ब्लेड के **30 सेमी* के भीतर आती है, तो सिस्टम स्वचालित रूप से आरा मशीन को रोक देगा, जिससे संभावित चोटों को रोका जा सकेगा। इसके अतिरिक्त, अतिरिक्त सुरक्षा के लिए एक *मैनुअल आपातकालीन स्टॉप बटन* एकीकृत किया जाएगा। मोटर केवल तभी संचालन फिर से शुरू करेगी जब वस्तु निर्दिष्ट सुरक्षा दूरी से आगे बढ़ जाएगी।1. ब्लेड के 30 सेमी के भीतर किसी वस्तु या हाथ का पता चलने पर आरा मोटर को रोककर दुर्घटनाओं को रोकें।"	"हमारा समाधान एक *स्वचालित सुरक्षा प्रणाली* है जो ब्लेड के *30 सेमी* के भीतर किसी वस्तु या हाथ के आने पर आरा मोटर को रोक देती है। यह प्रणाली एक *अल्ट्रासोनिक सेंसर (HC-SR04), **Arduino UNO, और एक **रिले मॉड्यूल* का उपयोग करके बनाई गई है जो आरा ब्लेड का अनुकरण करने वाली 5V DC मोटर को नियंत्रित करती है। इसके अतिरिक्त, एक *आपातकालीन स्टॉप बटन* तत्काल शटडाउन के लिए मैन्युअल नियंत्रण प्रदान करता है।
 ### *समाधान कैसे काम करता है:*
 1. *ऑब्जेक्ट डिटेक्शन:*
 - यदि ऑपरेटर का हाथ *30 सेमी* के भीतर आता है, तो तरंगें वापस उछलती हैं, और Arduino गणना करता है कि यदि दूरी *30 सेमी* से कम है, तो Arduino मोटर को *बंद* करने के लिए **रिले मॉड्यूल* को ट्रिगर करता है।
 2. *स्वचालित मोटर नियंत्रण:*- यदि 30 सेमी के भीतर कोई हाथ नहीं पाया जाता है, तो मोटर सामान्य रूप से चलती है।
  3. *आपातकालीन स्टॉप बटन:*
 
 *समाधान किसकी मदद करता है:*
 1. मशीन ऑपरेटर:
 
 2. कार्यशाला प्रबंधक और पर्यवेक्षक:
 
 3. कंपनी के मालिक:
 
 *समाधान समस्या का समाधान कैसे करता है:*
 दुर्घटना की रोकथाम: स्वचालित नियंत्रण: न्यूनतम डाउनटाइम:बेहतर सुरक्षा"	https://drive.google.com/uc?export=download&id=1AvbWuh2kzhATruryUzC-L3KdRmirSO_B	"- The image shows a student-made proof-of-concept (POC) for a saw machine safety system.
- It features an Arduino board, an HC-SR04 ultrasonic sensor, and an emergency stop button held by a hand.
- A small black component, possibly a buzzer or a simulated motor, is also visible and wired into the setup.
- The student is conveying the physical implementation of their proposed real-time safety system using the specified electronic components.
- The image directly supports the stated problem and solution by demonstrating the core components (ultrasonic sensor, Arduino, emergency stop button) intended to detect objects and prevent accidents."
5947	यदि कही किसी दुर्घटना से आग लग जाय और यदि इसका सही समय में समाधान न किया जाय तो यह भयंकर रूप धारण कर लेती है। यदि किसी जगह पर आग लग जाती है और हमे उसका पता नही है तो यह धीरे धीरे विशाल रूप धारण कर लेता है जहा आग लगा है उसके साथ आस पास का पूरा क्षेत्र बर्बाद हो जाता है।	"हमने इस समस्या के समाधान के लिए एक स्मार्ट डिवाइस जिसका नाम है फायर अलर्ट सिस्टम का निर्माण किया है। यह स्मार्ट उपकरण है यह जिस नंबर से कनेक्ट है उसे नंबर पर आग लग जाने पर मैसेज और कॉल करता है जिससे हमें पता चल जाता है आग लगी है और हम फायर ब्रिगेड के पास कॉल कर सकते हैं और इसे होने वाले भयंकर परिणाम को रोक सकते हैं।
 यह फायर या स्मोक को डिटेक्ट करता है उसके बाद अलर्ट सिग्नल भेजता है। हम दुनिया के किसी भी कोने पर होंगे हमे इसका मैसेज,कॉल प्राप्त होगा।"	https://drive.google.com/uc?export=download&id=1Fp2KwYZ7l8piN5svb9c2ZESOsJpf9M0C	"- The image shows a student-made miniature model of a building or a street scene, likely constructed from cardboard.
- An electronic component, appearing to be a gas/smoke sensor, is visible in the upper right corner, connected to wires.
- This appears to be a student-made Proof of Concept (POC) or a demonstration model.
- The student is trying to convey the physical setup of their 'Fire Alert System' within a simulated environment, highlighting the sensor component that detects fire/smoke.
- The image provides basic visual support for the proposed solution by showing a key component (the sensor) in a contextual model, demonstrating how it would be integrated to address the problem of undetected fires."
6869	भूकंप एक प्राकृतिक आपदा है जो किसी भी समय और किसी भी स्थान पर आ सकती है।	भूकंप अलार्म भूकंप आने के समय बजने लगता है जिससे समय रहते लोग घरों से लोग सुरक्षित स्थान पर जा सकते हैं।	https://drive.google.com/uc?export=download&id=1Oq-zp14KYtwHoLGoKs9f1Foi3N3SxATb	"- The image shows two students presenting a physical model on a table. The model consists of a small, yellow house-like structure and a simple mechanism with a yellow vertical stand and a small metal ring hanging from it, all mounted on a base.
- This appears to be a student-made Proof of Concept (POC) or a demonstration model, constructed from basic materials.
- The students are likely trying to convey the concept of an earthquake alarm system, where the hanging mechanism would trigger an alarm (not visible) when disturbed by vibrations, protecting the house represented by the model.
- The image directly supports the stated problem and solution by providing a visual representation of an 'earthquake alarm' prototype, demonstrating how it might be set up to protect a structure."
7766	हमारे गांव में एक महिला अपने किचन में गैस में दूध चढ़ा कर चली चली गई थी तो हवा के कारण गैस के बजने से पूरे किचन में एलपीजी गैस फैल जाता है । फिर वह महिला वापस किचन में आती है तो उसने देखा कि गैस बुझ चुका था फिर उसने गैस जलाने के लिए लाइटर में क्लिक किया फिर वहां ब्लास्ट हुआ जिससे उस महिला के साथ दुर्घटना हो गई ।	यह गैस सेफ्टी डिवाइस गैस के रिसाव को सेंस करके रेगुलेटर को ऑफ करेगा और एक बजर बजेगा । जिससे अगर कोई व्यक्ति आसपास हो तो उसे पता चल जाएगा कि यहां गैस रिसाव हुआ है। जिससे दुर्घटना होने के संभावना कम हो जाएगी । यह किचन में काम करने वाले महिलाओं , वर्कर सभी के लिए उपयोगी है ।	https://drive.google.com/uc?export=download&id=1Zg0Tyri5EcilJwdoOjhf4VT_D5d-5MVb	"- The image shows a student-made prototype of a gas safety device, assembled inside a cardboard box.
- It appears to be a student-made Proof of Concept (POC).
- The prototype includes an Arduino board, a gas sensor, a servo motor, a buzzer, and a component resembling a gas regulator, all wired together.
- The student is trying to convey the functional mechanism of their innovation: sensing gas, controlling the gas flow (via the regulator and servo), and providing an audible alert.
- The image directly supports the stated problem and solution by demonstrating the core components of a device designed to detect gas leaks, shut off the gas, and sound an alarm to prevent accidents."
9468	"""टच इलेक्ट्रिक बोर्ड"" एक प्रकार का इंटरएक्टिव बोर्ड है, जिसका उपयोग शिक्षा, कार्यस्थल, और अन्य इंटरएक्टिव उद्देश्यों के लिए किया जाता है। यह आमतौर पर एक डिजिटल डिस्प्ले के रूप में होता है, जिसे टचस्क्रीन तकनीक के माध्यम से नियंत्रित किया जा सकता है। इसमें किसी भी प्रकार के कंटेंट (जैसे कि टेक्स्ट, इमेज, वीडियो आदि) को प्रदर्शित किया जा सकता है और उसे टच स्क्रीन से इंटरैक्ट करके उपयोग किया जा सकता है। यह खासकर क्लासरूम, मीटिंग रूम, और कॉन्फ्रेंस में काम आता है।"	"TOUCH ELECTRIC BOARD एक इंटरेक्टिव और स्मार्ट तकनीक है जो विद्युत उपकरणों के संचालन को टच स्क्रीन के माध्यम से नियंत्रित करने की सुविधा प्रदान करती है। इसका उद्देश्य पारंपरिक स्विच और कंट्रोल सिस्टम की जगह एक अधिक उन्नत, यूजर-फ्रेंडली, और स्मार्ट समाधान देना है। इलेक्ट्रिक बोर्ड में एक डिजिटल टच स्क्रीन होती है, जो उपयोगकर्ता को सीधे स्क्रीन पर टच करने के माध्यम से विभिन्न विद्युत उपकरणों को नियंत्रित करने की सुविधा देती है।विद्युत सर्किट से जुड़ी जानकारी को प्रोसेस करके सही आदेश भेजते हैं। जैसे ही आप स्क्रीन पर किसी बटन को टैप करते हैं, यह सिग्नल विद्युत सर्किट को मिलता है और संबंधित उपकरण सक्रिय या निष्क्रिय हो जाता है, मदद करता है-घरों में,ऑफिस और इंडस्ट्रियल सेटिंग्स में,विशेष आवश्यकताओं वाले व्यक्तियों के लिए,
 यह समस्या को सुलझाएगा-1कम्फर्ट और कंवीनियंस- किसी भी स्विच को ढूंढ़ने या हाथ से चलाने की जरूरत नहीं, बस टच करें और उपकरण चालू हो जाएगा। 2.स्मार्ट एनर्जी मैनेजमें3.रिमोट कंट्रोल 4.एक्सेसिबिलिटी
 इस तरह से एक स्मार्ट, सुविधाजनक, और ऊर्जा की बचत करनेकरने वाला समाधान है"	https://drive.google.com/uc?export=download&id=1DoCtnpVQ7QE-3NW1FoeAC7Yu89joPswT	"- The image displays a simple electronic circuit prototype connected to an LED bulb.
- It features a small circuit board with a relay and a module labeled 'TOUCH', demonstrating a basic touch-controlled switch.
- This appears to be a student-made Proof of Concept (POC) for a touch-sensitive control mechanism.
- The student is conveying the fundamental concept of using touch to control an electrical appliance, in this case, a light bulb.
- The image supports the core idea of touch-based control for electrical appliances as mentioned in the solution, but it represents a very basic implementation. It does not illustrate the 'digital touch screen' or 'interactive board' for controlling 'various electrical devices' as extensively described in the problem statement and proposed solution."
9686	दिन प्रतिदिन जनसंख्या बढ़ने के कारण यातायात के साधनों में अत्यधिक वृद्धि हुई है जिस कारण यातायात साधनों में पेट्रोल एवं डीजल का अत्यधिक प्रयोग बढ़ता ही जा रहा है इनसे निकलने वाली गैसों के कारण वायु प्रदूषण बढ़ता ही जा रहा है आज के समय में एक ऐसे आदर्श ईंधन की आवश्यकता है जो कम से कम प्रदूषण उत्पन्न करें वहां से निकलने वाले ब्लैक तेल से ऐसे ही एक आदर्श ईंधन का निर्माण किया जा सकता है ब्लैक ऑयल के जलने पर नीले रंग के धुएं के रूप में मिथुन गैस निकलती है मेथेन एक महत्वपूर्ण गैस है जिसका उपयोग ईंधन के रूप में किया जा सकता है मीथेन गैस का उपयोग विभिन्न क्षेत्रों में किया जा सकता है जैसे ऊर्जा उत्पादन रसोई गैस औद्योगिक उपयोग वाहन चालन कृषि चिकित्सा वैज्ञानिक अनुसंधान आदि	ब्लैक ऑयल जो लोग वेस्ट समझ कर फेंक देते हैं उसका आदर्श ईंधन के रूप में उपयोग किया जा सकता है एवं जिसका ज्वलन ताप भी उच्च होता है इस ब्लैक तेल में मीथेन गैस प्रेजेंट रहती है जो एक आदर्श ईंधन के रूप में काम करती हैइसका उपयोग घर से लेकर उद्योगों तक चिकित्सा क्षेत्र अनुसंधान क्षेत्र वहां हर क्षेत्र में किया जा सकता है क्योंकि यह एक आदर्श ईंधन है इसलिए इसका उपयोग व्यापक स्तर पर किया जा सकता है यह हर तरीके से उत्तम ईंधन होता है	https://drive.google.com/uc?export=download&id=1bTd2CHedOO2EPkFeeJaEQbRl6MsZ9oRE	"- The image shows three students presenting their project.
- One student holds a hand-drawn diagram depicting a setup where 'Black oil' is heated to 'convert to fuel', likely illustrating the process of extracting methane.
- Another student holds a yellow poster with Hindi text, which appears to be a textual explanation of the project's problem and solution.
- Both the diagram and the posters are clearly student-made.
- The diagram visually supports the stated solution of converting waste black oil into an ideal fuel.
- The image conveys that the students have conceptualized and are presenting their innovative idea."
10951	हमारे आसपास कचरे की समस्या बहुत होती है और कचरा सड़कों पर बिखरा होता है जिससे मलेरिया जैसी बीमारियां फैलती है	हम यह एक डस्टबिन की तरह ही है इसमें कचरा डालेंगे और वह डंडा डूबेगा और जिससे एक सिक्का बाहर निकलेगा और उसे सिक्के को लोग देखकर उसमें ज्यादा कचरा डालेंगे और जिस गांव क्लीन होगा और कचरा एकत्रित करने में सहायता मिलेगी इसलिए यह दो-तीन ऐसे ही गांव में लगा देंगे जिससे सभी लोग डालेंगे और कचरा करते तो होगा जिससे बीमारियां न मिलेगी यह कचरा विकिरण करने वाले लोगों को देंगे जिससे यह नई चीज बनाएंगे जिससे लोगों को काम आएगी	https://drive.google.com/uc?export=download&id=1HPJgAVO2TJnCP2tlC2infoRU-WFv_mKP	"- The image shows a student interacting with a simple prototype made from cardboard, resembling a dustbin.
- It appears to be a student-made Proof of Concept (POC).
- The student is likely demonstrating the mechanism of their proposed 'incentive dustbin', where a lever or 'danda' (stick) might trigger the release of a 'sikka' (coin) as described in their solution.
- The image supports the proposed solution by visually representing the core concept of an incentivized waste collection system, albeit in a rudimentary form."
12185	"कामकाजी महिलाओं को घर की साफ सफाई में, पोछा लगाने में बहुत समय लगता है साथ ही आजकल के खान पान की वजह से और अन्य कारणों से भी महिलाओं को जोड़ों के दर्द आदि से परेशानी का सामना करना पड़ता है।
 घर की साफ सफाई में दिक्कत आती है।"	"हमने घरेलू और कामकाजी महिलाओं की साफ सफाई की परेशानी को देखते हुए एक एसी मशीन बनाई है। जिससे महिलाओं को साफ़ सफ़ाई में समय की बचत होगी।
 साथ ही जीनको जोड़ो में दर्द है वो भी इसका उपयोग एक जगह बैठकर कर सकती हैं।
 इसके पोछा मारने के लिए बार बार पानी बदलने की जरूरत नही होती।
 इस मशीन में हमने पानी डालने का डिब्बा बना दिया है, और नीचे की तरफ पोछे का कपड़ा, साथ ही गंदे पानी को बाहर निकालने की व्यवस्था की है।
 
 साफ पानी एक अलग डिब्बे में डाला और एक डिब्बे में गंदा पानी निकलता रहेगा।
 साफ़ पानी पोछा लगे हुए डिब्बे में जाता रहेगा। और जब पोछा गंदा हो जाएगा तो उसको एक डिब्बे में निचोड़ लेगे जिससे पानी गंदा पानी एकत्रित करने वाले डिब्बे में इकट्ठा हो जाएगा। 
 यह मशीन रिमोट से चलेगी, जिसको एक जगह बैठकर चलाया जा सकेगा।
 इस प्रकार महिलाएं इस रिमोट की सहायता से एक जगह बैठकर पूछा लगा सकेगी।
 इसमें एक बार पानी डालना पड़ता है और मशीन को एक जगह रख कार कंट्रोल कर सकते हैं।
 इस प्रकार महिलाएं एक बार पानी डालकर एक रूम कर जगह बैठकर आराम से साफ सफाई कर सकती हैं।
 तथा अपने समय को भी बचा सकती हैं।"	https://drive.google.com/uc?export=download&id=1Q3Q52U7rqunjs6sKvTE7GL3n6I4AMOCm	"- The image displays a hand-drawn diagram of a 'पोछा लगाने की मशीन' (mopping machine).
- It appears to be a student-made sketch illustrating their proposed innovation.
- The student is conveying the internal components and functionality, including separate compartments for clean and dirty water, DC motors, wheels (टायर), a switch, PVC pipes, and a remote control for operation.
- The image strongly supports the stated problem and solution by visually representing the key features: a remote-controlled mopping device with integrated water management, designed to save time and reduce physical effort for users, especially those with joint pain."
12810	विद्यालय में छुट्टियों में पेड़ पौधों का पानी की कमी से मुर्झा जाना तथा कभी तो पौधे पूरी तरह ही खतम हो जाते सुख कर।	"हमने विद्यालय में लगे पेड़ पौधों की अच्छी वृद्धि के लिए ऐसी तकनीक विकसित की है, जिससे पौधों की अच्छी वृद्धि होगी उनको पानी की समस्या से जूझना नहीं पड़ेगा।
 विद्यालय में लगे सभी छोटे पौधों और बड़ी पेड़ों को एक पाईप लाईन के माध्यम से विद्यालय में बनी टंकी या टांका जिसमे नल लगा हुआ है से जोड़ देगे। 
 नल से एक पाईप बड़ी लंबी पाईप लगाएंगे अब इस मुख्य पाईप से छोटी छोटी पाईप निकालेगे और प्रत्यक छोटी पाईप को विद्यालय में लगे पेड़ पौधों से जोड़ देंगे।
 अब नल में टूटी लगाएंगे ताकि टंकी का पानी उसमें आ सके।
 अब जब भी विद्यालय की लंबी छुट्टी होगी तो हम टूटी को धीमी बूंद बूंद पानी आए ऐसे चालू करके छोड़ देंगे।
 जिससे मुख्य पाईप में पानी जाता रहेगा और उसके माध्यम से छोटी पाईप में।
 छोटी पाईप से प्रेत्यक पेड़ और पोधे में जाता रहेगा।
 इस प्रकार छुट्टियों में भी सभी पौधे हरे भरे रहेंगे और उनकी अच्छी वृद्धि होती रहेगी।
 इस प्रकार इस तकनीक से हम पेड़ को सुरक्षित रख सकते हैं।"	https://drive.google.com/uc?export=download&id=1ZwNCCffO_3FFiazMIzbcMpAAIueXthow	"- The image shows a hand-drawn diagram of an automated watering system for plants around a school building.
- It appears to be a student-made conceptual sketch or diagram.
- The student is trying to convey how a central water tank (or 'tanki/taanka') would be connected via a main pipeline, which then branches into smaller pipes to deliver water to individual trees and potted plants.
- The image strongly supports the stated problem and solution by visually illustrating the proposed drip irrigation system that would keep plants hydrated during school holidays, preventing them from drying out."
14477	ई-वेस्ट में वे सभी इलेक्ट्रॉनिक उपकरण शामिल होते हैं जिनको अब उपयोग में नहीं लिया जाता है। आज के डिजिटल युग में इलेक्ट्रॉनिक उपकरण हमारे जीवन का हिस्सा बन गए हैं स्मार्टफोन से लेकर लैपटॉप टेलीविजन से लेकर घरेलू उपकरणों तक हम सब में इलेक्ट्रॉनिक उपकरण का प्रयोग करते हैं। लेकिन जैसे-जैसे इन उपकरणों का उपयोग बढ़ रहा है वैसे-वैसे इनसे जुड़ी समस्याएं भी बढ़ रही है, जिनमें से एक प्रमुख समस्या है ई-वेस्ट।ई-वेस्ट यानी की इलेक्ट्रॉनिक कचरा, वे सभी इलेक्ट्रॉनिक उपकरण जिन्हें अब प्रयोग में नहीं लाया जाता या जो खराब हो चुके हैं । इनसे निकलने वाले खतरनाक रसायन के साथ यह मिट्टी में घुल जाते हैं और वातावरण को भी प्रदूषित करते हैं ई-वेस्ट का प्रबंध जैसी गंभीर समस्या के बारे में लोगों को जागरूक करना अति आवश्यक है।	"चाहे हम कार्यस्थल पर किसी तकनीकी समस्या को हल करने का प्रयास कर रहे हों, या किसी ऐसी बाधा को दूर करने का प्रयास कर रहे हों जिसे गूगल मैप्स नहीं देख पाता है - अधिकांश लोग हर दिन समस्या का समाधान कर रहे होते हैं । 
 
 लेकिन आप अपने जीवन में चुनौतियों से निपटने में कितने प्रभावी हैं ? क्या आपके पास कोई बुलेटप्रूफ प्रक्रिया है जिसका पालन करके आप ठोस परिणाम सुनिश्चित करते हैं, या... क्या आप अपनी गंभीर समस्याओं को हल करने के लिए प्रेरणा की सनक (या उसकी कमी) पर काम करते हैं?"	https://drive.google.com/uc?export=download&id=1CURFnY4i_Dn1QdhTC18U1balOPS3Jx8s	"- The image shows two students presenting a small, wheeled prototype resembling a miniature wheelchair or a robotic car with a seat.
- The prototype appears to be a student-made Proof of Concept (POC), constructed from wood, foam, and basic electronic components.
- Based on the visible prototype and the partially readable text on the background chart, the student is trying to convey an innovation related to a joystick or voice-controlled wheelchair, likely for mobility assistance.
- The image does not support the stated problem regarding e-waste. There is no visible connection between the prototype and e-waste management.
- The image does not support the generic solution statement, which discusses problem-solving effectiveness rather than a specific innovation."
6709	సాధారణంగా మనం చూసినట్లయితే మన ఇండ్లలో సీలింగ్లలో ఏర్పడే బల్లి పాతరను వెబ్ రిమూవర్ స్టిక్ తో తొలగించినప్పుడు ఆ బల్లి పాతర మన కళ్ళల్లో పడుతుంది. అలాగే చర్మం మీద పడి దురద లేస్తుంది. అంతేకాకుండా ఎక్కువ సమయం పాటు మనము తీయడానికి ప్రయత్నించినప్పుడు చేతులు కూడా నొప్పులు పెడతాయి.	"women friendly web remover stick.
  సాధారణంగా మనం చూసినట్లయితే మన ఇండ్లలో సీలింగ్లలో ఏర్పడే బల్లి పాతరను వెబ్ రిమూవర్ స్టిక్ తో తొలగించినప్పుడు ఆ బల్లి పాతర మన కళ్ళల్లో పడుతుంది. అలాగే చర్మం మీద పడి దురద లేస్తుంది. అంతేకాకుండా ఎక్కువ సమయం పాటు మనము తీయడానికి ప్రయత్నించినప్పుడు చేతులు కూడా నొప్పులు పెడతాయి. ఈ సమస్యకు పరిష్కారంగా మేము ఉమెన్ ఫ్రెండ్లీ వెబ్ రిమూవర్ స్టిక్ తయారు చేసాము. మోటార్ సహాయంతో వేబ్ రిమూవర్ తిరుగుతుంది ఇది తిరిగినప్పుడు పడే బల్లి పాతర అంతా మన మీద పడకుండా మధ్యలో ఒక అంబ్రెల్లా ఉంచడం జరిగింది. ఈ అంబ్రెల్లా బల్లి పాతరను కలెక్ట్ చేసుకుంటుంది అంటే మన మీద పడకుండా చూస్తుంది. దీని ఈజీగా తక్కువ ఖర్చుతో తయారు చేయవచ్చు సులభంగా వినియోగించవచ్చు."	https://drive.google.com/uc?export=download&id=1gVrcB4Jy3zjMBxRStS9NBMksvXdjcKnc	"- The image shows a prototype of a web remover stick.
- It features a traditional broom head attached to a long stick, with a black, umbrella-like structure positioned below the broom.
- This appears to be a student-made Proof of Concept (POC) using common materials.
- The student is conveying their solution's key feature: the umbrella mechanism designed to collect falling debris, preventing it from falling on the user.
- The image effectively supports the proposed solution's debris collection aspect, addressing the problem of irritation from falling web particles. However, the 'motor-assisted rotation' mentioned in the solution is not visible in this static image."
7334	సాధారణంగా పాఠశాలలో మా టీచర్లు బోర్డును తుడిసేటప్పుడు చాక్ పీస్ డస్ట్ ముందు వరుసలో కూర్చున్న విద్యార్థుల మీద,కళ్ళల్లో పడుతుంది. దీనివల్ల కళ్ళల్లో మంట అలాగే ఎలర్జీ వచ్చే అవకాశం ఉంది	సాధారణంగా పాఠశాలలో మా టీచర్లు బోర్డును తుడిసేటప్పుడు చాక్ పీస్ డస్ట్ ముందు వరుసలో కూర్చున్న విద్యార్థుల మీద,కళ్ళల్లో పడుతుంది. దీనివల్ల కళ్ళల్లో మంట అలాగే ఎలర్జీ వచ్చే అవకాశం ఉంది. దీనికి పరిష్కారంగా ఈ ప్రాజెక్టును తయారు చేయడం జరిగింది. ఒక స్టిక్ తీసుకొని దానికి ఒక చివర్ల డస్టర్ నుంచి,మధ్యలో ఆ డస్ట్ ను కలెక్ట్ చేసుకోవడానికి ఒక బాక్స్ నుంచడం జరిగింది. టీచర్స్ బోర్డును తుడుపేసేటప్పుడు ఆ డస్ట్ అంతా ఆ బాక్స్ లో పడుతుంది కాబట్టి విద్యార్థులకు ఇలాంటి ఇబ్బంది కలగదు.	https://drive.google.com/uc?export=download&id=1PgT0njDrA6b2ZQNQ9KY5xobL_AQzR1FL	"- The image displays a student-made prototype designed to collect chalk dust.
- It consists of a long wooden stick with a duster attached at one end and a repurposed plastic bottle fixed below it, intended to act as a dust collector.
- This appears to be a student-made Proof of Concept (POC) demonstrating their proposed solution.
- The student is conveying how their innovation, a duster with an integrated dust collection mechanism, would work to prevent chalk dust from falling on students.
- The image directly supports the stated problem and solution by providing a visual representation of the proposed device to mitigate chalk dust exposure."
20713	స్వయం సురక్షితం	అడవి జంతువుల నుండి కీటకాలనుండి ఇంకా ఎ ఇతర అపాయాలనుండి అయిన తప్పించుకుంటారు	https://drive.google.com/uc?export=download&id=1-GkqMP-y0ukxzrAAlv-KXAUVe_ZYrV6g	"- The image shows a black shoe with a white sole, featuring two colored bottle caps (one green, one red) attached to its side.
- This appears to be a student-made Proof of Concept (POC) or a basic prototype.
- The student is likely trying to convey a physical modification to footwear as part of their self-protection solution.
- The image demonstrates a tangible component of the proposed solution, but the specific function of the bottle caps in protecting against wild animals, insects, or other dangers is not evident from the visual alone."
20893	సరుగుడు బొప్పాయి వంటి తోటలు వేసుకునే వాళ్ళు నారుని చిన్నచిన్న నల్లటి ప్లాస్టిక్ సంచుల్లో తెచ్చుకుంటారు అలాగే ఇళ్లల్లో కొన్ని రకాల పూల చెట్లు కానివ్వండి పండ్ల చెట్లు కానివ్వండి వేసుకోవాలనుకున్నప్పుడు కూడా వారు ఆ చెట్లని నల్లటి ప్లాస్టిక్ సంచుల్లో ఇవ్వడం అనేది మనం చూస్తుంటాం ఈ సంచులు తర్వాత ఉపయోగపడం రీసైకిలింగ్ చేయలేం అలాగే ఇవి అలాగే గనక పడేస్తే ప్లాస్టిక్ కాలుష్యం కింద భూమిని కలుషితం చేస్తాయి కనుక ఈ ఎక్కువ చెట్లని తెచ్చుకునేటువంటి రైతులు ఎక్కువగా ఈ ప్లాస్టిక్ కవర్లను ఉపయోగించటం అనేది నేను గమనించినటువంటి పెద్ద సమస్య ఇది భూ కాలుష్యానికి సంబంధించిన సమస్య ఇల్లా ఇళ్లల్లోనూ ఇది సమస్యగానే ఉంది తోటల్లోనూ ఇది సమస్యగానే నాకు కనిపించింది కాబట్టి దీని పరిష్కరించాలని చిన్న ప్రయత్నాన్ని చేయడం జరిగింది	రైతులు పండ్ల చెట్లు, నిమ్మనారు ఇలాంటివన్నీ తెచ్చుకునేటప్పుడు చిన్న చిన్న ప్లాస్టిక్ కవర్లలో వాళ్ళు నారుని తెచ్చుకుంటూ ఉంటారు. అది రీసైక్లింగ్ కి పనికిరాదు కాబట్టి వాళ్ళు ఆ ప్లాస్టిక్ ని బయటే పారేస్తారు. ప్లాస్టిక్ కాబట్టి అది నీటిని భూమిలోకి చేరనివ్వదు, ఆ ప్లాస్టిక్ భూమిలో కరిగిపోకుండా కొన్ని లక్షల సంవత్సరాలు భూమిలోపల ఉండి భూకాలుష్యంగా రూపాంతరం చెందుతుంది. దీని వల్ల మా చుట్టూ ప్రక్కల గ్రామాల ప్రజలు కష్టాలు ఎదుర్కోవాల్సిన పరిస్థితి వస్తుంది. కాబట్టి దానికి పరిష్కారం కనుక్కుందాము అన్న ఆలోచన నాకు వచ్చింది. దీన్ని మా టీచర్ గారు కూడా బాగుంది అన్నారు. నా ఆలోచన ఏంటంటే, గుళ్ళల్లో గాని ఇళ్ళల్లో గాని కావాల్సినన్ని టెంకాయ చిప్పలు దొరుకుతుంటాయి. వాటిల్లోని కొబ్బరిని వినియోగించిన తర్వాత ఆ ఆ కొబ్బరిచిప్పల్లో నారు నాటి మనము వాటిల్ని పెంచుకోవచ్చు. ప్లాస్టిక్ కవర్లను వాడేకన్నా ఈ కొబ్బరిచిప్పల్లో నారు నాటుకొని దాన్ని మొత్తాన్ని మనం భూమిలో నాటుకోవచ్చు లేదా మొక్క భూమిలో నాటేసిన తర్వాత ఆ చిప్పల్ని తిరిగి కొత్త నారు వేయటానికి ఉపయోగించుకోవచ్చు. ఇలా చేయడం వల్ల భూకాలుష్యాన్ని తగ్గించవచ్చు అని నా ఉద్దేశం.	https://drive.google.com/uc?export=download&id=1-CIEQ8kj6OK6LaPlSqSWValvslCgapq3	"- The image shows three students presenting their innovation.
- Two students are holding coconut half-shells containing small saplings, demonstrating the proposed alternative to plastic bags.
- The middle student is holding a piece of what appears to be dried coconut husk or a similar natural fiber.
- This appears to be a student-made proof-of-concept (POC) or demonstration.
- The students are trying to convey the practicality and feasibility of using coconut shells as biodegradable or reusable containers for growing saplings.
- The image strongly supports the stated solution by providing a clear visual example of saplings growing in coconut shells, directly addressing the problem of plastic pollution from nursery bags."
35402	ఆరోగ్యం చూర్ణం అందరికీ ఆవశ్యకం	మా బృందం చాలామంది తో మాట్లాడి ఏదైనా పోషకవిలువలు గల పదార్ధాన్ని తయారుచేయాలని ఆలోచన చేసాము ఇందులో భాగంగా పెసలు,సెనగలు, బీన్స్ గింజలు, గోధుమలు, మెంతులు,అవిసె గింజలను మొలకెత్తింది నీడలో బాగా ఆరబెట్టాలి వీటితోపాటు ఉసిరికాయ ముక్కలను కూడా ఆరబెట్టి పూర్తిగా తేమ పోయేందుకు వేడిచేయాలి మిక్సీలో వేసి పౌడర్ చేయాలి దీనిని ప్రతిరోజూ అన్నంలో చెంచాడు పౌడర్, పావు చెంచా ఆవు నెయ్యి ‌కలిపి‌తినవచ్చు అన్నంతో తినలేమంటే కాస్త తేనె లో నానబెట్టి తినవచ్చు ఇది చౌకగా లభించే పౌష్టికాహారం వీటివలన విటమిన్లు A,C,EKమరియూ ఇనుము, పొటాషియం, మెగ్నీషియం లభిస్తాయి రోగనిరోధక శక్తి పెరుగుతుంది	https://drive.google.com/uc?export=download&id=1icOpGxeFJJx3ZZYd_SVdMsZwNMcaN1r4	"- The image shows three students presenting various raw ingredients on a table.
- These ingredients include different grains and seeds (e.g., moong beans, chickpeas, wheat, fenugreek, flax seeds) and what appears to be dried amla pieces, held in small bowls and cups.
- This appears to be a student-made demonstration or presentation of their project.
- The students are conveying the key components used to create their proposed 'Health Powder' (Arogyam Churnam).
- The image directly supports the stated problem and solution by visually representing the raw materials mentioned in the solution for a nutritious powder."
37069	పూర్వం ప్రజలు పిల్లలు ఒంటికి పసుపు రాసేవారు ఎందుకంటే పసుపు యాంటి బయాటిక్స్ మరియు శరీరానికి దురదలు రాకుండా చేస్తుంది.పసుపు అంటే మనం వాడే ప్యాకెట్ పసుపు కాదు వాళ్ళే పండించిన పసుపు కొమ్ములను బాగా దంచి తయారు చేసిన పసుపును రాసేవారు.కాని ఇప్పుడు బోడీ లోషన్స రాస్తున్నారు మరియు డైపర్స వాడుతున్నారు దీని కారణంగా రాషెస్ వస్తున్నాయి.	చిన్న పిల్లల ఒంటికి రాషెస్ రాకుండా చేయడం కోసం సహజమైన రసాయనాలు ఉపయోగించి డైపర్స్ ను తయారు చేయడం.	https://drive.google.com/uc?export=download&id=1ZhmEViVCKTcYkGSGZLAh80WY3RRWQ9n4	"- The image shows three students, with one in the center holding a white, soft, folded material, possibly a prototype or component of a diaper.
- It appears to be a student-made demonstration or presentation of their concept.
- The student is likely attempting to convey a physical representation of their proposed solution: a diaper.
- The image provides limited support for the stated problem and solution due to its low quality and lack of clear detail regarding the 'natural chemicals' or unique features of the proposed diaper."
40769	పశువులకు గడ్డి కోయడం లో ఇబ్బందులు	ఒక మోటార్ కు బ్లేడ్ పెట్టి గడ్డిని కొస్తం	https://drive.google.com/uc?export=download&id=1tVJQCUrvfs07ksNtLJ8HQpShFgm-KtKT	"- The image shows a student's hands holding a small DC motor with wires, likely part of a basic electrical circuit.
- It appears to be a student-made proof-of-concept or a component for an early prototype.
- The student is trying to convey the core component (a motor) that will be used in their proposed solution to cut grass.
- The image partially supports the solution by showing the 'motor' aspect, but it does not show a 'blade' or any actual grass-cutting mechanism, making it a very preliminary representation of the innovation."
43321	"ఇంట్లో వాడేసిన వస్తువులు కాలుష్యాన్ని కలగజేస్తాయి 
 
 చలికాలంలో స్నానానికి వేడి నీరు అవసరం"	ముందుగా మేము ఒక చిన్న వైరు తీసుకున్నాము.గోడలకు రంగును వేసే బ్రష్ ను తీసుకొని దానిని కొంచెం కత్తిరించి వైరును దానిలో పెట్టాము. వైరులో ఉండే జీ వైరును తీసి రెండు భాగాలు చేశాము. ఆ రెండు భాగాలను ఇనుమును గుండ్రంగా చుట్టాము. ప్లాస్టర్ దానికి అతికించాము. ఆ తర్వాత వైరుకి ప్లగ్ ను పెట్టాము. ఒక మగ్గులో నీళ్లను పోసి మేము తయారు చేసిన వాటర్ హీటర్ ఆ నీళ్లలో పెట్టి స్విచ్ ఆన్ చేశాము. 20 నిమిషాల తర్వాత హీటర్ స్విచ్ ఆఫ్ చేశాము. నీళ్లు వేడిగా మారాయి. పొగలు కూడా ఎల్లాయి.మేము ఈ ప్రాజెక్టును ఇంట్లో పనికిరాని పదార్థాలతో తయారు చేశాము. మనం మార్కెట్లో డబ్బులు పెట్టుకొని అవసరం లేకుండా ఇలా పనికిరాని పదార్థాలతో ఇంట్లో తయారు చేసుకోవచ్చు.	https://drive.google.com/uc?export=download&id=1aGQAaU_-2rqqOcrdiC2Z0eijDeVFzaiU	"- The image shows a student-made immersion water heater prototype submerged in a transparent mug of water.
- It appears to be a student-made Proof of Concept (POC) utilizing repurposed materials, consistent with the solution's description of using a brush and wire.
- The student is trying to convey that their innovation, a water heater made from waste materials, is functional and can heat water, as suggested by the activity (possibly steam or bubbles) in the water.
- The image directly supports the proposed solution of creating a low-cost, homemade water heater from discarded items to address the need for hot water, while also tackling waste pollution."
44236	దంతాల ఆరోగ్యం చెడిపోవడం	ఇ టుకపొడి ,పసుపు ,ఉప్పు,బొగ్గుపొడి తో పౌడర్ తయారు చేసుకొని వాడడం	https://drive.google.com/uc?export=download&id=1OXwOC_GyMsuGxYOb1kmR2zGAYeVxAeBM	"- The image shows a student standing behind a table with several small cups containing different powdered substances.
- It appears to be a student-made Proof of Concept (POC) or a demonstration of the ingredients.
- The student is conveying the raw materials (brick powder, turmeric, salt, charcoal powder, and possibly others) that are part of their proposed dental powder solution.
- The image directly supports the stated solution by visually presenting the components of the dental powder."
47368	ఈ మంట నుండి కొంత ఉష్ణం పరిసరాల్లోకి విడుదలగుట వలన బర్నర్ పరిసరాల్లోని గాలి వంటగదిలో గాలి వేడెక్కడాన్ని మనం గమనిస్తూ ఉంటాం దీనివలన మనం చేసే వంట ఆలస్యం అవ్వడమే గాక చాలా ఎల్పిజి వృధా అవుతుంది.	బర్నర్ చుట్టూ కాపర్ ఘట్టాన్ని ఒక కాయిల్ లాగా పాత్ర నుంచుటకు ఇబ్బంది లేకుండా అమర్చవలెను ఈ కాయిల్ రెండు వైపులా ఒక ఇన్సులేటర్ వాటర్ ట్యాంకు అమర్చ వలెను ఇన్సులేటర్ ట్యాంకును స్టవ్కు దగ్గరగా, మనం వంట వండి పాత్రకు తగలకుండా అమర్చ వలెను ఇన్సులేటర్ ట్యాంకుకు ఒక టాప్ ను బిగించి వేడి నీటిని అవసరమైన వంట, ఇతర పనులలో ఉపయోగించుకోవచ్చు	https://drive.google.com/uc?export=download&id=1e88pynyFJoTB55T4p_dDwBx0eRYdYTUE	"- The image displays a hand-drawn diagram of a gas stove with an integrated heat recovery system.
- It appears to be a student-made sketch or diagram.
- The student is conveying their solution: capturing waste heat from the LPG burner using a coil (likely copper, as per the solution description) to heat water, which is then stored in an elevated insulated tank with a tap.
- The diagram clearly illustrates the proposed mechanism for 'catching the heat' and aligns well with the stated problem of wasted heat and the solution's approach to utilize it for heating water and saving LPG."
48888	రాత్రి పూట కరెంటు పోయినప్పుడు పిల్లలు భయపడతారు పెద్దవారికి కూడా వస్తువులు కనిపించవు అందుకోసమే ఎమర్జెన్సీ లైట్ అవసరం అవుతుంది	ఇంట్లో పనికిరాని వస్తువులతో ఉపయోగించి మేము తయారు చేసిన ఎమర్జెన్సీ లైట్ చూసి మా ఉపాధ్యాయులు మరియు మా ఇంటి సభ్యులు ఫ్రెండ్స్ అందరూ చాలా సంతోషించారు ఈ ఎమర్జెన్సీ లైట్ అందరికీ ఉపయోగపడుతుంది	https://drive.google.com/uc?export=download&id=1r_o9iyJdiW-6EffUSEUW-8Vmy9AYQv0k	"- The image shows a student holding a small, cylindrical object that emits a red light.
- It appears to be a student-made Proof of Concept (POC) or prototype of an emergency light.
- The student is conveying that their innovative emergency light is functional and provides illumination.
- The image directly supports the proposed solution by showcasing a physical representation of the emergency light, demonstrating its ability to provide light as needed during power outages."
49180	రోడ్డు క్రాసింగ్, రోడ్డు రైలు క్రాసింగ్, వద్ద నిర్మించే భూస్వరంగాల వద్ద వర్షాకాలంలో నీ మీరు నిల్వ ఉండడం ప్రధాన సమస్య	"1. భూస్వరంగాల వద్ద, సారంగపు సమీపంలో అంతర్గత పైపులైందు నిర్మించి వీటిని పంపినట్లయితే మీరు అప్పటికప్పుడే తొలగిపోవును 
 2. నీరు ప్రమాదకర స్థాయికి చేరగానే స్వయం చలిత మోటార్ వ్యవస్థను ఏర్పాటు చేసి నీటిని తోడటానికి ఏర్పాటు చేయాలి. 
 ఈ విధంగా ట్రాఫిక్ నియంత్రణ చేయవచ్చుమరియు వాహనదారులను కచ్చితంగా ప్రయాణించినట్లుగా ఏర్పాటు చేయవచ్చు."	https://drive.google.com/uc?export=download&id=1DbFlvkd9-JUt5DHWz5pDNLKfrvZ8pQlR	"- The image shows a hand-drawn diagram titled ""SAFE UNDER PASS TUNNEL"" on a green sheet of paper.
- It depicts a road with an underpass, with some lines suggesting water flow or drainage.
- It appears to be a student-made conceptual sketch.
- The student is conveying a general visual of an underpass that is designed to be safe, likely implying improved water management.
- The image provides a basic visual context for an underpass but does not explicitly illustrate the proposed internal pipelines or automatic motor system mentioned in the solution."
65354	వరదల సమయంలో ఈ వస్తువును తక్కువ ఖర్చు తో తయారు చేసుకోవచ్చును.	వరదలపుడు ఈ టూల్ ను ఉపయోగించి ప్రాణాలను కాపాడుకోవచ్చు.దీనిని ఉపయోగించి వరద ప్రవాహంలో దీనిపై కూర్చుని ఒడ్డుకు చేరి.ప్రాణాలు కాపాడుకోవచ్చు.	https://drive.google.com/uc?export=download&id=1pY9G0lV0rRPuILHAzBaQiUFOWYbfN4aP	"- The image shows three students with a blue bucket containing several plastic bottles, some tied together.
- This appears to be a student-made Proof of Concept (POC) using readily available materials.
- The student is conveying the idea of creating a low-cost buoyancy aid or floating device using plastic bottles, as proposed in their solution.
- The image supports the stated problem of creating a low-cost item for floods and the solution's concept of a tool for flotation, though the complete 'tool' for sitting on is not fully demonstrated."
17191	ಗೃಹತಜ್ಯವನ್ನು ಬೀದಿಗೆ ಎಸೆಯುವುದರಿಂದ ಸೊಳ್ಳೆಗಳ ಕಾಟ ಹಂದಿಗಳ ಕಾಟ ವಾಸನೆ ಇವುಗಳಿಂದ ಮನೆಯ ಸುತ್ತಮುತ್ತಲು ತೊಂದರೆಯಾಗುತ್ತಿದೆ ಬೀದಿಯ ಜನರಿಗೆ ಸಹ ತೊಂದರೆಯಾಗುತ್ತದೆ ರೋಗರುಜಿನಿಗಳು ಜನರಿಗೆ ಹರಡುತ್ತಿವೆ ಇವುಗಳನ್ನು ತಡೆಯಬೇಕಾಗಿದೆ	"1 ಎಚ್ಚರಹಿತ ಪರಿಸರಸ್ನೇಹಿ ಮಾದರಿಯಾಗಿದೆ 
 1 ಬೃಹ ತ್ಯಾಜ್ಯದಿಂದ ಸಾವಯವ ಗೊಬ್ಬರ ತಯಾರಿಸಲಾಗುವುದು 
 3 ಈ ಗೊಬ್ಬರವನ್ನು ಮಾರಾಟ ಮಾಡಿ ಹಣ ಗಳಿಸಬಹುದು 
 4 ಈ ಮಾದರಿ ನಗರವಾಸಿಗಳಿಗೆ ಸೂಕ್ತವಾಗಿದೆ 
 5 ಇಲಿ ಹೆಗ್ಗಣ ಸೊಳ್ಳೆ ಹಂದಿಗಳಿಂದ ಮುಕ್ತವಾಗುವುದು 
 6 ವಾಸನೆಯ ಕಾಟದಿಂದ ಮುಕ್ತವಾಗಬಹುದು"	https://drive.google.com/uc?export=download&id=1C_gslnJlyvFTl9GiT7ojZXJi0XmDHrfd	"- The image shows a student standing next to a student-made prototype of a waste management system, likely a composting unit.
- The prototype consists of a tall blue cylindrical structure, possibly a pipe, placed inside a green bucket. It has labels in Kannada, which appear to indicate different layers or stages of the process.
- On a table beside the prototype, there are samples, including what looks like an orange block (possibly a fertilizer product), a plastic bag containing dark, earthy material (likely compost), and a bowl with vegetable scraps (representing organic waste).
- The student is conveying their proposed solution for converting household waste into organic fertilizer using this multi-layered system.
- The image strongly supports the stated problem of managing household waste and the solution of producing organic fertilizer from it, visually demonstrating the concept and potential output."
17734	ಕಸದ ಸಂಗ್ರಹಣೆ ಮತ್ತು ಸೂಕ್ತ ವಿಲೇವಾರಿ	"ಈ ಮಾದರಿಯ ಉಪಯೋಗಗಳು 
 1. ಕಸದ ತೊಟ್ಟಿಯು ತುಂಬಿ ತುಳುಕುವುದಿಲ್ಲ 
 2. ಸಾರ್ವಜನಿಕರ ನೈರ್ಮಲ್ಯವನ್ನು ಕಾಪಾಡುತ್ತದೆ.
 3. ಕಸದ ಸುರಕ್ಷಿತ ಸಂಗ್ರಹಣೆ.
 
 ಈ ಮಾದರಿ ಹತ್ತಿರ ಕಸವನ್ನು ತಂದಾಗ ಮುಚ್ಚಳವು ಸ್ವಯಂಚಾಲಿತವಾಗಿ 
 ತೆರೆಯುತ್ತದೆ."	https://drive.google.com/uc?export=download&id=1h_kbztmsxfsCEcHKmIh2uD1XwsBz6-ZC	"- The image shows two students presenting a prototype labeled ""SMART GARBAGE COLLECTOR"" made from a white bucket with a yellow lid.
- Electronic components, including what appears to be an ultrasonic sensor and a servo motor, are visible on the lid and laid out on the table, along with a laptop and a circuit diagram.
- This appears to be a student-made Proof of Concept (POC) or prototype.
- The students are conveying their innovation for a smart dustbin that automatically opens its lid and aims to prevent overflow, thereby improving hygiene and garbage collection.
- The image strongly supports the proposed solution's core feature of an automatically opening lid (via the visible sensor and motor). It also supports the general idea of a 'smart' bin for improved hygiene and collection, as stated in the problem and solution."
25907	ಗ್ಯಾಸ್ ಸಿಲಿಂಡರ್ ಬಳಸುವಾಗ ಗ್ಯಾಸ್ ಸಿಲಿಂಡರನಲ್ಲಿ ಖಾಲಿ ಆಗುವ ಅನಿಲದ ಪ್ರಮಾಣ ಗೊತ್ತಾಗುವುದಿಲ್ಲ ಹಾಗೂ ಅ ಅನಿಲಸೋರಿಕೆಯಾಗುವುದು ತಿಳಿಯದಿರುವುದು	"ಈ ಉತ್ಪನ್ನವು ಿಲಿಂಡರ್‌ನಲ್ಲಿ ಖಾಲಿಯಾಗುವ ಅನಿಲದ ಪ್ರಮಾಣ ಹಾಗೂ ಸೋರಿಕೆಯನ್ನು ಸುಲಭವಾಗಿ ಅರಿಯುವಂತೆ ತಯಾರಿಸಲಾಗಿದೆ
 ಉತ್ಪನ್ನದ ಕಾರ್ಯವಿಧಾನ
 ಲೋಡ್ ಮೌಂಟ್ ಮೇಲೆಸಿಲಿಂಡರಿಟ್ಟಾಗ ಅದರ ಕೆಳಗಿರುವ ಲೊಡ್ ಸೇಲ್ ಒತ್ತಡವನ್ನು HX711amplifier ಗೆ ಕಳುಹಿಸುತ್ತದೆಅಲ್ಲಿಂದ aurdino nano ಗೆ ಕಳುಹಿಸಿದರೆ ಅದು ವಿದ್ಯುತ್ ಸಂಕೇತಗಳಾಗಿ ಪರಿವರ್ತನೆಗೊಂಡು ಎಲ್ಸಿಡಿ ಡಿಸ್ಪ್ ಗೆ ರವಾನಿಸಿದಾಗ ಆ ಪರದೆಯ ಮೇಲೆ ಸಿಲಿಂಡರ್ ನಲ್ಲಿರುವ ಅನಿಲದ ಪ್ರಮಾಣವನ್ನುಶೇಕಡವಾರು ರೂಪದಲ್ಲಿ ತೋರಿಸುತ್ತದೆ ಹಾಗೂಏನಾದರೂ ಸಿಲಿಂಡರ್ ಹಾಗೂಸ್ಟೌನಿಂದ ಅನಿಲ ಸೋರಿಕೆ ಆದರೆ ಸುಲಭವಾಗಿ ಅರಿಯುವಂತೆಈ ಉಪಕರಣದಲ್ಲಿ ಅಳವಡಿಸಿರುವ ಗ್ಯಾಸ್ ಸೆನ್ಸರ್ ಆ ಅನಿಲವನ್ನು ಹೀರಿಕೊಂಡು ತಕ್ಷಣವೇ ಬಜಾರ್ ನಲ್ಲಿ ಶಬ್ದವನ್ನು ಉಂಟು ಮಾಡಿ ಎಲ್ಇಡಿ ವಿದ್ಯುತ್ ದೀಪ ಬೆಳಗುತ್ತದೆ ಇದರಿಂದ ಅನಿಲ ಸೋರಿಕೆಯಾಗಿದೆ ಎಂದು ಸುಲಭವಾಗಿ ತಿಳಿಯಲು ಸಾಧ್ಯವಾಗುತ್ತದೆ ಇದರಿಂದ ಆಗುವ ಅವಘಡವನ್ನು ತಪ್ಪಿಸಲು ಸಹಾಯಕವಾಗಿದೆ"	https://drive.google.com/uc?export=download&id=1rLitESc6hfNeVAC3SI8a5oRYFQ9uje6b	"- The image shows a student-made electronic prototype for a smart gas cylinder monitoring system.
- It features a weighing platform (likely with a load cell underneath), an HX711 amplifier, an Arduino Nano, an LCD display, a gas sensor, a buzzer, and an LED, all wired together on a board.
- The student is conveying the physical implementation of their proposed solution to measure gas levels and detect gas leaks.
- The image directly supports the stated problem of not knowing gas quantity and undetected leaks, by showcasing the components designed for both gas level display (LCD showing 'Wt:-0g' and 'Gas:0%') and leak detection (gas sensor, buzzer, and LED)."
28490	ಮಳೆಗಾಲ ಸಮಯದಲ್ಲಿ ರೈತರು ತಮ್ಮ ರಾಶಿಯ ಧಾನ್ಯಗಳನ್ನು ಗೋಣಿ ಚೀಲದಲ್ಲಿ ತುಂಬಲು ಆಳುಗಳ ಕೊರತೆಯಿಂದ ಕಷ್ಟಕರವಾಗುತ್ತಿತ್ತು	"1 take old iron plate
 2 cut iron plates in rectangle shape and weld. As a base
 3 weld another rectangle iron plates perpendicular to base iron plate
 4 world the iron play rods to the horizontal iron plate 
 5 make iron rectangle box it is used for crane piling 
 6 weld the hooks to the whole the bag
 7 XD wheels to the model to moving purpose"	https://drive.google.com/uc?export=download&id=1sTeD4QT-rPEaigk0q9mbnev81QMbjbtf	"- The image shows two students presenting a small, wheeled prototype.
- The prototype consists of a green plastic container mounted on a simple metal frame with small wheels.
- It appears to be a student-made Proof of Concept (POC).
- The student is likely trying to convey a portable device for moving materials, possibly grains, to address the problem of labor shortage.
- The image supports the 'wheels to the model to moving purpose' aspect of the proposed solution. However, the specific features like a 'rectangular iron box' for 'crane piling' and 'hooks to hold the bag' are not clearly visible or represented by the green plastic component."
30301	ಪ್ರಕೃತಿ ವಿಕೋಪದ ಸಂದರ್ಭದಲ್ಲಿ ತನ್ನನ್ನು ರಕ್ಷಿಸಿಕೊಳ್ಳುವ ಒಂದು ದಾರಿಯಾಗಿದೆ ತೇಲುವ ಮನೆ. ಇದು ಆಧುನಿಕ ತಂತ್ರಜ್ಞಾನವನ್ನು ಬಳಸಿ ನಿರ್ಮಿಸಲಾಗುವ ವಾಸಸ್ಥಳವಾಗಿದೆ.	"ನಿರ್ಮಾಣ ರೀತಿ
 ತೇಲುವ ಮನೆಯು ಪಂಚಾಂಗ ರಹಿತವಾಗಿರುತ್ತದೆ. ಸಾಮರ್ಥ್ಯವಿರುವ ವಸ್ತುವಿನಿಂದ ನಿರ್ಮಿಸಲಾಗುತ್ತದೆ.
 ವಿಧಗಳು 
 1ತಾತ್ಕಾಲಿಕ ತೇಲುವ ಮನೆ
 2 ಶಾಶ್ವತ ತೇಲುವ ಮನೆ
 ಪ್ರಯೋಜನಗಳು
 1ವೇಗದ ನಿರ್ಮಾಣ 
 2 ಅರಣ್ಯ ನಾಶ ಕಡಿತ 
 3 ಭೂಕಂಪನ ಪ್ರತಿರೋಧ 
 4 ಪರಿಸರ ವ್ಯವಸ್ಥೆಯಲ್ಲಿ ಸಹಕಾರಿ
 5ಸುಲಭ ಸಾರಿಗೆ
 6ಆಕರ್ಷಕ
 7ಕಡಿಮೆ ಖರ್ಚು
 ದುಷ್ಪರಿಣಾಮಗಳು
 1ಹೆಚ್ಚಿನ ನಿರ್ವಹಣೆ ಅಗತ್ಯ
 2 ಹೆಚ್ಚಿನ ಅಪಾಯದಲ್ಲಿ ಜಲಮಾಲಿನ್
 3 ನುರಿತ ಕಾರ್ಮಿಕರ ಅವಶ್ಯಕತೆ
 4 ಹವಾಮಾನ ಬದಲಾವಣೆ 
 5 ಕಡಿಮೆ ಜೀವಿತಾವಧಿ
 
 ಒಟ್ಟಿನಲ್ಲಿ ತೇಲುವ ಕಟ್ಟಡಕ್ಕೆ ಹೆಚ್ಚಿನ ವೈವಿಧ್ಯಮಯ ಕಚ್ಚಾ ಸಾಮಗ್ರಿಗಳು ಮತ್ತು ಸುಧಾರಿತ ನಿರ್ಮಾಣ ತಂತ್ರಗಳ ಅಗತ್ಯವಿರುತ್ತದೆ, ಹೆಚ್ಚಿನ ತಂತ್ರಜ್ಞಾನದ ಯಂತ್ರೋಪಕರಣಗಳ ಅಗತ್ಯವಿರುತ್ತದೆ, ಅದು ದುಬಾರಿಯಾಗಿದೆ. ಇದಕ್ಕೆ ನುರಿತ ಕಾರ್ಮಿಕರ ಅಗತ್ಯವಿರುತ್ತದೆ, ಇದು ಹೆಚ್ಚು ದುಬಾರಿಯಾಗಿದೆ ಮತ್ತು ಇಡೀ ವ್ಯವಸ್ಥೆಯು ಸಮಾಜಕ್ಕೆ ಹೊಸದಾಗಿರುವ ಕಾರಣ, ಹೆಚ್ಚಿನ ಬೇಡಿಕೆ ಇರಬಹುದು."	https://drive.google.com/uc?export=download&id=1h9qAUAxrS2csXC2Jd51JD8iVWN9nOUgp	"- The image shows three students standing behind a student-made cardboard model of a multi-story building.
- The model has ""GOVERNMENT HIGHER SECONDARY SCHOOL"" written on its facade.
- It is placed on a blue base, which might represent water or a floating platform.
- The students are likely attempting to convey their concept of a 'floating house' through this physical prototype.
- The image supports the idea of a structure for a floating house but does not clearly demonstrate the 'floating' mechanism, the use of modern technology, or specific features related to disaster resilience as described in the problem and solution."
36500	ಗ್ರಾಮೀಣ ಪ್ರದೇಶದಲ್ಲಿ ಕೃಷಿ ಆಧಾರಿತ ಬೇಸಾಯ ನಮ್ಮದಾಗಿದ್ದು ಇಲ್ಲಿ ಬಹುತೇಕ ಬೋರೆಲ್ ಗಳನ್ನು ಕೊರೆದಿದ್ದೇವೆ ಬೋರ್ವೆಲ್ ಮೋಟಾರ್ ಕೆಟ್ಟಾಗ ಅದನ್ನು ಹೊರ ತೆಗೆಯಲು ಮೊದಲು ಜನರನ್ನ ಅವಲಂಬಿಸಿದ್ದಿವಿ ಇದು ಜನರಿಗೆ ಹೊರೆಯಾಗುತ್ತಿತ್ತು ನಂತರ ವಿದ್ಯುತ್ ಆಧಾರಿತ ಯಾಂತ್ರಿಕ ಮಷೀನ್ ತಯಾರಿಸಿದ್ದೀವಿ. ಇದು ಕರೆಂಟ್ ಇಲ್ಲದೆ ಇರುವಾಗ ಕಾರ್ಯನಿರ್ವಹಿಸುತ್ತಿರಲಿಲ್ಲ ಆದ್ದರಿಂದ ನಾವು ಸೈಕಲ್ ಮೋಟಾರ್ ಇಂಜಿನ್ ಆಧಾರಿತ ಬೋರ್ ಮೋಟಾರ್ ಮೇಲೆ ಕೆತ್ತುವ ಸಾಧನವನ್ನು ತಯಾರಿಸಿದ್ದೇವೆ ಇದಕ್ಕೆ ಯಾವುದೇ ವಿದ್ಯುತ್ತಿನ ಅವಶ್ಯಕತೆ ಇಲ್ಲ ನಮಗೆ ಯಾವಾಗ ಬೇಕಾದಾಗ ಮೋಟಾರ್ ಇಂಜಿನ್ ಸ್ಟಾರ್ಟ್ ಮಾಡಿ ಬೋರ್ ಮೋಟಾರ್ ಮೇಲೆ ಎತ್ತಬಹುದು	ಸಾಮಾನ್ಯವಾಗಿ ಕೃಷಿಗೆ ನೀರಾವರಿ ಅತಿ ಅವಶ್ಯಕವಾಗಿದೆ ಆದರೆ ನೀರಾವರಿಯಲ್ಲಿ ಬೋರ್ವೆಲ್ನಿಂದ ನೀರನ್ನು ಮೇಲೆ ಕೆತ್ತುವುದು ಅನಿವಾರ್ಯವಾಗಿದೆ ಇಂಥ ಸಂದರ್ಭದಲ್ಲಿ ನಾವು ಬರವಣಿಗೆ ವಿದ್ಯುತ್ ಮೋಟಾರನ್ನು ಅಳವಡಿಸಬೇಕಾಗುತ್ತದೆ ಆ ವಿದ್ಯುತ್ ಮೋಟಾರ್ ಕೆಟ್ಟಾಗ ಅದನ್ನು ಹೊರ ತೆಗೆಯಬೇಕಾಗುತ್ತದೆ ಹೊರ ತೆಗೆಯಲು ಅನೇಕ ಸಾಧನಗಳಿದ್ದರೂ ಅದು ನಿರ್ದಿಷ್ಟ ಸಮಯಕ್ಕೆ ಮಾತ್ರ ಬಳಸಬಹುದಾಗಿದೆ ಆದ್ದರಿಂದ ನಾವು ತಯಾರಿಸಿದ ಈ ಒಂದು ಸಾಧನ ಒಂದು ಚಿಕ್ಕ ಮೋಟರ್ ಸೈಕಲ್ ನ ಇಂಜಿನ ವಾಗಿದ್ದು ಇದನ್ನು ಮೂರು ಕಬ್ಬಿಣದ ಕಂಬಗಳನ್ನು ನಿಲ್ಲುವ ಹಾಗೆ ಮಾಡಿ ಅದಕ್ಕೆ ಜೋಡಿಸಲಾಗಿದೆ ಸೈಕಲ್ ಮೋಟಾರ್ ನ ಇಂಜಿನ್ ಸ್ಟಾರ್ಟ್ ಮಾಡಿದಾಗ ಬೆಲ್ಟ್ ನ ಸಹಾಯದಿಂದ ನಾವು ಮೊಟರನ್ನು ಮೇಲಕ್ಕೆ ಎತ್ತಬಹುದು ಮತ್ತು ಅತಿ ಕಡಿಮೆ ಇಂಧನದಲ್ಲಿ ನಾವು ಮೋಟಾರನ್ನ ಮೇಲೆ ಕೆತ್ತಬಹುದು ಮತ್ತು ಯಾವುದೇ ಸಮಯದಲ್ಲಿ ಮೇಲೆ ಕೆತ್ತಬಹುದು ಇದಕ್ಕೆ ವಿದ್ಯುತ್ ಅಥವಾ ಜಾಸ್ತಿ ಜನರ ಅವಶ್ಯಕತೆ ಇರುವುದಿಲ್ಲ ಆದ್ದರಿಂದ ಇದು ಸಮಾಜಕ್ಕೆ ಅತ್ಯಂತ ಉತ್ತಮ ಸಾಧನವಾಗಿದೆ	https://drive.google.com/uc?export=download&id=1tNVufMMHhTGCH7vC8Pv_JX0YLJV-zOX9	"- The image shows a prototype of a borewell motor lifting device, constructed with a blue metal tripod structure.
- A small engine (likely a bicycle motor engine as per the solution) is visible, connected to a pulley system at the top of the tripod.
- A green weighted bag is being lifted by the pulley system, simulating the borewell motor.
- Several individuals, including students and adults, are observing the demonstration.
- This appears to be a student-made Proof of Concept (POC) or prototype.
- The student is trying to convey the functionality of their innovation: a non-electric, engine-powered device for lifting borewell motors.
- The image strongly supports the stated problem of needing an off-grid solution for borewell motor retrieval and effectively demonstrates the core mechanism of the proposed solution."
36574	ಡ್ರೈವರ್ ನ ನಿರ್ಲಕ್ಷಕ್ಕೆ ಒಳಗಾಗಿ ಅಪಘಾತಗಳು ಸಂಭವಿಸುತ್ತಿದ್ದವು.	ಈ ಸಾಧನವನ್ನು ತಯಾರಿಸಲು ರೇನ್ ಡ್ರಾಪ್ ಸೆನ್ಸಾರ್ ಮತ್ತು ಸರ್ವ ಮೋಟಾರ್ ಆರ್ಡಿನೋ ಬೋರ್ಡ್ ಹಾಗೂ ಬ್ರೆಡ್ ಬೋರ್ಡ್ ಬಳಸಿಕೊಂಡು ನಾವು ಸ್ವಯಂ ಚಾಲಿತ ವೈಪರನ್ನು ನಿರ್ಮಿಸಿದ್ದೇವೆ. ಇದು ಯಾವುದೇ ಸಮಯದಲ್ಲಿ ಮಳೆ ಅಥವಾ ಮಂಜು ಬಂದಾಗ ಯಾವುದೇ ರೀತಿಯ ನಿರ್ವಹಣೆಯ ಅವಶ್ಯಕತೆ ಇಲ್ಲದೆ ಸ್ವಯಂ ಚಾಲಿತವಾಗಿ ಕಾರ್ಯವನ್ನು ಪ್ರಾರಂಭಿಸುತ್ತದೆ ಹಾಗೂ ಮಂಜು ಮತ್ತು ಮಳೆ ನಿಂತಾಗ ಕಾರ್ಯವನ್ನು ಸ್ಥಗಿತಗೊಳಿಸುತ್ತದೆ.	https://drive.google.com/uc?export=download&id=1uGxzf0rj2-IKLRx6ONSk8_Ontb3EJ4cR	"- The image displays a prototype of an automatic wiper system mounted on a toy car.
- It features an Arduino Uno board, a breadboard, a rain sensor (FC-37), and what appears to be a servo motor, all interconnected with wires.
- This appears to be a student-made Proof of Concept (POC).
- The student is conveying the physical setup and integration of the electronic components for their proposed automatic wiper solution.
- The image supports the stated solution by visually demonstrating the key components (rain sensor, Arduino, servo motor) that would enable an automatic wiper system to address driver negligence during rain or fog."
38690	ವಯಸ್ಸಾದ ದುರ್ಬಲ ಅಥವಾ ಅಂಗವಿಕಲ ರಿಗೆ ಅಥವಾ ಹೆಚ್ಚು ಸಮಯ ಹೊರಗೆ ಕೆಲಸ ಮಾಡುವವರಿಗೆ ಮನೆ ಸ್ವಚ್ಛಗೊಳಿಸಲು ಸಮಯ ಇರುವುದಿಲ್ಲ	"ಕಸ ಇರುವ ಪ್ರದೇಶಕ್ಕೆ ವ್ಯಾಕ್ಯೂಂ ಕ್ಲೀನರ್ ಪೈಪನ್ನು
 ಅಳವಡಿಸಿದಾಗ ಕಸವನ್ನು ಒಳಗಡೆ ಎಳೆದುಕೊಳ್ಳುತ್ತದೆ."	https://drive.google.com/uc?export=download&id=1bNCJgV8VrEfI1CZZx8_mnCuEIOj89GRg	"- The image shows a student-made prototype of a vacuum cleaner, constructed from a plastic bottle, a flexible pipe, and possibly a small motor or fan (partially visible at the top).
- It appears to be a student-made Proof of Concept (POC) demonstrating the basic mechanism.
- The student is trying to convey how their proposed solution, a vacuum cleaner, can pick up dirt (represented by shredded paper) using a pipe.
- The image directly supports the proposed solution by visually demonstrating the concept of a vacuum cleaner pipe sucking in dirt, addressing the problem of home cleaning."
40862	ನಮ್ಮ ಸುತ್ತ ಮುತ್ತ ಹಲವಾರು ಜನರು ಭಾರವಾದ ವಸ್ತುಗಳನ್ನು ಹೊತ್ತುಕೊಂಡು ಹೋಗುವುದನ್ನು ನಾವು ನೋಡಿದಾಗ ಅದಕ್ಕೆ ಸರಳ ಉಪಾಯ ಕಂಡು ಹಿಡಿಯಬೇಕೆಂದು ಅನಿಸಿತು ಅದರ ಫಲವೇ ಜಗ್ಗುವ ಗಾಡಿ	ದಿನನಿತ್ಯ ನಮ್ಮ ಶಾಲೆಯಲ್ಲಿ ಮಧ್ಯಾಹ್ನದ ಬಿಸಿ ಊಟ ಮತ್ತು ಬಾಳಿಯನ್ನು ನೀಡುವಾಗ ನಮ್ಮ ಶಾಲೆಯಲ್ಲಿ ಇರತಕ್ಕಂತಹ ವ್ಯಕ್ತಿಗಳು ಅವುಗಳ ಎತ್ತುವುದನ್ನೇ ನೋಡಿದ್ದೇವೆ ಅದೇ ರೀತಿ ಹೊಲಗಳಲ್ಲಿ ಬಹಳಷ್ಟು ಜನರು ವ್ಯವಸಾಯದ ವಸ್ತುಗಳನ್ನು ತರುವುದನ್ನು ನೋಡಿದ್ದೇವೆ ಇದರಿಂದ ನಾವು ಚಿಕ್ಕ ಗಾಡಿಯನ್ನು ತಯಾರಿಸಿ ಅದರ ಮೇಲೆ ಯಾವ ಬೇಕಾದ ವಸ್ತುಗಳನ್ನು ಒಂದು ಸ್ಥಳದಿಂದ ಇನ್ನೊಂದು ಸ್ಥಳಕ್ಕೆ ತೆಗೆದುಕೊಂಡು ಈಸಿಯಾಗಿ ಹೋಗಬಹುದು	https://drive.google.com/uc?export=download&id=1J-W76j7gAXaLN_LoGDWW1sdUo9l1iYSU	"- The image shows a two-wheeled cart, likely a student-made prototype, loaded with multiple plastic crates.
- Two students in school uniforms are pulling the cart on what appears to be a school ground.
- The students are conveying a practical demonstration of their 'pulling cart' (ಜಗ್ಗುವ ಗಾಡಿ) solution.
- The image directly supports the stated solution by visually presenting a simple cart designed to ease the burden of carrying heavy objects, such as mid-day meals in schools or farm produce."
41019	ಸರ್ಕಾರಕ್ಕೆ ಆರ್ಥಿಕ ಹೊರೆ ಗೇಟ್ ಮನ್ ಗಳ ಅಜಾಗರುಕತೆಯಿಂದ ವಾಹನಗಳ ಅಪಘಾತ ಉಂಟಾಗುತ್ತಿದ್ದವು ಹಗಲು ರಾತ್ರಿ ಎಲ್ಲ ಸಮಯದಲ್ಲೂ ಕಾರ್ಯನಿರ್ವಹಣೆ	"ಸ್ವಯಂ ಚಾಲಿತ ರೈಲ್ವೆ ಗೇಟ್ ಅನ್ನು ತಯಾರಿಸಲು ಬಳಸಿದ ಉಪಕರಣಗಳು I R ಸೆನ್ಸರ್ ಸರ್ವೋಮೋಟರ್ ಆರ್ಡಿನೋ ಬೋರ್ಡ್ ಬಜರ್ ಮುಂತಾದವುಗಳು
  ಸ್ವಯಂ ಚಾಲಿತ ರೈಲ್ವೆ ಗೇಟ್ ಇದು ಸ್ವಯಂ ಚಾಲಿತವಾಗಿ ಗೇಟ್ ಹಾಕುವುದು ಮತ್ತು ಹೇಗೆಂದರೆ ನಾವು ರೈಲ್ವೆ ಗೇಟ್ನಿಂದ ಸ್ವಲ್ಪ ದೂರದಲ್ಲಿ ಅಳವಡಿಸಿದ್ದೇವೆ ಅದು ಅಲ್ಲಿ ರೈಲು ಬಂದ ತಕ್ಷಣ ಸೆನ್ಸರ್ ಸೆನ್ಸ್ ಮಾಡಿ ಅದು ರೈಲ್ವೆ ಗೇಟ್ ಹಾಕುವಂತೆ ಮಾಡುತ್ತದೆ ನಂತರ ರೈಲು ಸಂಪೂರ್ಣವಾಗಿ ದಾಟಿದ ನಂತರ ಅದರ ನಂತರದಲ್ಲಿ ಅಳವಡಿಸಿದ್ದ ಸೆನ್ಸರ್ ಸೆನ್ಸ್ ಮಾಡಿ ರೈಲ್ವೆ ಗೇಟ್ ತೆಗೆಯುವಂತೆ ಮಾಡುತ್ತದೆ ಇದರಿಂದ ಗೇಟ್ ಮನ್ಗಳ ಅವಶ್ಯಕತೆ ಇರುವುದಿಲ್ಲ ಮತ್ತು ಇದು ಹಗಲು-ರಾತ್ರಿ ಎರಡು ಸಮಯದಲ್ಲಿ ಕಾರ್ಯನಿರ್ವಹಿಸುವುದರಿಂದ ರಾತ್ರಿ ವೇಳೆಯಲ್ಲಿ ಗೆಟ್ ಮನ್ ಗಳು ನಿದ್ದೆಗೆ ಜಾರುವ ಸಂದರ್ಭವಿತ್ತು ಆದರೆ ಇದು ಎಲ್ಲ ಸಮಯದಲ್ಲೂ ಕಾರ್ಯನಿರ್ವಹಿಸುತ್ತದೆ
  ಈ ಮಾದರಿಯನ್ನು ನಾವು ಪಾರ್ಕಿಂಗ್ ಗೇಟ್ಗಳಲ್ಲಿ ಮತ್ತು ಮನೆಯ ಗೇಟುಗಳಿಗೂ ಕೂಡ ಅಳವಡಿಸಬಹುದು
  ಗೇಟ್ ಮನ್ ಗಳು ನಿದ್ದೆಗೆ ಜಾರಿದಾಗ ಮತ್ತು ರಾತ್ರಿ ಸಮಯದಲ್ಲಿ ಸಮಸ್ಯೆಯಾಗುತ್ತಿತ್ತು ಮತ್ತು ಸರಕಾರಕ್ಕೆ ಗೇಟ್ ಮನ್ ಗಳ ಸಂಬಳವೂ ಕೂಡ ಆರ್ಥಿಕ ಹೊಣೆಯಾಗುತ್ತಿತ್ತು"	https://drive.google.com/uc?export=download&id=18m5k4I7YH6sstuME-BMXJmlAykIDeGst	"- The image displays a student-made physical prototype of an automatic railway gate system.
- It features a miniature road with a small orange car, a section with greenery, and a white box likely housing the electronic components, with a vertical antenna-like stick.
- The student is conveying a tangible representation of their proposed automated railway gate solution, demonstrating the physical setup of the system.
- The image supports the stated solution by visually presenting a model of an automated gate, aligning with the idea of eliminating manual gate operation and gatekeepers."
43231	ಕೆರೆಯ ಮಧ್ಯಭಾಗ ಅಥವಾ ನದಿಯ ಮಧ್ಯಭಾಗದಲ್ಲಿರುವ ಕಸವನ್ನು ಸ್ವಚ್ಛಗೊಳಿಸಲು ಮತ್ತು ಅದನ್ನು ಸ್ವಚ್ಛಗೊಳಿಸಲು ಮಾನವನನ್ನು ಬಳಸಿದ್ದಲ್ಲಿ ಅವರ ಪ್ರಾಣ ಹಾನಿಯನ್ನು ತಪ್ಪಿಸಲು	ನಾವು ಒಂದು ಕೆರೆಗೆ ಭೇಟಿ ಕೊಟ್ಟಂತಹ ಸಮಯದಲ್ಲಿ ಆ ಕೆರೆಯು ಮಧ್ಯಭಾಗದಲ್ಲಿ ಬಹಳ ಗಲೀಜು ಆಗಿರುವುದು ಕಂಡು ಬಂತು ಅವಾಗ ನಾವು ಆ ಮಧ್ಯಭಾಗದಲ್ಲಿರುವ ಕಸವನ್ನು ತೆಗೆದುಹಾಕಲು ಈ ಮಾದರಿಯನ್ನು ತಯಾರಿಸಿದೆವು ಈ ಬ್ಲೂಟೂತ್ ಆಧಾರಿತ ಬೋಟ್ Andriod ಫೋನ್‌ನಿಂದ ನಿಯಂತ್ರಿಸಲಾಗುತ್ತದೆ, ಅದು ರೋಬೋಟ್‌ಗೆ ಲಗತ್ತಿಸಲಾದ ಇತರ andriod ಮೊಬೈಲ್ ಫೋನ್‌ಗೆ ಬ್ಲೂಟೂತ್ ಸಂಪರ್ಕವನ್ನು ಮಾಡುತ್ತದೆ. ಬ್ಲೂಟೂತ್ ಸಂಪರ್ಕವು ರೂಪುಗೊಂಡ ತಕ್ಷಣ, ಮೊಬೈಲ್ ಅಪ್ಲಿಕೇಶನ್‌ನಲ್ಲಿ ಯಾವುದೇ ಗುಂಡಿಯನ್ನು ಒತ್ತಿದರೆ, ಒತ್ತಿದ ಬಟನ್‌ಗೆ ಸಂಬಂಧಿಸಿದ ಕೋಡ್ ಅನ್ನು ಬ್ಲೂಟೂತ್ ಮಾಡ್ಯೂಲ್‌ನ ಇನ್ನೊಂದು ತುದಿಯಲ್ಲಿ ಸ್ವೀಕರಿಸಲಾಗುತ್ತದೆ. ರೋಬೋಟ್‌ನಲ್ಲಿ ಜೋಡಿಸಲಾದ ಬ್ಲೂಟೂತ್ ಸಹಾಯದಿಂದ ರೋಬೋಟ್ ಈ ಕೋಡ್ ಅನ್ನು ಗ್ರಹಿಸುತ್ತದೆ. ಸ್ವೀಕರಿಸಿದ ಕೋಡ್ ಅನ್ನು ಬ್ಲೂಟೂತ್ ಮಾಡ್ಯೂಲ್ HC-05 ಸಹಾಯದಿಂದ ಮೈಕ್ರೋಕಂಟ್ರೋಲರ್ ಮೂಲಕ ಸಂಸ್ಕರಿಸಲಾಗುತ್ತದೆ. ಕೋಡ್ ಸಂಖ್ಯೆಯನ್ನು ಮೈಕ್ರೊಕಂಟ್ರೋಲರ್ಗೆ ಕಳುಹಿಸಲಾಗುತ್ತದೆ. ಮೈಕ್ರೊಕಂಟ್ರೋಲರ್ ಯಾವುದೇ ಇನ್‌ಪುಟ್‌ಗೆ ನಿರ್ಧಾರ ತೆಗೆದುಕೊಳ್ಳಲು ಪ್ರೋಗ್ರಾಮ್ ಮಾಡಲ್ಪಟ್ಟಿದೆ ಮತ್ತು ಮೋಟಾರ್ ಡ್ರೈವರ್‌ಗಳಿಗೆ ಅದರ ನಿರ್ಧಾರವನ್ನು ಔಟ್‌ಪುಟ್ ಮಾಡುತ್ತದೆ ಮೋಟಾರ್‌ಗಳನ್ನು ಫಾರ್ವರ್ಡ್ ಅಥವಾ ಬ್ಯಾಕ್‌ವರ್ಡ್ ಚಲನೆ ಅಥವಾ ತಿರುವು ಮತ್ತು ಬಿನ್ ಮೂವ್‌ಮೆಂಟ್‌ಗೆ ಚಾಲನೆ ಮಾಡುತ್ತದೆ.	https://drive.google.com/uc?export=download&id=1-pndoh9E_V5fBkLHKOc4CGjJTdLm-g4K	"- The image displays a student-made physical prototype of a boat, likely constructed from cardboard or similar materials.
- It features a paddle wheel at the front, a blue rectangular compartment (possibly a collection bin), and other structural elements.
- Visible wires and some electronic components are present within the boat.
- The student is conveying the physical design and basic functionality of their proposed Bluetooth-controlled boat for waste collection.
- The image directly supports the proposed solution by showing a tangible model of a remote-controlled boat designed to collect garbage from water bodies, aligning with the goal of preventing human casualties during cleaning."
45689	ಹಗಲು ಹೊತ್ತು ಸದಾ ದೀಪಗಳು ಉರಿಯುವುದರಿಂದ ವಿದ್ಯುತ್ ನಷ್ಟವಾಗುತ್ತಿತ್ತು	ಈ ಮಾದರಿಯನ್ನು ಸಿದ್ದಗೊಳಿಸಲು ಬಳಸಿದ ಪ್ರಮುಖ ಉಪಕರಣಗಳು ಎಂದರೆIC LM555 ಬೆಳಕಿನ ಕಿರಣಗಳು lDR ಮೇಲೆ ಬಿದ್ದಾಗ ಅಡೆತಡೆ ಉಂಟಾಗಿ lDR ನ ವಿದ್ಯುತ್ ರೋಧ ಹೆಚ್ಚಾಗುತ್ತದೆ ಇದರಿಂದ ವೋಲ್ಟೇಜ್ ಆಗಿ ದೀಪಗಳು ಆರುತ್ತವೆ ನಂತರ ಕತ್ತಲೆಯಾದಾಗ LDR ಇ ಮೇಲೆ ಬೆಳಕು ಬಿಡುವುದು ನೀಡುತ್ತದೆ ಆಗ ಸರ್ಕ್ಯೂಟ್ ಪೂರ್ಣಗೊಳ್ಳುತ್ತದೆ ಮತ್ತು ವೋಲ್ಟೇಜಾಗಿ ಹೆಚ್ಚಾಗಿ ಎಲ್ಲಾ ದೀಪಗಳು ಹತ್ತುತ್ತವೆ ಅಂದರೆ ಬೆಳಕಿದ್ದಾಗ ದೀಪಗಳು ಕತ್ತಲೆಯಾದಾಗ ತನ್ನಿಂದ ತಾನೇ ದೀಪಗಳು ಉರಿಯಲಾರಂಭಿಸುತ್ತವೆ ಇದರಿಂದ ಬೆಳಕಿನ ಅಪವೇಯ ತಪ್ಪುತ್ತದೆ	https://drive.google.com/uc?export=download&id=1CCyYwAXAShDEGQD08Z8Lwy2E-JHsdFoW	"- The image shows a student-made diorama or model of a street scene featuring houses and streetlights.
- It appears to be a student-made proof-of-concept (POC).
- The student is conveying their innovation: an automatic street lighting system that turns on when dark and off when light, as evidenced by the streetlights and a visible electronic circuit board (likely containing the LDR and LM555 IC mentioned in the solution).
- The image effectively supports the stated problem of electricity wastage from lights being on during the day and visually demonstrates the proposed automated solution."
61924	ನೀರನ್ನು ನೇರವಾಗಿ ಭೂಮಿಯಲ್ಲಿ ನೀರಾವರಿ ಮಾಡುವುದರಿಂದ, ಮಣ್ಣಿನ ತೇವಾಂಶದಲ್ಲಿನ ವ್ಯತ್ಯಾಸದಿಂದ ಸಸ್ಯಗಳು ಹೆಚ್ಚಿನ ಒತ್ತಡಕ್ಕೆ ಒಳಗಾಗುತ್ತವೆ, ಆದ್ದರಿಂದ ಸಸ್ಯದ ನೋಟವು ಕಡಿಮೆಯಾಗುತ್ತದೆ. ಸಿಸ್ಟಮ್ನ ಸ್ವಯಂಚಾಲಿತ ನಿಯಂತ್ರಣದ ಅನುಪಸ್ಥಿತಿಯು ಅನುಚಿತ ನೀರಿನ ನಿಯಂತ್ರಣ ವ್ಯವಸ್ಥೆಗೆ ಕಾರಣವಾಗುತ್ತದೆ.	"ಕ್ಯೂಸ್ಮಾರ್ಟ್ ನೀರಾವರಿ...
 
 ಸ್ಮಾರ್ಟ್ ನೀರಾವರಿ ಹಲವಾರು ಸಮಸ್ಯೆಗಳನ್ನು ಪರಿಹರಿಸಲು ಸಹಾಯ ಮಾಡುತ್ತದೆ, ಅವುಗಳೆಂದರೆ:
 
 ನೀರಿನ ತ್ಯಾಜ್ಯ
 
 ಸ್ಮಾರ್ಟ್ ನೀರಾವರಿ ವ್ಯವಸ್ಥೆಗಳು ಸಸ್ಯಗಳಿಗೆ ಅಗತ್ಯವಿರುವಾಗ ಸರಿಯಾದ ಪ್ರಮಾಣದ ನೀರನ್ನು ಒದಗಿಸುವ ಮೂಲಕ ನೀರಿನ ವ್ಯರ್ಥವನ್ನು ಕಡಿಮೆ ಮಾಡಬಹುದು. ಸಾಂಪ್ರದಾಯಿಕ ನೀರಿನ ವಿಧಾನಗಳು ಅತಿಯಾದ ನೀರುಹಾಕುವುದು, ಆವಿಯಾಗುವಿಕೆ ಮತ್ತು ಅಸಮರ್ಥತೆಗಳಿಂದ 50% ನಷ್ಟು ನೀರನ್ನು ವ್ಯರ್ಥ ಮಾಡಬಹುದು.
 
 ಬೆಳೆ ಇಳುವರಿ
 
 ಸ್ಮಾರ್ಟ್ ನೀರಾವರಿ ವ್ಯವಸ್ಥೆಗಳು ಸಸ್ಯಗಳಿಗೆ ಸೂಕ್ತವಾದ ನೀರನ್ನು ಒದಗಿಸುವ ಮೂಲಕ ಬೆಳೆ ಇಳುವರಿ ಮತ್ತು ಗುಣಮಟ್ಟವನ್ನು ಸುಧಾರಿಸಬಹುದು.
 
 ಪರಿಸರ ರಕ್ಷಣೆ
 
 ಸ್ಮಾರ್ಟ್ ನೀರಾವರಿ ಪರಿಸರ ವ್ಯವಸ್ಥೆಗಳನ್ನು ರಕ್ಷಿಸಲು ಮತ್ತು ನೀರನ್ನು ಕಾಪಾಡಿಕೊಳ್ಳಲು ಸಹಾಯ ಮಾಡುತ್ತದೆ"	https://drive.google.com/uc?export=download&id=1rKIgULQTWzdz6jlAgX5Ag0zAxAeGDanp	"- The image shows a student-made prototype of a 'Smart Irrigation' system.
- It features a potted plant, a clear container (likely a water reservoir or sensor housing), an electronic control board (resembling an Arduino), a relay, a buzzer, and various connecting wires.
- The student is conveying a functional model of their automated irrigation solution, indicated by the electronic components and the 'SMART IRRIGATION' label.
- The image strongly supports the stated problem of improper water control and the proposed solution of smart irrigation by demonstrating a tangible system designed for automated and controlled watering."
2169	Loss of living beings	Many living beings will affect	https://drive.google.com/uc?export=download&id=1tLlkvIXlwzTfIXzhecVRPdJO-QgVJmDQ	"- The image shows four school students presenting a physical model.
- The model appears to be a student-made miniature house with a green base, likely representing a habitat or a sustainable living environment.
- It is a student-made Proof of Concept (POC) or visual aid.
- The student is likely trying to convey an idea related to housing or habitat preservation, but the specific connection to the broad problem of 'Loss of living beings' and the unclear proposed 'solution' is not explicitly demonstrated by the image alone.
- The image's support for the stated problem and solution is limited due to the vagueness of the problem/solution statements and the lack of explicit context for the house model."
2692	"1.அழுக்கான தயாரிப்பு சூழ்நிலை
 2.பாதுகாப்பு சேமிப்பு முறை
 3.மாசுபாடு"	"அழுக்கான தயாரிப்பு சூழ்நிலைகள்: விவசாய மற்றும் உணவுப் பொருள் உற்பத்தியாளர் பகுதிகளில் சுகாதார நிபந்தனைகள் குறைவாக இருக்கும்போது,
 
 
 2. பாதுகாப்பான சேமிப்பு முறைகள்: உணவுப் பொருட்களைச் சரியாகச் சேமிக்காத போது, அவை தொற்று மற்றும் அழுக்கால் பாதிக்கப்படலாம். நிலைத்திருக்கும் காலத்தைக் கவனிக்காமல் உணவு பாதுகாப்பு குறைக்கப்படுகிறது.
 
 
 3. மாசுபாடு: pesticides, heavy metals, மற்றும் இவ்வாறான வேதியியல் பொருட்கள் உணவுப் பொருட்களில் உள்ளதால், மக்கள் உடல் நலத்திற்கு பாதிப்புகளை ஏற்படுத்தும்.
 
 
 4. உணவு போலிகள்: உணவுப் பொருட்களின் உண்மைத்தன்மையை உறுதிப்படுத்த முடியாத போது, மக்கள் மோசமான அல்லது பாதிக்கப்பட்ட உணவுகளை சாப்பிடுவார்கள்.
 
 
 5. உணவுப் பாதுகாப்பு விதிமுறைகள்: பல நாடுகளில் உணவுப் பாதுகாப்பு விதிமுறைகள் அல்லது நடைமுறைகள் குறைவாக இருக்கலாம், இதனால் பாதுகாப்பான உணவு கிடைப்பதற்கு கடினமாகிவிடுகிறது.
 
 
 6. பாரம்பரிய விவசாயம்: மூலிகை மற்றும் மரபுச்செல்வத்தைப் பயன்படுத்தாத விவசாயம், உயர் மாசுபாடு மற்றும் அழுக்கின் ஆபத்தை அதிகரிக்கிறது."	https://drive.google.com/uc?export=download&id=1PLOsD58sQTwudJs2I2DrUhsKquzVRi4z	"- The image shows a student-made model depicting an agricultural setup.
- It features a cattle shed, a rainwater harvesting system, a water purification tank, and a drip irrigation system.
- This appears to be a student-made Proof of Concept (POC).
- The student is trying to convey solutions for clean water management and sustainable farming practices to ensure a hygienic production environment.
- The image supports the problem statements regarding 'dirty production environment' and 'pollution' by illustrating methods for clean water sourcing and efficient, potentially cleaner irrigation, which can contribute to reducing contamination in agricultural settings."
5576	கிராமப்புறங்களில் LPG பயன்பாடு அதிகரித்துள்ளது. ஆனால் அவற்றைப் பற்றிய விழிப்புணர்வு அதிகமாக இல்லை. எனவே சிறியவர்கள் மற்றும் வயதானவர்கள் LPG யை பயன்படுத்தும் போது கவன குறைவாக செயல்படுகின்றனர்.	கிராமப்புறங்களில் LPG பயன்பாடு அதிகரித்துள்ளது. ஆனால் அவற்றைப் பற்றிய விழிப்புணர்வு அதிகமாக இல்லை. எனவே சிறியவர்கள் மற்றும் வயதானவர்கள் LPG யை பயன்படுத்தும் போது கவன குறைவாக செயல்படுகின்றனர். இவற்றைப் பயன்படுத்தும் போது அடுப்பை அணைப்பதற்கு மறந்து விடுகின்றனர். எனவே LPG கசிவு ஏற்பட்டு பெரிய விபத்துக்கள் மற்றும் சுற்றுச்சூழல் பாதிப்பு ஏற்படுகிறது எனவே LPG வாயுவின் கசிவு ஏற்பட்டவுடன் தானியங்கியாக LPG கசிவை OFF செய்வதற்கு Sensor உருவாக்கப்படுவதற்கான யோசனையை சமர்ப்பிக்கிறோம்.	https://drive.google.com/uc?export=download&id=11J_qyPteJ9g8eJC3zRvv4I-mPjpWIzLt	"- The image displays a student-made poster titled ""LPG விழிப்புணர்வு"" (LPG Awareness) with handwritten text in Tamil and two small, sourced images.
- It appears to be a student-made chart or diagram, with the two small pictures likely sourced from print media.
- The student is conveying the problem statement: the increase in LPG usage in rural areas, the lack of awareness, careless use by children and the elderly, forgetting to turn off stoves, and the resulting LPG leaks, accidents, and environmental damage.
- The image strongly supports the stated problem by visually and textually outlining the issues. It indirectly supports the proposed solution by emphasizing the dangers of LPG leakage that the sensor aims to prevent, but it does not depict the sensor or its mechanism."
6606	நீரின் அளவு குறைந்து கொண்டு வருகிறது.	நீரின் அளவை அதிகரிப்பதால் தடுக்க முடியும். நன்றாக வேலை செய்கிறது. மக்கள் அனைவருக்கும் உதவுகிறது.	https://drive.google.com/uc?export=download&id=1BL4QiLDbWN5BnCegBgXUKS7g-TIJfiFS	"- The image displays a student-made prototype of a 'Water Level Indicator'.
- It consists of a transparent container with water and submerged sensors (wires), connected to a cardboard display unit.
- The display unit features LEDs indicating water levels at 'Full', '75%', '50%', and '25%', along with a buzzer and a power switch.
- The 'Full' LED is currently illuminated, suggesting the water level is at maximum.
- The student is conveying their ability to build a functional device for monitoring water levels, likely to prevent overflow and promote water conservation.
- The image supports the broader goal of water management, which is relevant to the problem of decreasing water levels, by providing a tool to prevent wastage through overflow, even if it doesn't directly 'increase' water levels as stated in the solution."
8527	நிறைய காட்டு விலங்குகள் இடம்பெறுகிறது இடம்பெயரும் பொழுது வாகனங்களில் சிக்க நேரிடும் அதுமட்டுமல்லாமல் வாகன ஓட்டிகளுக்கு இடையூறாகவும் உள்ளது வாகனங்கள் ஒலிகளால் பாதிப்படைகிறது ஆகவே காட்டு விலங்குகளை பாதுகாக்க காட்டு விலங்குகளின் உடம்பில் reflector பயன்படுத்தி விலங்குகள் சாலைகளில் செல்லும் பொழுது எந்தவிதமான பாதிப்புக்கு உள்ளாகாமல் பாதுகாப்புக்கு சிறந்த வழி	"Reflectorபயன்படுத்தி வனவிலங்குகள் வாகன ஒலி மற்றும்
 ஒளியை கண்டவுடன் தாங்கள் இடத்திற்குச் சென்று விடும்"	https://drive.google.com/uc?export=download&id=1NnNCA3hvOpjKvqitAN36OCeCfbOcYm6t	"- The image shows a student-made diorama or model of a road with blue lights, likely representing vehicle headlights or streetlights.
- It appears to be a student-made Proof of Concept (POC) or exhibition model.
- The student is likely trying to convey the environment where their solution (reflectors on animals) would be implemented, specifically a road at night with vehicle lights.
- The image supports the problem by illustrating a road where animal-vehicle collisions could occur. It partially supports the solution by showing vehicle lights, which are central to the reflector concept, but does not explicitly show animals or the reflector mechanism."
8698	வாய்ப்புகள் கிடைக்காதது	"எங்களுக்கு ஒரு கண் பார்வையற்றார்கள் தடுமாறி கீழே விழுதல் அல்லது எங்காவது சென்று ஏற்றிக் கொள்ளுதல் போன்றவற்றை கண்டறிந்து அதற்கான உபயோக உடையை யோசித்தனர். அந்த உடையானது எதிரில் ஏதும் தடுப்புகள் போன்றவை இருந்தால் அதில் மோதிக் கொள்வதற்கு முன்பே 
  ஒளியை எழுப்பி எச்சரிக்கை செய்கிறது"	https://drive.google.com/uc?export=download&id=154Hi6Y--Uymj57ej3mHrRZC_SjMMiHhe	"- The image is a hand-drawn sketch illustrating a person wearing a shirt, pants, and glasses.
- It shows the proposed placement of 'sensors' (labeled as 'sessor' and 'Senson' in some instances) on the glasses, shirt (chest area), knees, and feet.
- This appears to be a student-made conceptual diagram or sketch of their proposed innovation.
- The student is conveying the design of their 'useful attire' for the visually impaired, highlighting where detection components would be integrated.
- The image directly supports the stated solution by visualizing the attire and sensor locations, which are intended to detect obstacles and warn the user, thereby addressing the problem of preventing falls and collisions."
9679	பெருகி வரும் வாகனப் புகையால் ஓசோன் படலத்தின் அடர்த்தி குறைந்து புவி வெப்பமடைகிறது. புவி வெப்பமடைவதால் பருவகால மாற்றங்கள் நிகழ்ந்து உணவுப்பொருட்களின் உற்பத்தி பாதிக்கப்படுகிறது.	வாகனங்களின் புகை போக்கிகளுக்குள் கார்பன் டை ஆக்சைடு வடிகட்டியை பொருத்துதல்.	https://drive.google.com/uc?export=download&id=1Vk17lOG3OCW9xW2LDk5ehHbSKLJ5qmrZ	"- The image shows a student-made model of a car, likely constructed from cardboard and painted.
- It appears to be a student-made Proof of Concept (POC) model.
- The student is trying to convey the basic structure of a vehicle, highlighting the rear where an exhaust-like component (a yellow/green straw) is visible.
- The image provides a visual context for a vehicle, which is the subject of the problem and solution, but does not explicitly illustrate the carbon dioxide filter itself."
10064	பேட்ரி	It was explained in our video	https://drive.google.com/uc?export=download&id=1Bh_WLaoqsnYfmoPES_2FhqJANaLlPW_n	"- The image shows five students (three girls, two boys) presenting a simple experimental setup on a table in a classroom.
- The setup includes a lit candle in a shallow dish containing blue liquid, a blue plastic bottle, a crumpled piece of paper, and a small clear plastic bottle.
- This appears to be a student-made Proof of Concept (POC) or a demonstration of a scientific principle.
- The student is likely attempting to convey a practical demonstration related to their innovation, possibly involving chemical reactions or energy principles.
- The image shows a tangible student effort, but its direct relevance to the problem statement ""Battery"" is not evident from the visual alone, especially without the context of the mentioned video."
10990	மக்களுக்கு நேரடியாக நீரைப் பயன்படுத்துவதற்கு மின் மோட்டார் தேவை	Current dc motor.poor people	https://drive.google.com/uc?export=download&id=1wobSsY-5JUejlFDu9gEISTMF70LACIbv	"- The image shows a basic experimental setup for a miniature water pump.
- It features a small DC submersible pump submerged in water, connected via a transparent tube to an empty cup, and powered by a 9V battery held by hands.
- This appears to be a student-made Proof of Concept (POC) or a simple demonstration.
- The student is conveying a fundamental method of moving water using a DC motor, likely highlighting its simplicity and potential for low-cost application.
- The image directly supports the stated problem of needing an electric motor for water use and the proposed solution of using a DC motor, by illustrating a functional, albeit basic, pumping system."
20669	அசுத்தமான தண்ணீரை நல்ல குடிநீராக மாற்றுதல்	நீர் வடிகட்டியின் மூலம் சுத்தமான குடிநீரை பெறுதல்	https://drive.google.com/uc?export=download&id=1rX7MAxr4fihnVqmg7lJu5q4MBg5D1Eyu	"- The image shows a multi-stage water filtration prototype.
- It appears to be a student-made Proof of Concept (POC), constructed from readily available materials like cardboard, plastic cups, and various filtering media.
- The student is conveying a practical demonstration of how dirty water can be purified through a layered filtration process.
- The image strongly supports the stated problem of converting impure water into drinking water and the proposed solution of using a water filter, by visually illustrating the filtration process and its output."
24811	எலக்ட்ரிக் கார்களின் விலை அதிகமாக உள்ளது. சார்ஜ் போடுவதற்கு குறைந்த இடமே உள்ளது. அதிக தூரம் பயணம் செய்ய முடிவதில்லை. வெப்பநிலை இடத்திற்கு இடம் வேறுபடுகிறது.	எலக்ட்ரிக் கார்களை பயன்படுத்துவதால் சுற்றுப்புறம் பாதுகாக்கப்படுகிறது. குறைந்த தூரம் பயணம் செய்பவர்களுக்கு உதவியாக இருக்கும். அதிக வெப்பநிலை உள்ள இடங்களில் பயன்படுத்தலாம் . குளிர் பிரதேசங்களில் தவிர்க்கலாம்.	https://drive.google.com/uc?export=download&id=1ARe7dywFPNKQsKosH0I12nOcU1jFDc9u	"- The image displays a handwritten note in Tamil.
- It appears to be a student-made explanation or elaboration on the topic of electric cars.
- The student is conveying details about the challenges of electric vehicles, such as limited travel distance, insufficient charging infrastructure, and temperature sensitivity, which align with the stated problem. It also mentions the environmental benefit of reduced carbon emissions, supporting the solution, and introduces a potential drawback: increased e-waste.
- The image strongly supports the stated problem by reiterating its core points and provides additional context relevant to the proposed solution's benefits and challenges."
25223	என்னுடைய யோசனை EASY BOARD RUBBING. ஆசிரியர்கள் மற்றும் மாணவர்கள் கரும்பலகையை பக்கத்தில் இருந்து சுத்தம் செய்யும் போது பாதிப்பிற்கு உள்ளாகிறார்கள்.எனவே என்னுடைய யோசனைப் படி கார்களில் உள்ள wiper போல வைத்து கரும்பலகைகளுக்கு அடியில் வைத்து ஒரு switch மூலம் கட்டுப்படுத்த முடியும். இதனால் யாருக்கும் உடல் உபாதைகள் ஏற்படாது.	"என்னுடைய யோசனை EASY BOARD RUBBING. ஆசிரியர்கள் மற்றும் மாணவர்கள் கரும்பலகையை பக்கத்தில் இருந்து சுத்தம் செய்யும் போது பாதிப்பிற்கு உள்ளாகிறார்கள்.எனவே என்னுடைய யோசனைப் படி கார்களில் உள்ள wiper போல வைத்து கரும்பலகைகளுக்கு அடியில் வைத்து ஒரு switch மூலம் கட்டுப்படுத்த முடியும். இதனால் யாருக்கும் உடல் உபாதைகள் ஏற்படாது.
 
 எங்களுடைய தீர்வு நன்றாக வேலை செய்கிறது.
 
 ஆசிரியர்கள் மற்றும் மாணவர்களுக்கு உதவுகிறது."	https://drive.google.com/uc?export=download&id=1MHzpIBeCWuqiAHtQDOeZhVful3Pu7n7S	"- The image shows a hand-drawn diagram illustrating a 'BLACK BOARD' with two wiper-like arms originating from a central pivot point at the bottom.
- This appears to be a student-made conceptual sketch or diagram.
- The student is trying to convey the mechanical design of their 'EASY BOARD RUBBING' solution, showing how the wiper mechanism would operate on a blackboard.
- The image effectively supports the stated solution by visually representing the "
27837	"நாங்கள் ஆய்விற்காக நாமக்கல் மாவட்டம், கொல்லிமலை வட்டம் ,குண்டூர் நாட்டில் உள்ள நத்துக்குழிபட்டி மற்றும் அதனை சுற்றி உள்ள தமிழ்நாடு அரசு, பள்ளி கல்வித்துறையில் உள்ள மலைவாழ் பகுதியில் அமைந்துள்ள பள்ளிகளில் படிக்கும் மாணவர்களிடம் சென்று முதலில் கல்வி மற்றும் அவர்கள் எதிர்கொள்ளும் பிரச்சனைகள் சார்ந்த வினாபட்டியலைக் கொண்டு ஆய்வு மேற்கொண்டோம். அடுத்ததாக , அவர்களின் விடைகளில் இருந்து சில ஆலோசனைகளை பெற்றுக் கொண்டோம்.
 
  ஒவ்வொரு நாளும் அவர்கள் எவ்வகையான பிரச்சனைகளை சந்திக்கிறார்கள் என்பதை அறிந்து கொள்ளும் வகையில் எங்களது ஆய்வு அமைக்கப்பட்டது. மேலும் இந்த ஆய்வின் மூலம் மாணவ, மாணவிகள் ஒவ்வொரு நாளும் தாங்கள் எதிர்கொள்ளும் பிரச்சனைகளை கேட்டறிந்து அதன் மூலம் அவர்களின் பிரச்சனைகளுக்கு தீர்வு காணும் வகையில் எங்களது ஆய்வு மேற்கொள்ளப்பட்டது"	"இதில் மொத்தமாக 32 + விதத்தில் மாணவர்களுக்கு பயன்படும் வகையில் இந்த ப்ராஜெக்ட் வடிவமைக்கப்பட்டுள்ளது. இதை ஏழை எளிய மாணவர்களும் தங்களுக்கு கிடைக்கும் பொருட்களை வைத்துக் கொண்டு தாங்களே மிகக் குறைந்த செலவில் எளிதில் உருவாக்கி கொள்ளும் வகையில் மிக மிக எளிமையாக வடிவமைக்கப்பட்டுள்ளது. 
 
 • 1.WRITING TABLE 
 • 2. EXAM PAD 
 • 3.CHESS BOARD 
 • 4. LEAF FILE PROJECT WORK PURPOSE 
 • 5.IMPORTANTLY FILES FOR CERTIFICATE PURSE 
 • 6. LED LIGHT WITHOUT ELECTRICITY OR LOW LIGHT 
 • 7. SMALL TABLE FAN 
 • 8.VEGETABLE CUTTING PURPOSE 
 • 9.LUNCH TIME DINING TABLE 
 • 10.FIRST AID BOX ETC..
 இதில் மொத்தமாக 32+ விதத்தில் மாணவர்களுக்கு பயன்படும் வகையில் இந்த ப்ராஜெக்ட் வடிவமைக்கப்பட்டுள்ளது.
 இதை ஏழை எளிய மாணவர்களும் தங்களுக்கு கிடைக்கும் பொருட்களை வைத்துக் கொண்டு தாங்களே மிகக் குறைந்த செலவில் எளிதில் உருவாக்கி கொள்ளும் வகையில் மிக மிக எளிமையாக வடிவமைக்கப்பட்டுள்ளது. 
 எதிர்காலத்தில் இவ்வடிவமைப்பில் பல்வேறு நவீன தொழில்நுட்பத்தை புகுத்தி , மெருகேற்றி அரசுப் பள்ளி மாணவர்களுக்கு வழங்கலாம்."	https://drive.google.com/uc?export=download&id=1RBlDnBfpd-fGnW_emdH6lyfJRvGjTdz3	"- The image shows two students presenting a black trolley bag with a label that reads ""SMART SCHOOL BAG FOR KOLLI HILLS SCHOOL STUDENTS"".
- The bag appears to be a standard commercially available trolley bag, repurposed and labeled as a student-made Proof of Concept (POC) for their innovation.
- The students are trying to convey the physical form factor of their 'Smart School Bag' which is designed to offer multiple functionalities (as listed in the solution, e.g., writing table, exam pad, LED light) to students in tribal areas.
- The image supports the proposed solution by showing the central product, the 'Smart School Bag'. However, it only displays the exterior, so the 32+ functionalities mentioned in the solution are not visible or demonstrated in this image."
4328	ആഗോളതാപനം കാരണം ഇന്ന് ജലദൗർലഭ്യമുണ്ട്.എല്ലാവരും പൈപ്പ് വെള്ളത്തെ ആശ്രയിക്കുന്നു.നല്ല കിണറുകളുണ്ടെങ്കിലും മൂടുന്നു.കാരണം കിണർ വൃത്തിയാക്കാൻ സാധിക്കുന്നില്ല.വായു സഞ്ചാരം കുറവായതു കാരണം അപകടമാണ്.ഇതിനാൽ ഗ്രാമീണർ പോലും കിണർ മൂടി പൈപ്പ് ജലത്തെ ആശ്രയിക്കുന്നു.ഇത് ഭാവിയിൽ കിണർ വെള്ളവുമില്ല,പൈപ്പ് വെള്ളവുമില്ല എന്ന സ്ഥിതിയിലെത്തിക്കും.	കിണർ വൃത്തിയാക്കാനായി തൊഴിലാളികൾക്ക് സബ്‍സിഡിയോടെ ഉപയോഗിക്കാവുന്ന ഒരു യന്ത്രം ആണ് ഇത്.ഇതിൽ രണ്ട് റോപ്പും ഒരു മോട്ടോറും ബക്കറ്റും ചെളിയും മാലിന്യവും നീക്കാനായി ഒരു കോരികയും ഉണ്ടായിരിക്കും.കിണർ വെള്ളം മോട്ടോർ അടിച്ച് വറ്റിച്ച ശേഷം കരയിൽ നിന്നു കൊണ്ട് തൊഴിലാളി ഇതിനെ താഴേയ്ക്ക് ഇറക്കുന്നു.യന്ത്രത്തിലെ മോട്ടോർ പ്രവർത്തിപ്പിച്ച് ചെളി കോരുന്നു.തുടർന്ന് കോരികയെ പതുക്കെ യന്ത്രസഹായത്തോടെ ചരിച്ച് അടുത്ത റോപ്പിൽ ഇറക്കുന്ന ബക്കറ്റിലേയ്ക്ക് ഈ ചെളിയും മാലിന്യവും നിക്ഷേപിക്കുന്നു.തുടർന്ന് മോട്ടോർ പ്രവർത്തിപ്പിച്ച് റോപ്പിനെ കരയിലേയ്ക്ക് വലിച്ച് ബക്കറ്റിലെ ചെളി കളഞ്ഞ ശേഷം പ്രവർത്തനം തുടരുന്നു.ഇങ്ങനെ വായു സഞ്ചാരമില്ലാത്ത കിണർ അപകടരഹിതമായി വൃത്തിയാക്കാം.തോടുകളും മറ്റും വൃത്തിയാക്കാനും ഇതുപയോഗിക്കാം.	https://drive.google.com/uc?export=download&id=1GiO5rsfddIM_pUX8tTXpAtyg3LG7qnsx	"- The image displays a student-made cardboard model of a well, decorated with a brick-like pattern.
- Inside the well model, there is a rectangular cardboard block, possibly representing a component of the proposed cleaning machine, and a white fabric strip hanging over the edge.
- This appears to be a student-made Proof of Concept (POC) or a simplified model.
- The student is likely trying to convey the structure of the well and a basic visual of their proposed cleaning device or a part of it within the well.
- The image supports the problem by visually representing a well, which is the core of the issue. It offers a very basic visual aid for the solution but does not clearly illustrate the complex mechanism (motor, two ropes, bucket, tilting scoop) described in the proposed solution."
5518	ഓരോ വീടും, കെട്ടിടവും, ഓഫീസും, വ്യവസായശാലകളും ഓവർഹെഡ് വാട്ടർ ടാങ്കുകൾ ഉപയോഗിക്കുന്നു. ഇവ നിറയ്ക്കാൻ വളരെയധികം ജലം ഉപയോഗിക്കുന്നു. എന്നാൽ മിക്കപ്പോഴും, ടാങ്കിൽ വെള്ളം നിറഞ്ഞതിന് ശേഷം പമ്പ് ഓഫ് ചെയ്യാൻ നമ്മൾ മറക്കുന്നു, അതിനാൽ ടാങ്കറുകളിൽ നിന്ന് വെള്ളം കവിഞ്ഞൊഴുകുകയും വൈദ്യുതി ഉപയോഗം അതിലൂടെ കൂടുകയും ചെയ്യുന്നു.	"*ജലസംഭരണി കവിഞ്ഞൊഴുകുന്നത് വെള്ളം പാഴാകുന്നതിന് കാരണമാകുന്ന ഒരു പ്രശ്നമാണ്. ഈയൊരു വാട്ടർ ഓവർഫ്ലോ അലാറം സ്ഥാപിക്കുന്നത് വഴി വെള്ളം കവിഞ്ഞൊഴുകുന്നതും പാഴായി പോകുന്നതും തടയാൻ സാധിക്കും.
 *water ടാങ്ക്കൽ, നീന്തൽ കുളങ്ങൾ, വ്യവസായിക പ്രക്രിയകൾ, ബേസ്‌മെന്റ്,കാർഷിക ജലസേചന സംവിധാനങ്ങൾ ഇവിടെയെല്ലാം നമുക്കിത് ഉപയോഗപ്പെടുത്താവുന്നതാണ്.
 * എളുപ്പത്തിൽ സ്ഥാപിക്കാനും ചിലവ് കുറഞ്ഞതും സുരക്ഷിതവും ആണ് ഇത്.
 * വൈദ്യുതിയും ലാഭിക്കാൻ നമ്മളെ സഹായിക്കും.
 *audio visual alert നൽകുന്നു"	https://drive.google.com/uc?export=download&id=12_kdipZolmsRC5S2x0aXoua7wHab19CW	"- The image shows a student-made model of a house, likely constructed from cardboard, painted purple with an orange and pink roof.
- A clear plastic bottle is placed on top of the house model, representing an overhead water tank.
- This appears to be a student-made Proof of Concept (POC) or a visual aid.
- The student is likely using this model to illustrate the typical setting (a house with an overhead tank) where their proposed water overflow alarm would be installed.
- The image effectively depicts the context of the problem (water tanks in houses) but does not show the actual water overflow alarm or any of its components. The image quality is low and pixelated."
6543	"സ്കൂളുകളിൽ വ്യത്യസ്ത തരത്തിലുള്ള മാലിന്യങ്ങളുടെ ശെരിയായ രീതിയിലുള്ള നിർമാർജനം നടക്കുന്നില്ല .ഇതുകൊണ്ട് തന്നെ സ്കൂളുകളിലും സ്കൂളിൻ്റെ പരിസര പ്രദേശങ്ങളിൽ ഉള്ള മാലിന്യങ്ങൾ ക്രമാതീതമായി വർദ്ധിക്കുന്നു .ഇത് എല്ലാ സ്‌കൂളുകളിലും പൊതുവായി കണ്ടുവരുന്ന പ്രശ്‌നമാണ്. എന്തെന്നാൻ സ്‌കൂളുകളിൽ വ്യത്യസ്‌തതരത്തിലുള്ള മാലിന്യ സംസ്ക്‌കരണം നടക്കുന്നില്ല, മാലിന്യങ്ങളുടെ തോത് പോകെ പോകെ വർധിച്ചു വരുന്നു.
 
 * പ്ലാസ്റ്റിക് മാലിന്യങ്ങൾ
 
 •പേപ്പർ മാലിന്യങ്ങൾ
 
 •ഭക്ഷ്യ മാലിന്യങ്ങൾ
 
 •ചോക്ക് പൊട്ടുകൾ 
 
 •റബ്ബർ മാലിന്യങ്ങൾ
 
 •ഇരുമ്പ് മാലിന്യങ്ങൾ
 
 •തുണിത്തര മാലിന്യങ്ങൾ
 
 •സെറാമിക് മാലിന്യങ്ങൾ
 
 ഇത്തരത്തിലുള്ള മാലിന്യങ്ങളാണ് സ്കൂളുകളിൽ പ്രധാനമായി കണ്ടുവരുന്നത്.ഇത്തരത്തിലുള്ള മാലിന്യങ്ങളുടെ അമിധമായ വർധനവ് സ്കൂളിൻ്റെ പരിസ്ഥിതിയെയും കുട്ടികളുടെ ആരോഗ്യത്തെയും പ്രതികൂലമായി ബാധിക്കുന്നു അതുകൂടാതെ നമ്മുടെ സമൂഹത്തെയും ബാധിക്കുന്നു.
 വ്യത്യസ്ത മാലിന്യങ്ങൾ സ്കൂളുകളിൽ കൂട്ടിയിട്ട് കത്തിക്കുന്നതുകൊണ്ട് പ്രകൃതിക്ക് ദോഷമുണ്ടാക്കുന്നു"	"ഞങ്ങൾ ഈ ആശയം കണ്ടെത്തിയത് പ്രാധാനമായും സ്കൂളുകളിലെ മാലിന്യങ്ങളുടെ അളവ് കുറക്കുന്നതിനു വേണ്ടിയാണ് .സ്കൂളുകളിൽ നിന്ന് ലഭിക്കുന്ന വ്യത്യസ്ത തരത്തിലുള്ള മാലിന്യങ്ങളെ നമുക്കുപയോഗമുള്ള രീതിയിൽ മാടിയെടുക്കുന്നതാണ് ഞങൾ അവതരിപ്പിക്കുന്ന ഈ ആശയം.ഉദാഹരണത്തിന് സ്കൂളുകളിൽ നിന്നും ലഭിക്കുന്ന റബ്ബർ മാലിന്യങ്ങളെ നമുക്ക് ഇന്ധനമാക്കി മാറ്റാൻ കഴിയുംഈ ഇന്ധനം വിൽക്കുന്നതു വഴി നമുക്ക് നല്ലൊരു വരുമാന മാർഗ്ഗം കണ്ടെത്താനാവും.നമ്മുടെ സമൂഹത്തെ മാലിന്യ വിമുക്തമാക്കാനും കഴിയും.സ്കൂളിലെ കുട്ടികളും അധ്യാപകരും അതുപോലെ മറ്റുള്ളവരുമാണ് ഈ പ്രശ്നം നേരിടുന്നത്.പ്ലാസ്റ്റിക് മാലിന്യങ്ങൾ ശേഖരിച്ച് പുതിയ ഉൽപന്നങ്ങൾ ആക്കുന്നു.ഈ ഉൽപ്പന്നങ്ങൾ ഒരു വെബ്സൈറ്റ് വഴി വിൽക്കുന്നത്തിലൂടെ നമുക്ക് ഒരു വരുമാന മാർഗം ലഭിക്കുന്ന ഇതിലൂടെ തന്നെ നമ്മുടെ രാജ്യത്തിൻ്റെ വരുമാനം വർധിപ്പിക്കാനും സാധിക്കുന്നു .അതുകൂടാതെ നമ്മുടെ സമൂഹത്തിലെ മാലിന്യങ്ങൾ നിർമാർജനം ചെയ്യുവാനും സാധിക്കും.
 അതുപോലെത്തന്നെ,
  അതുപോലെ തന്നെ നമ്മുടെ രാജ്യത്തിൻ്റെ വികസന പ്രവർത്തനങ്ങളിൽ പങ്കാളികൾ ആവാനും സാധിക്കുന്നതാണ്"	https://drive.google.com/uc?export=download&id=1qO_DR7vWN0qeyI9fM1KAJEQYJg4fRnAG	"- The image is a hand-drawn flowchart illustrating a waste management and income generation model.
- It appears to be a student-made diagram or sketch.
- The student is conveying the process of segregating different types of waste (plastic, food, paper, rubber), subjecting them to a 'Recycling Process' using 'Recyclic machines', creating 'Recycled products', and then 'Selling' these products 'Using website' to generate 'Income'.
- The image strongly supports the stated problem and solution by visually outlining the proposed workflow for waste collection, recycling, product creation, and the monetization aspect mentioned in the solution."
7603	കുട്ടികളിൽ കണ്ടെത്തിയ പോഷകാഹാര അപര്യാപ്തത	"ബോധവത്കരണം - പോഷകാഹാരത്തിന്റെ ആവശ്യകതയും . അപര്യാപ്തത മൂലമുണ്ടാകുന്ന രോഗങ്ങളെ കുറിച്ച് ബോധവത്കരണം
 സമീകൃതാഹാര വിതരണം
 ആഴ്ച്ചയിൽ ഒരു ദിവസം Happy dishes ആചരണം
 കുട്ടികൾ വീട്ടിൽ നിന്നും ഉണ്ടാക്കിയ പോഷക സമൃദ്ധമായ ഭക്ഷണങ്ങൾ സ്കൂളിൽ കൊണ്ടുവന്ന് അധ്യാപകരുടെ നേതൃത്വത്തിൽ കഴിക്കുന്നു അധ്യാപകരും അതിൽ പങ്കാളികളാകുന്നു"	https://drive.google.com/uc?export=download&id=1BV-PkJkGovEOsTzHEhYk2npUbIvSYtN-	"- The image shows several students, likely in a school setting, gathered around a table with various food containers and some papers.
- It appears to be a student-made activity or event, possibly a demonstration or implementation of their solution.
- The student is trying to convey the practical application of their solution, specifically the 'Happy dishes' initiative or the concept of students bringing nutritious food from home to school.
- The image directly supports the proposed solution by visually demonstrating students participating in a food-related activity aimed at promoting better nutrition."
8240	ഞങ്ങൾ ഒരു ഫാനോടുകൂടിയ എമർജൻസിയുടെ പ്രോട്ടോടൈപ്പ് ആണ് നിർമിച്ചത്. കറണ്ട് പോകുമ്പോൾ നമ്മുടെ ആൾക്കാർ സാധാരണയായി ഉപയോഗിക്കുന്ന ഒന്നാണ് എമർജൻസി. ഇപ്പോഴത്തെ കാലാവസ്ഥയുടെ ഒരു പ്രത്യേകത ഭയങ്കര ചൂടാണ്. കറണ്ടില്ലാത്തപ്പോൾ എമർജൻസി യുടെ സഹായത്തോടെ നമ്മുക്ക് അത്യാവശ്യം ജോലികളും പഠനവുമൊക്കെ സാധിക്കും. എന്നാൽ അന്തരീക്ഷത്തിൽ ചൂട് കൂടുതലായതുകൊണ്ട് നമ്മൾ വിയർക്കാൻ തുടങ്ങും. ഇത് പ്രവർത്തിച്ചെയ്യുന്നതിനു പ്രതികൂലമായി ബാധിക്കും. ഇത് ഒഴിവാക്കാനാണ് എമർജൻസി ലൈറ്റ് with ഫാൻ എന്ന ഒരു ഐഡിയ ഞങ്ങൾ മുന്നോട്ടു വയ്ക്കുന്നത്. ലൈറ്റും ഫാനും രണ്ടു വ്യത്യസ്ത സ്വിച്ചിൽ ക്രമീകരിച്ചിരിക്കുന്നതുകൊണ്ട്നമ്മുക്ക് ആവശ്യമുള്ളപ്പോൾ മാത്രം ഫാൻ ഉപയോഗിച്ചാൽ മതി.. ഇത്‌ എനർജി ലഭിക്കാൻ സാധിക്കും. ഇത്തരം ഒരു ഉപകരണം വികസിച്ചുവന്നാൽ അത് ജനങ്ങൾക്ക് വളരെ ഉപകാരപ്പെടും.	ഞങ്ങളുടെ ജീവിതത്തിൽ ഉള്ള ഒരു പ്രശ്നമായിരുന്നു ഇത്. ഇതിനു എന്ത് പരിഹാരമണുള്ളതെന്നു ഞങ്ങൾ ആലോചിച്ചു. അതിനായ് ഞങ്ങൾക്ക് തോന്നിയ ഐഡിയ ഉപയോഗിച്ച് അതിന്റെ ഒരു പ്രോട്ടോടൈപ്പ് നിർമിച്ചു. ഇതിന്റെ നിർമാണത്തിന് ഞങ്ങളുടെ പേരെന്റ്സും ടീച്ചറും സഹായിച്ചു. ഇത് പ്രവർത്തിക്കുന്നത് സാധാരണ എമർജൻസി പോലെ തന്നെ. എന്നാൽ ലൈറ്റ് കൊടുത്തിരിക്കുന്നതിന്റെ മറുവശത്തായി ഒരു ചെറിയ ഫാൻ കൂടി കണക്ട് ചെയ്യുന്നു. ഇവയെ വ്യത്യസ്ത സ്വിച്ച് കൊണ്ട് ബന്ധിപ്പിക്കുന്നു. കറണ്ട് പോകുമ്പോൾ ലൈറ്റ്നോടൊപ്പോം ഫാൻ കൂടി വർക്ക്‌ ചെയ്യിക്കാം. ഇത് മൂലം നമ്മുക്ക് കംഫോർട്ട് ആയി ജോലിചയ്യാനും പഠിക്കാനും സാധിക്കും. ഇത് വികസിച്ചെടുത്താൽ ജനങ്ങൾക്ക് വളരെ ഉപകാരപ്പെടും.	https://drive.google.com/uc?export=download&id=1zoTY20xqYjuph8ig7YdQ7jAte7P7siyM	"- The image shows a student-made prototype of an emergency light with an integrated fan.
- It appears to be a student-made Proof of Concept (POC) using repurposed materials like plastic bottles and a clear container for circuitry.
- The prototype consists of a power source/circuitry in a clear box, connected to a vertical structure featuring illuminated LED lights and a small, spinning fan.
- The student is conveying that they have successfully built a working model that provides both light and air circulation.
- The image strongly supports the stated problem of discomfort during power outages due to heat and the proposed solution of combining an emergency light with a fan."
9064	കാലാവസ്ഥാ വ്യതിയാനം, പാരിസ്ഥിതിക തകർച്ച, ഫോസിൽ ഇന്ധന സ്രോതസ്സുകളുടെ ശോഷണം എന്നിവയാൽ നയിക്കപ്പെടുന്ന അഭൂതപൂർവമായ ഊർജ്ജ പ്രതിസന്ധിയാണ് ലോകം അഭിമുഖീകരിക്കുന്നത്. ആഗോള ഊർജ്ജ ആവശ്യകതകൾ വർദ്ധിച്ചുകൊണ്ടിരിക്കുന്നതിനാൽ, സുസ്ഥിരവും പുനരുപയോഗിക്കാവുന്നതുമായ ഊർജ്ജ സ്രോതസ്സുകളിലേക്ക് മാറേണ്ടത് അനിവാര്യമായിരിക്കുന്നു.	"""ഊർജ്ജത്തിൻ്റെ ഭാവി പുനഃസ്ഥാപിക്കുക"" പദ്ധതി ലക്ഷ്യമിടുന്നത് സുസ്ഥിരവും തുല്യവും ഊർജ്ജ-സുരക്ഷിതവുമായ ഭാവിയിലേക്ക് മാറുന്നതിനുള്ള നൂതനമായ പരിഹാരങ്ങൾ പര്യവേക്ഷണം ചെയ്യുകയണ്.
  1. സോളാർ വിൻഡോകൾ: വീടുകൾക്കും സ്‌കൂളുകൾക്കും വേണ്ടിയുള്ള സൗരോർജ ജാലകങ്ങൾ 
  2. കാറ്റ് ടർബൈനുകൾ: വീട്ടുമുറ്റത്ത് സ്ഥാപിക്കുന്നതിനുള്ള ചെറുകിട ടർബൈനുകൾ.
 *ഇത് എങ്ങനെ പ്രവർത്തിക്കുന്നു
  1. പുനരുപയോഗ ഊർജ്ജ സ്രോതസ്സുകൾ വൈദ്യുതി ഉത്പാദിപ്പിക്കുന്നു.
  2. സ്മാർട്ട് ഗ്രിഡുകൾ ഊർജ്ജ വിഹിതം കൈകാര്യം ചെയ്യുന്നു.
  4. സാമൂഹിക ഇടപെടൽ ഊർജ്ജ സംരക്ഷണം പ്രോത്സാഹിപ്പിക്കുന്നു.
  *ആരെയാണ് സഹായിക്കുന്നത്:*
 1. പ്രാദേശിക കമ്മ്യൂണിറ്റികൾ: വിശ്വസനീയമായ, ശുദ്ധമായ ഊർജ്ജ പ്രവേശനം.
  2. പരിസ്ഥിതി: ഹരിതഗൃഹ വാതക ഉദ്‌വമനം കുറച്ചു.
  3. ഭാവി തലമുറകൾ: സുസ്ഥിര ഊർജ്ജ പാരമ്പര്യം.
  *പ്രയോജനങ്ങൾ:*
 1. പുനരുൽപ്പാദിപ്പിക്കാവുന്ന ഊർജ്ജ സ്രോതസ്സ്
  2. കുറഞ്ഞ ഊർജ്ജ ബില്ലുകൾ
  3. തൊഴിൽ സൃഷ്ടിക്കൽ"	https://drive.google.com/uc?export=download&id=1DO3U9km34IEnn7sFKh36nAFcDWJZc1ZT	"- The image shows a student-made model depicting a community powered by renewable energy.
- It features a house with a solar panel on its roof and a small wind turbine, both representing energy generation.
- The model includes streetlights that appear to be illuminated, suggesting the use of generated power for community infrastructure.
- This appears to be a student-made Proof of Concept (POC) or illustrative model.
- The student is conveying their vision of integrating solar and wind energy solutions into homes and local communities.
- The image directly supports the proposed solution's focus on solar energy for homes/schools and small-scale wind turbines as a response to the energy crisis."
9327	എല്ലാവിഷയങ്ങളിലും ചെറിയ ക്ലാസ്സ്‌ മുതൽ തന്നെ പ്രയാസമേറിയതും കൺഫ്യൂഷൻ ഉണ്ടാക്കുന്നതുമായ ധാരാളം പാഠഭാഗങ്ങൾ ഉണ്ട്.	ബുദ്ധിമുട്ടുള്ള പാഠഭാഗങ്ങൾ പഠിക്കുന്നതിനുവേണ്ടിയാണ് ഇങ്ങനെയൊരു മോഡൽ രൂപകല്പന ചെയ്തത്.. ഇത് നിർമ്മിക്കുന്നതിനുവേണ്ടി രണ്ട് തുല്യ ആകൃതിയുള്ള കാർഡ് ബോർഡ്, കേബിൾ, ബാറ്ററി, ബസർ സ്ക്രൂ കണക്ട് ചെയ്ത രണ്ട് പേനയുടെ ബോഡിയും, ചാർട്ട് പേപ്പർ, പഠിക്കേണ്ട പാഠഭാഗത്തിന്റെ വലിപ്പമുള്ള ചിത്രവും ആവശ്യമുണ്ട്. കാർഡ് ബോർഡിന് മുകളിൽ വൈറ്റ് ചാർട്ട് പേപ്പർ ഒട്ടിക്കുക. ആദ്യത്തെ കാർഡ്ബോർഡിൽ ചോദ്യവലികൾ എഴുതിയൊട്ടിക്കണം ഓരോ ചോദ്യത്തിലും ഓരോ ചെറിയ സ്ക്രൂ കണക്ട് ചെയ്യണം അടുത്ത കാർഡ്ബോർഡിൽ പഠിക്കേണ്ട ഭാഗം ഒട്ടിക്കണം. അതിനുശേഷം കേബിൾ ഉപയോഗിച്ച് കണക്ട് ചെയ്യുക.. രണ്ടു പേനയുടെ ബോഡിയിലും ഓരോ സ്ക്രൂ വീതം കണക്ട് ചെയ്യുക.കാർഡ് ബോർഡിന്റെ മറുവശത്ത് ബാറ്ററിയും ബസ്സറും കണക്ട് ചെയ്യണം സ്ക്രൂ ഉള്ള പേനയുടെ ബോഡി കൊണ്ടാണ് ചോദ്യവും ഉത്തരവും തമ്മിൽ ടച്ച്‌ ചെയ്യുന്നത്.ഉത്തരം ശരിയാണെങ്കിൽ ബസറിൽ നിന്ന് ശബ്ദം വരും. തെറ്റാണെങ്കിൽ ശബ്ദം കേൾക്കില്ല. ഇങ്ങനെ നമ്മുക്ക് വളരെ രസകരമായി പഠിക്കാം.	https://drive.google.com/uc?export=download&id=1OcW5h5ZZyO62OxooffsQWCoJ9_IbmrjD	"- The image displays a student-made prototype of an interactive learning model.
- It features two main parts: a question board on the right with handwritten questions about human anatomy (e.g., ""Which is skeleton?"") and an answer board on the left with a printed chart titled ""THE HUMAN BODY"" showing diagrams of various body parts and organs.
- Small screws are visible next to each question and each diagram, indicating connection points for an electrical circuit.
- A hand is seen pointing a pen-like object towards the answer board, demonstrating the intended interaction.
- The student is conveying the physical design and interactive nature of their proposed solution for making difficult topics, such as human anatomy, engaging and easier to learn.
- The image directly supports the stated problem and solution by showing a tangible example of the 'question and answer' model with a buzzer mechanism (though the buzzer itself is not visible, the connection points are), designed to make learning fun and interactive."
9638	വർധിച്ചു വരുന്ന ഗതാഗത കുരുക്ക്, തൊഴിലാളികളുടെ ലഭ്യത കുറവ് മൂലം മാലിന്യ നീക്കം ദുഷ്കരമാകുന്ന ഈ കാലത്ത് പൊതുജങ്ങളുടെ ജീവിതത്തെ ബാധിക്കാതെ ഉള്ള മാലിന്യ സംഭരണവും അവയുടെ സംസ്കരണ സ്ഥലത്തേക്ക് ഉള്ള സുഗമമായ കൈമാറ്റവും ഭൂഗർഭാന്തര സംവിധാനങ്ങളിലൂടെ ഈ ആശയം എങ്ങനെ പ്രാവർത്തികമാക്കാം.	വീടുകളിൽ നിന്നും ഫ്ലാറ്റുകളിൽ നിന്നും ശേഖരിച്ച മാലിന്യം പ്രത്യേകം തയ്യാറാക്കിയ മാലിന്യ പെട്ടിയിൽ നിക്ഷേപിച്ചു കഴിഞ്ഞാൽ ഒരു നിശ്ചിത അളവ് മാലിന്യമാകുമ്പോൾ പെട്ടിയുടെ അടിയിലെ വാൽവ് തുറക്കുകയും മർദ്ദം കുറഞ്ഞ പൈപ്പ് വ്യൂഹത്തിലേക്ക് മാലിന്യം സ്വയം കൈമാറ്റം ചെയ്യപ്പെടുകയും ചെയ്യുന്നു. മാലിന്യം മർദ്ദ വ്യത്യാസത്തിൽ പൈപ്പിലൂടെ അടുത്തുള്ള മാലിന്യ ശേഖരണ സ്ഥലത്ത് എത്തുകയും അവിടെ വേർതിരിക്കലും പുനചക്രമണവും സാധ്യമാവുകയും ചെയ്യും. മേൽ പ്രവർത്തി പൂർണ്ണമായും ഓട്ടോമാറ്റിക് ആയതിനാൽ മാലിന്യം ഒരു സ്ഥലത്ത് കെട്ടിക്കിടക്കുന്ന പ്രശ്നം ഉണ്ടാകുകയോ മാലിന്യം റോഡിലൂടെ ട്രാഫിക് ബുദ്ധിമുട്ട് ഉണ്ടാക്കി ദൂരേക്ക് കൊണ്ടുപോകേണ്ടി വരുകയോ ചെയ്യുന്നില്ല.	https://drive.google.com/uc?export=download&id=1I7J6GKYuawoMKgJBH6r2f1XEyTtaA_PR	"- The image shows a student presenting a physical model of an urban waste management system.
- It appears to be a student-made Proof of Concept (POC) model.
- The model features a multi-story building structure with a vertical chute, connected to an underground pipe system leading to collection points.
- The student is conveying how waste can be collected from buildings and transferred through a subterranean network to a central collection site.
- The image effectively supports the proposed solution by visually representing the concept of underground waste transfer from residential units, addressing the problem of visible waste and traffic disruption."
10250	"EV യുടെ ചാർജ് പെട്ടന്ന് തീരുന്നതിനുള്ള പരിഹാരം
 ചാർജ് പെട്ടെന്ന് തീരുന്നു.അത്യാവശ്യ സാഹചര്യങ്ങളിൽ യാത്ര ചെയ്യുമ്പോൾ വാഹനം ഇടയിൽ നിൽക്കുന്നതിന് പരിഹാരമായി വാഹനത്തിൻറെ മോട്ടോറിൽ നിന്ന് ബെൽറ്റ് വഴി മറ്റൊരു മോട്ടോറിലേക്ക് കണക്ട് ചെയ്യുക.അതിൻറെ ഔട്ട്പുട്ട് DC യിലൂടെ ചാർജ് പോയിന്റുമായി ബന്ധിപ്പിക്കുക. അപ്പോൾ വാഹനം ഓടുന്ന സമയത്ത് കാറ്റിൻ്റെ ശക്തികൊണ്ട് വാഹനം ചാർജ് നിറയുന്നതാണ്."	"EV യുടെ ചാർജ് പെട്ടന്ന് തീരുന്നതിനുള്ള പരിഹാരം
 ചാർജ് പെട്ടെന്ന് തീരുന്നു.അത്യാവശ്യ സാഹചര്യങ്ങളിൽ യാത്ര ചെയ്യുമ്പോൾ വാഹനം ഇടയിൽ നിൽക്കുന്നതിന് പരിഹാരമായി വാഹനത്തിൻറെ മോട്ടോറിൽ നിന്ന് ബെൽറ്റ് വഴി മറ്റൊരു മോട്ടോറിലേക്ക് കണക്ട് ചെയ്യുക.അതിൻറെ ഔട്ട്പുട്ട് DC യിലൂടെ ചാർജ് പോയിന്റുമായി ബന്ധിപ്പിക്കുക. അപ്പോൾ വാഹനം ഓടുന്ന സമയത്ത് കാറ്റിൻ്റെ ശക്തികൊണ്ട് വാഹനം ചാർജ് നിറയുന്നതാണ്."	https://drive.google.com/uc?export=download&id=1G9WFBg0zX6QN1L0KLkVM9SF4Oezl7r3e	"- The image shows a small, four-wheeled prototype vehicle with various electronic components mounted on a white base.
- Visible components include a microcontroller (likely an Arduino Nano or similar), a motor driver module, a battery pack (containing two 18650 cells), and connecting wires. Several components have illuminated red indicator lights.
- This appears to be a student-made Proof of Concept (POC) or a basic robotic car assembly.
- The student is likely trying to convey a foundational model of an electric vehicle or a platform on which their solution would be implemented.
- While the image represents a basic EV model with power and control, it does not visibly demonstrate the core mechanism of the proposed solution, which involves a second motor connected via a belt for regenerative charging from wind power."
10358	"നഗരങ്ങളിൽ ആണ് ഏറ്റവും കൂടുതൽ മാലിന്യ പ്രശ്നം രൂക്ഷമായി കാണുന്നത് . ഇന്ന് പല നഗരങ്ങളും നേരിടുന്ന ഏറ്റവും വലിയ പ്രശ്നമാണ് മാലിന്യ പ്രശ്നം. 
 ജനസംഖ്യാ വർധനവും വ്യവസായ ശാലകളുടെ വർധനവും മാലിന്യ പ്രശ്നം ഭാവിയിലും കൂട്ടുകയേ ഉള്ളൂ. ഇതിന് ഒരു ശാശ്വത പരിഹാരം ശരിയായ രീതിയിൽ മാലിന്യ സംസ്കരണമാണ്."	"നഗരങ്ങൾ കേന്ദ്രീകരിച്ച് പ്ലാസ്റ്റിക് മലിനീകരണവും ്്ജലദൗർലഭ്യവും കൂടുതലാണ്. പ്ലാസ്റ്റിക് സംസ്കരണം ശരിയായ രീതിയിൽ നടക്കുന്നത് നഗരത്തെ വൃത്തിയാക്കി വെക്കാൻ സഹായിക്കുന്നു. 
  1. ഫ്ളാറ്റുകൾ കേന്ദ്രീകരിച്ച് സോളാർ എനർജി ഉപയോഗിക്കുന്നത് 
 2. വാട്ടർ റീ യൂസ് ചെയ്യുന്നത്
 3. പ്ലാസ്റ്റിക് മാലിന്യം ശുദ്ധീകരിച്ച് വ്യവസ്ഥയ ശാലകൾക്ക് നൽകുന്നത്"	https://drive.google.com/uc?export=download&id=16mPCHZgz46rcB_7uihPg65Escyr3gMDL	"- The image displays a student-made model or prototype of a 'Clean City' concept.
- It appears to be a student-made Proof of Concept (POC) constructed from various craft materials.
- The student is trying to convey an integrated urban management system that addresses waste, water, and energy.
- The model includes buildings with solar panels (supporting solar energy use), structures labeled for water treatment/reuse, and units for waste processing (supporting plastic waste management).
- The image directly supports all three points of the proposed solution: solar energy in flats, water reuse, and plastic waste processing for industries, as a solution to urban waste problems."
10511	അധിനിവേശ സസ്യങ്ങളുടെ സാന്നിധ്യം കണ്ടെത്തുക അവമൂലം ഉണ്ടാകുന്ന പാരിസ്ഥിതിക പ്രശ്നങ്ങൾക്ക് പരിഹാരം കണ്ടെത്തുക.	"അധിനിവേശ സസ്യങ്ങൾ ബയോമാസ്സ് ആയതിനാൽ. നശിപ്പിച്ചു കളയുന്നതിനേക്കാൾ അവിയിൽ നിന്ന് പ്രകൃതി ദത്ത നാരുകൾ എടുത്ത് പ്രോഡക്ടസ് ആക്കി മാറ്റാം. ബ്രഷ്, മാറ്റുകൾ, ബാഗുകൾ,കര കൗശല വസ്തുക്കൾ എന്നിവ നിർമ്മിക്കാം. 
 ജൈവ വളം നിർമിക്കാൻ ഉപയോഗിക്കാം. 
 പുതയിടാൻ ഉപയോഗിക്കാം. 
 അധിനിവേശ സ്വഭാവം കാർഷിക വിളകളുടെ വിത്തുകളിലേക്ക് എത്തിക്കാൻ ആയാൽ ( ജീനോമിക് ലെവൽ ). കാർഷിക രംഗത്ത് വിളവ് കൂടും. 
 . നിയന്ത്രിത ഉപയോഗം കൃഷി സ്ഥല ലഭ്യത കൂട്ടാൻ സഹായിക്കും."	https://drive.google.com/uc?export=download&id=1xnCjchopAv2cWssiEdO04inRiJ1BGXSx	"- The image shows two students presenting small craft items made from what appear to be dried plant stems or fibers.
- These items include a small structural model, bundled stems, and a star-shaped craft.
- The objects appear to be student-made prototypes or examples of handicrafts.
- The students are likely trying to convey the potential for creating products from invasive plant biomass.
- The image supports the proposed solution of utilizing invasive plants to make handicrafts and other products."
10533	മോട്ടറിടാത്ത ഒരു ദിവസവും നമ്മുടെ ജീവീതത്തിൽ കടന്നുപോകാറില്ല. എന്നാൽ മാസവും നല്ല രീതിയിലുള്ള കരന്റുമ്പില്ലും നമ്മൾ അഭിമുഗീകരിക്കാറുണ്ട്. എന്നാൽ വീടുകളിൽ സോളാർപേനലുകൾ വെക്കൽ വലിയ രീതിയിൽ പൈസ ചിലാവാകും. ഇത് ഒരു പ്രശ്നം തന്നെ	ട്ടാഗിയിലേക് വെള്ളം ചാടുബോൾ ജനറേറ്റർ കറങ്ങുകയും തുടർന്ന് ജനറേറ്റർ കുരന്റ് ഉൽപാതിപ്പി ചെയ്യുന്നു. ഈ കരന്റ് ഇൻവേറ്ററിലെതുകയും ചെയ്യുന്നു. ഈ കരന്റ് നമ്മുക്ക് ആവശ്യമുള്ളപോൾ ഉപയോഗിക്കുകയും ചെയ്യാം. ഇതിലൂടെ ഒരു വിദം കരന്റുമ്പില്ലിനെ നമുക്ക് നിയന്ത്രിക്കാൻ കഴിയും. ഇത് കൂടുതലും വിടകൾക്കും പിന്നെ സ്കൂളുകൾക്കും പിന്നെ ഹോസ്പിറ്റിലലുകൾക്കുമാണ് ഉപകാരപെടുക.	https://drive.google.com/uc?export=download&id=1ScBksl992flRB3F_nj239JrldLKGEGU5	"- The image displays a student-made prototype demonstrating electricity generation from falling water.
- A hose held by a hand directs water onto a small turbine connected to a DC motor, which acts as a generator.
- Wires connect this generator to a small, lantern-like object with an LED strip, possibly indicating power output or acting as a load.
- The student is conveying the basic principle of their proposed solution: utilizing the kinetic energy of falling water to produce electricity.
- The image supports the stated solution by visually representing a small-scale hydroelectric setup, illustrating the core concept of generating power from water to potentially reduce electricity bills."
10966	ഇന്ന് വികസനവുമായി ബന്ധപ്പെട്ട് നമ്മുടെ രാജ്യത്ത് ആറ് വരി ഹൈവേ ലൈനുകൾ കൂടി കൂടി വരികയാണ് .മുഴുവൻ സമയങ്ങളിലും വാഹനങ്ങൾ നിരന്തരം ഓടിക്കൊണ്ടിരിക്കുന്നു .ഊർജ പ്രതിസന്ധി എന്ന് നാം നിരന്തരം കേട്ട് കൊണ്ടിരിക്കുന്ന പ്രധാന പ്രശ്നമാണ് . ഈ വികസന പ്രവർത്തനത്തോടൊപ്പം ഊർജ പ്രതിസന്ധിക്ക് ഒരു പരിഹാരവും കൂടി കൊണ്ടുവരിക എന്നതാണ് ഞങ്ങളുടെ ആശയം.ഊർജത്തിന്റെ ആവശ്യകത വര്ധിക്കാനിടയായ സാഹചര്യങ്ങളിൽ പ്രധാനപ്പെട്ട ഒന്നാണ് ജനസംഖ്യ വർദ്ധനവ് .ഇതു ഊർജ ഉപഭോഗത്തെ വലിയതരത്തിൽ ബാധിക്കുന്നു .ഊർജത്തിന്റെ ആവശ്യത്തിലുള്ള വർധനവും ലഭ്യതയിലുള്ള കുറവുമാണ് ഊർജ്ജപ്രതിസന്ധി .പാരമ്പര്യേതര ഊർജസ്രോതസ്സുകൾ ഉപയോഗപ്പെടുത്തി നമുക്ക് ഇതു ഒരു പരിധിവരെ പരിഹരിക്കാം.	സ്വയം പര്യാപ്ത ഹൈവേലൈന്‍ വഴി മൂന്നു രീതിയില്‍ വൈദ്യുതി നിര്‍മിക്കാന്‍ കഴിയുന്നു. ഹൈവേയുടെ ഒരു സൈഡില്‍ ക്രമീകരിച്ചിരിക്കുന്ന സോളാര്‍ പാനലുകള്‍ വഴി വൈദ്യുതി നിര്‍മ്മിക്കാന്‍ കഴിയുന്നു. വാഹനങ്ങള്‍ 50 km/hr വേഗതയില്‍ പോകുമ്പോള്‍ ലഭ്യമാകുന്ന കാറ്റില്‍ നിന്ന് വൈദ്യുതി ഉണ്ടാക്കാനുള്ള horizontal axis wind turbine രണ്ട് ഹൈവേ ലൈനിനു മധ്യത്തില്‍ ക്രമീകരിച്ചിരിക്കുന്നു. മൂന്നാമതായി പീസോ ഇലക്ട്രിസിറ്റിയും നിര്‍മ്മിക്കാം. വസ്തുക്കളെ അമര്‍ത്തുന്നതിലൂടെയുള്ള മര്‍ദ്ദത്തില്‍ നിന്നും വൈദ്യുതി നിര്‍മിക്കുന്നതാണ് പീസോ ഇലക്ട്രിസിറ്റി. റോഡിന് 5 cm താഴെയായി പീസോ ഇലക്ട്രിക് ഘടകങ്ങള്‍ ക്രമീകരിക്കുന്നതിനാല്‍ പീസോ ഇലക്ട്രിസിറ്റിയും നിര്‍മ്മിക്കാവുന്നതാണ്.	https://drive.google.com/uc?export=download&id=1ORXsr2QYAUqvK2WkME_SqjtTHjwMQlx_	"- The image displays a student-made physical model of a multi-lane highway.
- It appears to be a student-made Proof of Concept (POC) model.
- The student is trying to convey their 'self-sufficient highway line' concept, showing integrated energy generation.
- The model features solar panels arranged along one side of the highway and what appear to be vertical axis wind turbines (VAWTs) in the median between the lanes.
- The image supports the proposed solution by visually representing the integration of solar and wind energy generation along a highway.
- Piezoelectric components are not visible, as they are described as being embedded within the road."
